season,round,race_name,event_date,country,location,circuit,driver_id,driver_code,driver_number,driver,constructor,grid,finish_position,classified_position,status,points,podium,points_finish
2020,1,Austrian Grand Prix,2020-07-05,Austria,Spielberg,Red Bull Ring,bottas,BOT,77,Valtteri Bottas,Mercedes,1,1,1,Finished,25.0,1,1
2020,1,Austrian Grand Prix,2020-07-05,Austria,Spielberg,Red Bull Ring,leclerc,LEC,16,Charles Leclerc,Ferrari,7,2,2,Finished,18.0,1,1
2020,1,Austrian Grand Prix,2020-07-05,Austria,Spielberg,Red Bull Ring,norris,NOR,4,Lando Norris,McLaren,3,3,3,Finished,16.0,1,1
2020,1,Austrian Grand Prix,2020-07-05,Austria,Spielberg,Red Bull Ring,hamilton,HAM,44,Lewis Hamilton,Mercedes,5,4,4,Finished,12.0,0,1
2020,1,Austrian Grand Prix,2020-07-05,Austria,Spielberg,Red Bull Ring,sainz,SAI,55,Carlos Sainz,McLaren,8,5,5,Finished,10.0,0,1
2020,1,Austrian Grand Prix,2020-07-05,Austria,Spielberg,Red Bull Ring,perez,PER,11,Sergio Pérez,Racing Point,6,6,6,Finished,8.0,0,1
2020,1,Austrian Grand Prix,2020-07-05,Austria,Spielberg,Red Bull Ring,gasly,GAS,10,Pierre Gasly,AlphaTauri,12,7,7,Finished,6.0,0,1
2020,1,Austrian Grand Prix,2020-07-05,Austria,Spielberg,Red Bull Ring,ocon,OCO,31,Esteban Ocon,Renault,14,8,8,Finished,4.0,0,1
2020,1,Austrian Grand Prix,2020-07-05,Austria,Spielberg,Red Bull Ring,giovinazzi,GIO,99,Antonio Giovinazzi,Alfa Romeo,18,9,9,Finished,2.0,0,1
2020,1,Austrian Grand Prix,2020-07-05,Austria,Spielberg,Red Bull Ring,vettel,VET,5,Sebastian Vettel,Ferrari,11,10,10,Finished,1.0,0,1
2020,1,Austrian Grand Prix,2020-07-05,Austria,Spielberg,Red Bull Ring,latifi,LAT,6,Nicholas Latifi,Williams,20,11,11,Finished,0.0,0,0
2020,1,Austrian Grand Prix,2020-07-05,Austria,Spielberg,Red Bull Ring,kvyat,KVY,26,Daniil Kvyat,AlphaTauri,13,12,12,Suspension,0.0,0,0
2020,1,Austrian Grand Prix,2020-07-05,Austria,Spielberg,Red Bull Ring,albon,ALB,23,Alexander Albon,Red Bull,4,13,13,Electronics,0.0,0,0
2020,1,Austrian Grand Prix,2020-07-05,Austria,Spielberg,Red Bull Ring,raikkonen,RAI,7,Kimi Räikkönen,Alfa Romeo,19,14,R,Wheel,0.0,0,0
2020,1,Austrian Grand Prix,2020-07-05,Austria,Spielberg,Red Bull Ring,russell,RUS,63,George Russell,Williams,17,15,R,Fuel pressure,0.0,0,0
2020,1,Austrian Grand Prix,2020-07-05,Austria,Spielberg,Red Bull Ring,grosjean,GRO,8,Romain Grosjean,Haas F1 Team,15,16,R,Brakes,0.0,0,0
2020,1,Austrian Grand Prix,2020-07-05,Austria,Spielberg,Red Bull Ring,kevin_magnussen,MAG,20,Kevin Magnussen,Haas F1 Team,16,17,R,Brakes,0.0,0,0
2020,1,Austrian Grand Prix,2020-07-05,Austria,Spielberg,Red Bull Ring,stroll,STR,18,Lance Stroll,Racing Point,9,18,R,Engine,0.0,0,0
2020,1,Austrian Grand Prix,2020-07-05,Austria,Spielberg,Red Bull Ring,ricciardo,RIC,3,Daniel Ricciardo,Renault,10,19,R,Overheating,0.0,0,0
2020,1,Austrian Grand Prix,2020-07-05,Austria,Spielberg,Red Bull Ring,max_verstappen,VER,33,Max Verstappen,Red Bull,2,20,R,Electronics,0.0,0,0
2020,2,Styrian Grand Prix,2020-07-12,Austria,Spielberg,Red Bull Ring,hamilton,HAM,44,Lewis Hamilton,Mercedes,1,1,1,Finished,25.0,1,1
2020,2,Styrian Grand Prix,2020-07-12,Austria,Spielberg,Red Bull Ring,bottas,BOT,77,Valtteri Bottas,Mercedes,4,2,2,Finished,18.0,1,1
2020,2,Styrian Grand Prix,2020-07-12,Austria,Spielberg,Red Bull Ring,max_verstappen,VER,33,Max Verstappen,Red Bull,2,3,3,Finished,15.0,1,1
2020,2,Styrian Grand Prix,2020-07-12,Austria,Spielberg,Red Bull Ring,albon,ALB,23,Alexander Albon,Red Bull,6,4,4,Finished,12.0,0,1
2020,2,Styrian Grand Prix,2020-07-12,Austria,Spielberg,Red Bull Ring,norris,NOR,4,Lando Norris,McLaren,9,5,5,Finished,10.0,0,1
2020,2,Styrian Grand Prix,2020-07-12,Austria,Spielberg,Red Bull Ring,perez,PER,11,Sergio Pérez,Racing Point,17,6,6,Finished,8.0,0,1
2020,2,Styrian Grand Prix,2020-07-12,Austria,Spielberg,Red Bull Ring,stroll,STR,18,Lance Stroll,Racing Point,12,7,7,Finished,6.0,0,1
2020,2,Styrian Grand Prix,2020-07-12,Austria,Spielberg,Red Bull Ring,ricciardo,RIC,3,Daniel Ricciardo,Renault,8,8,8,Finished,4.0,0,1
2020,2,Styrian Grand Prix,2020-07-12,Austria,Spielberg,Red Bull Ring,sainz,SAI,55,Carlos Sainz,McLaren,3,9,9,+1 Lap,3.0,0,1
2020,2,Styrian Grand Prix,2020-07-12,Austria,Spielberg,Red Bull Ring,kvyat,KVY,26,Daniil Kvyat,AlphaTauri,13,10,10,+1 Lap,1.0,0,1
2020,2,Styrian Grand Prix,2020-07-12,Austria,Spielberg,Red Bull Ring,raikkonen,RAI,7,Kimi Räikkönen,Alfa Romeo,16,11,11,+1 Lap,0.0,0,0
2020,2,Styrian Grand Prix,2020-07-12,Austria,Spielberg,Red Bull Ring,kevin_magnussen,MAG,20,Kevin Magnussen,Haas F1 Team,15,12,12,+1 Lap,0.0,0,0
2020,2,Styrian Grand Prix,2020-07-12,Austria,Spielberg,Red Bull Ring,grosjean,GRO,8,Romain Grosjean,Haas F1 Team,0,13,13,+1 Lap,0.0,0,0
2020,2,Styrian Grand Prix,2020-07-12,Austria,Spielberg,Red Bull Ring,giovinazzi,GIO,99,Antonio Giovinazzi,Alfa Romeo,19,14,14,+1 Lap,0.0,0,0
2020,2,Styrian Grand Prix,2020-07-12,Austria,Spielberg,Red Bull Ring,gasly,GAS,10,Pierre Gasly,AlphaTauri,7,15,15,+1 Lap,0.0,0,0
2020,2,Styrian Grand Prix,2020-07-12,Austria,Spielberg,Red Bull Ring,russell,RUS,63,George Russell,Williams,11,16,16,+2 Laps,0.0,0,0
2020,2,Styrian Grand Prix,2020-07-12,Austria,Spielberg,Red Bull Ring,latifi,LAT,6,Nicholas Latifi,Williams,18,17,17,+2 Laps,0.0,0,0
2020,2,Styrian Grand Prix,2020-07-12,Austria,Spielberg,Red Bull Ring,ocon,OCO,31,Esteban Ocon,Renault,5,18,R,Overheating,0.0,0,0
2020,2,Styrian Grand Prix,2020-07-12,Austria,Spielberg,Red Bull Ring,leclerc,LEC,16,Charles Leclerc,Ferrari,14,19,R,Collision damage,0.0,0,0
2020,2,Styrian Grand Prix,2020-07-12,Austria,Spielberg,Red Bull Ring,vettel,VET,5,Sebastian Vettel,Ferrari,10,20,R,Collision damage,0.0,0,0
2020,3,Hungarian Grand Prix,2020-07-19,Hungary,Budapest,Hungaroring,hamilton,HAM,44,Lewis Hamilton,Mercedes,1,1,1,Finished,26.0,1,1
2020,3,Hungarian Grand Prix,2020-07-19,Hungary,Budapest,Hungaroring,max_verstappen,VER,33,Max Verstappen,Red Bull,7,2,2,Finished,18.0,1,1
2020,3,Hungarian Grand Prix,2020-07-19,Hungary,Budapest,Hungaroring,bottas,BOT,77,Valtteri Bottas,Mercedes,2,3,3,Finished,15.0,1,1
2020,3,Hungarian Grand Prix,2020-07-19,Hungary,Budapest,Hungaroring,stroll,STR,18,Lance Stroll,Racing Point,3,4,4,Finished,12.0,0,1
2020,3,Hungarian Grand Prix,2020-07-19,Hungary,Budapest,Hungaroring,albon,ALB,23,Alexander Albon,Red Bull,13,5,5,Finished,10.0,0,1
2020,3,Hungarian Grand Prix,2020-07-19,Hungary,Budapest,Hungaroring,vettel,VET,5,Sebastian Vettel,Ferrari,5,6,6,+1 Lap,8.0,0,1
2020,3,Hungarian Grand Prix,2020-07-19,Hungary,Budapest,Hungaroring,perez,PER,11,Sergio Pérez,Racing Point,4,7,7,+1 Lap,6.0,0,1
2020,3,Hungarian Grand Prix,2020-07-19,Hungary,Budapest,Hungaroring,ricciardo,RIC,3,Daniel Ricciardo,Renault,11,8,8,+1 Lap,4.0,0,1
2020,3,Hungarian Grand Prix,2020-07-19,Hungary,Budapest,Hungaroring,sainz,SAI,55,Carlos Sainz,McLaren,9,9,9,+1 Lap,2.0,0,1
2020,3,Hungarian Grand Prix,2020-07-19,Hungary,Budapest,Hungaroring,kevin_magnussen,MAG,20,Kevin Magnussen,Haas F1 Team,0,10,10,+1 Lap,1.0,0,1
2020,3,Hungarian Grand Prix,2020-07-19,Hungary,Budapest,Hungaroring,leclerc,LEC,16,Charles Leclerc,Ferrari,6,11,11,+1 Lap,0.0,0,0
2020,3,Hungarian Grand Prix,2020-07-19,Hungary,Budapest,Hungaroring,kvyat,KVY,26,Daniil Kvyat,AlphaTauri,17,12,12,+1 Lap,0.0,0,0
2020,3,Hungarian Grand Prix,2020-07-19,Hungary,Budapest,Hungaroring,norris,NOR,4,Lando Norris,McLaren,8,13,13,+1 Lap,0.0,0,0
2020,3,Hungarian Grand Prix,2020-07-19,Hungary,Budapest,Hungaroring,ocon,OCO,31,Esteban Ocon,Renault,14,14,14,+1 Lap,0.0,0,0
2020,3,Hungarian Grand Prix,2020-07-19,Hungary,Budapest,Hungaroring,raikkonen,RAI,7,Kimi Räikkönen,Alfa Romeo,20,15,15,+1 Lap,0.0,0,0
2020,3,Hungarian Grand Prix,2020-07-19,Hungary,Budapest,Hungaroring,grosjean,GRO,8,Romain Grosjean,Haas F1 Team,0,16,16,+1 Lap,0.0,0,0
2020,3,Hungarian Grand Prix,2020-07-19,Hungary,Budapest,Hungaroring,giovinazzi,GIO,99,Antonio Giovinazzi,Alfa Romeo,19,17,17,+1 Lap,0.0,0,0
2020,3,Hungarian Grand Prix,2020-07-19,Hungary,Budapest,Hungaroring,russell,RUS,63,George Russell,Williams,12,18,18,+1 Lap,0.0,0,0
2020,3,Hungarian Grand Prix,2020-07-19,Hungary,Budapest,Hungaroring,latifi,LAT,6,Nicholas Latifi,Williams,15,19,19,+5 Laps,0.0,0,0
2020,3,Hungarian Grand Prix,2020-07-19,Hungary,Budapest,Hungaroring,gasly,GAS,10,Pierre Gasly,AlphaTauri,10,20,R,Engine,0.0,0,0
2020,4,British Grand Prix,2020-08-02,UK,Silverstone,Silverstone Circuit,hamilton,HAM,44,Lewis Hamilton,Mercedes,1,1,1,Finished,25.0,1,1
2020,4,British Grand Prix,2020-08-02,UK,Silverstone,Silverstone Circuit,max_verstappen,VER,33,Max Verstappen,Red Bull,3,2,2,Finished,19.0,1,1
2020,4,British Grand Prix,2020-08-02,UK,Silverstone,Silverstone Circuit,leclerc,LEC,16,Charles Leclerc,Ferrari,4,3,3,Finished,15.0,1,1
2020,4,British Grand Prix,2020-08-02,UK,Silverstone,Silverstone Circuit,ricciardo,RIC,3,Daniel Ricciardo,Renault,8,4,4,Finished,12.0,0,1
2020,4,British Grand Prix,2020-08-02,UK,Silverstone,Silverstone Circuit,norris,NOR,4,Lando Norris,McLaren,5,5,5,Finished,10.0,0,1
2020,4,British Grand Prix,2020-08-02,UK,Silverstone,Silverstone Circuit,ocon,OCO,31,Esteban Ocon,Renault,9,6,6,Finished,8.0,0,1
2020,4,British Grand Prix,2020-08-02,UK,Silverstone,Silverstone Circuit,gasly,GAS,10,Pierre Gasly,AlphaTauri,11,7,7,Finished,6.0,0,1
2020,4,British Grand Prix,2020-08-02,UK,Silverstone,Silverstone Circuit,albon,ALB,23,Alexander Albon,Red Bull,12,8,8,Finished,4.0,0,1
2020,4,British Grand Prix,2020-08-02,UK,Silverstone,Silverstone Circuit,stroll,STR,18,Lance Stroll,Racing Point,6,9,9,Finished,2.0,0,1
2020,4,British Grand Prix,2020-08-02,UK,Silverstone,Silverstone Circuit,vettel,VET,5,Sebastian Vettel,Ferrari,10,10,10,Finished,1.0,0,1
2020,4,British Grand Prix,2020-08-02,UK,Silverstone,Silverstone Circuit,bottas,BOT,77,Valtteri Bottas,Mercedes,2,11,11,Finished,0.0,0,0
2020,4,British Grand Prix,2020-08-02,UK,Silverstone,Silverstone Circuit,russell,RUS,63,George Russell,Williams,20,12,12,Finished,0.0,0,0
2020,4,British Grand Prix,2020-08-02,UK,Silverstone,Silverstone Circuit,sainz,SAI,55,Carlos Sainz,McLaren,7,13,13,Finished,0.0,0,0
2020,4,British Grand Prix,2020-08-02,UK,Silverstone,Silverstone Circuit,giovinazzi,GIO,99,Antonio Giovinazzi,Alfa Romeo,15,14,14,Finished,0.0,0,0
2020,4,British Grand Prix,2020-08-02,UK,Silverstone,Silverstone Circuit,latifi,LAT,6,Nicholas Latifi,Williams,18,15,15,Finished,0.0,0,0
2020,4,British Grand Prix,2020-08-02,UK,Silverstone,Silverstone Circuit,grosjean,GRO,8,Romain Grosjean,Haas F1 Team,17,16,16,Finished,0.0,0,0
2020,4,British Grand Prix,2020-08-02,UK,Silverstone,Silverstone Circuit,raikkonen,RAI,7,Kimi Räikkönen,Alfa Romeo,16,17,17,+1 Lap,0.0,0,0
2020,4,British Grand Prix,2020-08-02,UK,Silverstone,Silverstone Circuit,kvyat,KVY,26,Daniil Kvyat,AlphaTauri,19,18,R,Accident,0.0,0,0
2020,4,British Grand Prix,2020-08-02,UK,Silverstone,Silverstone Circuit,kevin_magnussen,MAG,20,Kevin Magnussen,Haas F1 Team,14,19,R,Collision,0.0,0,0
2020,4,British Grand Prix,2020-08-02,UK,Silverstone,Silverstone Circuit,hulkenberg,HUL,27,Nico Hülkenberg,Racing Point,13,20,W,Power Unit,0.0,0,0
2020,5,70th Anniversary Grand Prix,2020-08-09,UK,Silverstone,Silverstone Circuit,max_verstappen,VER,33,Max Verstappen,Red Bull,4,1,1,Finished,25.0,1,1
2020,5,70th Anniversary Grand Prix,2020-08-09,UK,Silverstone,Silverstone Circuit,hamilton,HAM,44,Lewis Hamilton,Mercedes,2,2,2,Finished,19.0,1,1
2020,5,70th Anniversary Grand Prix,2020-08-09,UK,Silverstone,Silverstone Circuit,bottas,BOT,77,Valtteri Bottas,Mercedes,1,3,3,Finished,15.0,1,1
2020,5,70th Anniversary Grand Prix,2020-08-09,UK,Silverstone,Silverstone Circuit,leclerc,LEC,16,Charles Leclerc,Ferrari,8,4,4,Finished,12.0,0,1
2020,5,70th Anniversary Grand Prix,2020-08-09,UK,Silverstone,Silverstone Circuit,albon,ALB,23,Alexander Albon,Red Bull,9,5,5,Finished,10.0,0,1
2020,5,70th Anniversary Grand Prix,2020-08-09,UK,Silverstone,Silverstone Circuit,stroll,STR,18,Lance Stroll,Racing Point,6,6,6,Finished,8.0,0,1
2020,5,70th Anniversary Grand Prix,2020-08-09,UK,Silverstone,Silverstone Circuit,hulkenberg,HUL,27,Nico Hülkenberg,Racing Point,3,7,7,Finished,6.0,0,1
2020,5,70th Anniversary Grand Prix,2020-08-09,UK,Silverstone,Silverstone Circuit,ocon,OCO,31,Esteban Ocon,Renault,14,8,8,Finished,4.0,0,1
2020,5,70th Anniversary Grand Prix,2020-08-09,UK,Silverstone,Silverstone Circuit,norris,NOR,4,Lando Norris,McLaren,10,9,9,Finished,2.0,0,1
2020,5,70th Anniversary Grand Prix,2020-08-09,UK,Silverstone,Silverstone Circuit,kvyat,KVY,26,Daniil Kvyat,AlphaTauri,16,10,10,Finished,1.0,0,1
2020,5,70th Anniversary Grand Prix,2020-08-09,UK,Silverstone,Silverstone Circuit,gasly,GAS,10,Pierre Gasly,AlphaTauri,7,11,11,Finished,0.0,0,0
2020,5,70th Anniversary Grand Prix,2020-08-09,UK,Silverstone,Silverstone Circuit,vettel,VET,5,Sebastian Vettel,Ferrari,11,12,12,Finished,0.0,0,0
2020,5,70th Anniversary Grand Prix,2020-08-09,UK,Silverstone,Silverstone Circuit,sainz,SAI,55,Carlos Sainz,McLaren,12,13,13,Finished,0.0,0,0
2020,5,70th Anniversary Grand Prix,2020-08-09,UK,Silverstone,Silverstone Circuit,ricciardo,RIC,3,Daniel Ricciardo,Renault,5,14,14,+1 Lap,0.0,0,0
2020,5,70th Anniversary Grand Prix,2020-08-09,UK,Silverstone,Silverstone Circuit,raikkonen,RAI,7,Kimi Räikkönen,Alfa Romeo,20,15,15,+1 Lap,0.0,0,0
2020,5,70th Anniversary Grand Prix,2020-08-09,UK,Silverstone,Silverstone Circuit,grosjean,GRO,8,Romain Grosjean,Haas F1 Team,13,16,16,+1 Lap,0.0,0,0
2020,5,70th Anniversary Grand Prix,2020-08-09,UK,Silverstone,Silverstone Circuit,giovinazzi,GIO,99,Antonio Giovinazzi,Alfa Romeo,19,17,17,+1 Lap,0.0,0,0
2020,5,70th Anniversary Grand Prix,2020-08-09,UK,Silverstone,Silverstone Circuit,russell,RUS,63,George Russell,Williams,15,18,18,+1 Lap,0.0,0,0
2020,5,70th Anniversary Grand Prix,2020-08-09,UK,Silverstone,Silverstone Circuit,latifi,LAT,6,Nicholas Latifi,Williams,18,19,19,+1 Lap,0.0,0,0
2020,5,70th Anniversary Grand Prix,2020-08-09,UK,Silverstone,Silverstone Circuit,kevin_magnussen,MAG,20,Kevin Magnussen,Haas F1 Team,17,20,R,Retired,0.0,0,0
2020,6,Spanish Grand Prix,2020-08-16,Spain,Barcelona,Circuit de Barcelona-Catalunya,hamilton,HAM,44,Lewis Hamilton,Mercedes,1,1,1,Finished,25.0,1,1
2020,6,Spanish Grand Prix,2020-08-16,Spain,Barcelona,Circuit de Barcelona-Catalunya,max_verstappen,VER,33,Max Verstappen,Red Bull,3,2,2,Finished,18.0,1,1
2020,6,Spanish Grand Prix,2020-08-16,Spain,Barcelona,Circuit de Barcelona-Catalunya,bottas,BOT,77,Valtteri Bottas,Mercedes,2,3,3,Finished,16.0,1,1
2020,6,Spanish Grand Prix,2020-08-16,Spain,Barcelona,Circuit de Barcelona-Catalunya,stroll,STR,18,Lance Stroll,Racing Point,5,4,4,+1 Lap,12.0,0,1
2020,6,Spanish Grand Prix,2020-08-16,Spain,Barcelona,Circuit de Barcelona-Catalunya,perez,PER,11,Sergio Pérez,Racing Point,4,5,5,+1 Lap,10.0,0,1
2020,6,Spanish Grand Prix,2020-08-16,Spain,Barcelona,Circuit de Barcelona-Catalunya,sainz,SAI,55,Carlos Sainz,McLaren,7,6,6,+1 Lap,8.0,0,1
2020,6,Spanish Grand Prix,2020-08-16,Spain,Barcelona,Circuit de Barcelona-Catalunya,vettel,VET,5,Sebastian Vettel,Ferrari,11,7,7,+1 Lap,6.0,0,1
2020,6,Spanish Grand Prix,2020-08-16,Spain,Barcelona,Circuit de Barcelona-Catalunya,albon,ALB,23,Alexander Albon,Red Bull,6,8,8,+1 Lap,4.0,0,1
2020,6,Spanish Grand Prix,2020-08-16,Spain,Barcelona,Circuit de Barcelona-Catalunya,gasly,GAS,10,Pierre Gasly,AlphaTauri,10,9,9,+1 Lap,2.0,0,1
2020,6,Spanish Grand Prix,2020-08-16,Spain,Barcelona,Circuit de Barcelona-Catalunya,norris,NOR,4,Lando Norris,McLaren,8,10,10,+1 Lap,1.0,0,1
2020,6,Spanish Grand Prix,2020-08-16,Spain,Barcelona,Circuit de Barcelona-Catalunya,ricciardo,RIC,3,Daniel Ricciardo,Renault,13,11,11,+1 Lap,0.0,0,0
2020,6,Spanish Grand Prix,2020-08-16,Spain,Barcelona,Circuit de Barcelona-Catalunya,kvyat,KVY,26,Daniil Kvyat,AlphaTauri,12,12,12,+1 Lap,0.0,0,0
2020,6,Spanish Grand Prix,2020-08-16,Spain,Barcelona,Circuit de Barcelona-Catalunya,ocon,OCO,31,Esteban Ocon,Renault,15,13,13,+1 Lap,0.0,0,0
2020,6,Spanish Grand Prix,2020-08-16,Spain,Barcelona,Circuit de Barcelona-Catalunya,raikkonen,RAI,7,Kimi Räikkönen,Alfa Romeo,14,14,14,+1 Lap,0.0,0,0
2020,6,Spanish Grand Prix,2020-08-16,Spain,Barcelona,Circuit de Barcelona-Catalunya,kevin_magnussen,MAG,20,Kevin Magnussen,Haas F1 Team,16,15,15,+1 Lap,0.0,0,0
2020,6,Spanish Grand Prix,2020-08-16,Spain,Barcelona,Circuit de Barcelona-Catalunya,giovinazzi,GIO,99,Antonio Giovinazzi,Alfa Romeo,20,16,16,+1 Lap,0.0,0,0
2020,6,Spanish Grand Prix,2020-08-16,Spain,Barcelona,Circuit de Barcelona-Catalunya,russell,RUS,63,George Russell,Williams,18,17,17,+1 Lap,0.0,0,0
2020,6,Spanish Grand Prix,2020-08-16,Spain,Barcelona,Circuit de Barcelona-Catalunya,latifi,LAT,6,Nicholas Latifi,Williams,19,18,18,+2 Laps,0.0,0,0
2020,6,Spanish Grand Prix,2020-08-16,Spain,Barcelona,Circuit de Barcelona-Catalunya,grosjean,GRO,8,Romain Grosjean,Haas F1 Team,17,19,19,+2 Laps,0.0,0,0
2020,6,Spanish Grand Prix,2020-08-16,Spain,Barcelona,Circuit de Barcelona-Catalunya,leclerc,LEC,16,Charles Leclerc,Ferrari,9,20,R,Electronics,0.0,0,0
2020,7,Belgian Grand Prix,2020-08-30,Belgium,Spa,Circuit de Spa-Francorchamps,hamilton,HAM,44,Lewis Hamilton,Mercedes,1,1,1,Finished,25.0,1,1
2020,7,Belgian Grand Prix,2020-08-30,Belgium,Spa,Circuit de Spa-Francorchamps,bottas,BOT,77,Valtteri Bottas,Mercedes,2,2,2,Finished,18.0,1,1
2020,7,Belgian Grand Prix,2020-08-30,Belgium,Spa,Circuit de Spa-Francorchamps,max_verstappen,VER,33,Max Verstappen,Red Bull,3,3,3,Finished,15.0,1,1
2020,7,Belgian Grand Prix,2020-08-30,Belgium,Spa,Circuit de Spa-Francorchamps,ricciardo,RIC,3,Daniel Ricciardo,Renault,4,4,4,Finished,13.0,0,1
2020,7,Belgian Grand Prix,2020-08-30,Belgium,Spa,Circuit de Spa-Francorchamps,ocon,OCO,31,Esteban Ocon,Renault,6,5,5,Finished,10.0,0,1
2020,7,Belgian Grand Prix,2020-08-30,Belgium,Spa,Circuit de Spa-Francorchamps,albon,ALB,23,Alexander Albon,Red Bull,5,6,6,Finished,8.0,0,1
2020,7,Belgian Grand Prix,2020-08-30,Belgium,Spa,Circuit de Spa-Francorchamps,norris,NOR,4,Lando Norris,McLaren,10,7,7,Finished,6.0,0,1
2020,7,Belgian Grand Prix,2020-08-30,Belgium,Spa,Circuit de Spa-Francorchamps,gasly,GAS,10,Pierre Gasly,AlphaTauri,12,8,8,Finished,4.0,0,1
2020,7,Belgian Grand Prix,2020-08-30,Belgium,Spa,Circuit de Spa-Francorchamps,stroll,STR,18,Lance Stroll,Racing Point,9,9,9,Finished,2.0,0,1
2020,7,Belgian Grand Prix,2020-08-30,Belgium,Spa,Circuit de Spa-Francorchamps,perez,PER,11,Sergio Pérez,Racing Point,8,10,10,Finished,1.0,0,1
2020,7,Belgian Grand Prix,2020-08-30,Belgium,Spa,Circuit de Spa-Francorchamps,kvyat,KVY,26,Daniil Kvyat,AlphaTauri,11,11,11,Finished,0.0,0,0
2020,7,Belgian Grand Prix,2020-08-30,Belgium,Spa,Circuit de Spa-Francorchamps,raikkonen,RAI,7,Kimi Räikkönen,Alfa Romeo,16,12,12,Finished,0.0,0,0
2020,7,Belgian Grand Prix,2020-08-30,Belgium,Spa,Circuit de Spa-Francorchamps,vettel,VET,5,Sebastian Vettel,Ferrari,14,13,13,Finished,0.0,0,0
2020,7,Belgian Grand Prix,2020-08-30,Belgium,Spa,Circuit de Spa-Francorchamps,leclerc,LEC,16,Charles Leclerc,Ferrari,13,14,14,Finished,0.0,0,0
2020,7,Belgian Grand Prix,2020-08-30,Belgium,Spa,Circuit de Spa-Francorchamps,grosjean,GRO,8,Romain Grosjean,Haas F1 Team,17,15,15,Finished,0.0,0,0
2020,7,Belgian Grand Prix,2020-08-30,Belgium,Spa,Circuit de Spa-Francorchamps,latifi,LAT,6,Nicholas Latifi,Williams,19,16,16,Finished,0.0,0,0
2020,7,Belgian Grand Prix,2020-08-30,Belgium,Spa,Circuit de Spa-Francorchamps,kevin_magnussen,MAG,20,Kevin Magnussen,Haas F1 Team,20,17,17,Finished,0.0,0,0
2020,7,Belgian Grand Prix,2020-08-30,Belgium,Spa,Circuit de Spa-Francorchamps,giovinazzi,GIO,99,Antonio Giovinazzi,Alfa Romeo,18,18,R,Accident,0.0,0,0
2020,7,Belgian Grand Prix,2020-08-30,Belgium,Spa,Circuit de Spa-Francorchamps,russell,RUS,63,George Russell,Williams,15,19,R,Debris,0.0,0,0
2020,7,Belgian Grand Prix,2020-08-30,Belgium,Spa,Circuit de Spa-Francorchamps,sainz,SAI,55,Carlos Sainz,McLaren,7,20,W,Exhaust,0.0,0,0
2020,8,Italian Grand Prix,2020-09-06,Italy,Monza,Autodromo Nazionale di Monza,gasly,GAS,10,Pierre Gasly,AlphaTauri,10,1,1,Finished,25.0,1,1
2020,8,Italian Grand Prix,2020-09-06,Italy,Monza,Autodromo Nazionale di Monza,sainz,SAI,55,Carlos Sainz,McLaren,3,2,2,Finished,18.0,1,1
2020,8,Italian Grand Prix,2020-09-06,Italy,Monza,Autodromo Nazionale di Monza,stroll,STR,18,Lance Stroll,Racing Point,8,3,3,Finished,15.0,1,1
2020,8,Italian Grand Prix,2020-09-06,Italy,Monza,Autodromo Nazionale di Monza,norris,NOR,4,Lando Norris,McLaren,6,4,4,Finished,12.0,0,1
2020,8,Italian Grand Prix,2020-09-06,Italy,Monza,Autodromo Nazionale di Monza,bottas,BOT,77,Valtteri Bottas,Mercedes,2,5,5,Finished,10.0,0,1
2020,8,Italian Grand Prix,2020-09-06,Italy,Monza,Autodromo Nazionale di Monza,ricciardo,RIC,3,Daniel Ricciardo,Renault,7,6,6,Finished,8.0,0,1
2020,8,Italian Grand Prix,2020-09-06,Italy,Monza,Autodromo Nazionale di Monza,hamilton,HAM,44,Lewis Hamilton,Mercedes,1,7,7,Finished,7.0,0,1
2020,8,Italian Grand Prix,2020-09-06,Italy,Monza,Autodromo Nazionale di Monza,ocon,OCO,31,Esteban Ocon,Renault,12,8,8,Finished,4.0,0,1
2020,8,Italian Grand Prix,2020-09-06,Italy,Monza,Autodromo Nazionale di Monza,kvyat,KVY,26,Daniil Kvyat,AlphaTauri,11,9,9,Finished,2.0,0,1
2020,8,Italian Grand Prix,2020-09-06,Italy,Monza,Autodromo Nazionale di Monza,perez,PER,11,Sergio Pérez,Racing Point,4,10,10,Finished,1.0,0,1
2020,8,Italian Grand Prix,2020-09-06,Italy,Monza,Autodromo Nazionale di Monza,latifi,LAT,6,Nicholas Latifi,Williams,20,11,11,Finished,0.0,0,0
2020,8,Italian Grand Prix,2020-09-06,Italy,Monza,Autodromo Nazionale di Monza,grosjean,GRO,8,Romain Grosjean,Haas F1 Team,16,12,12,Finished,0.0,0,0
2020,8,Italian Grand Prix,2020-09-06,Italy,Monza,Autodromo Nazionale di Monza,raikkonen,RAI,7,Kimi Räikkönen,Alfa Romeo,14,13,13,Finished,0.0,0,0
2020,8,Italian Grand Prix,2020-09-06,Italy,Monza,Autodromo Nazionale di Monza,russell,RUS,63,George Russell,Williams,19,14,14,Finished,0.0,0,0
2020,8,Italian Grand Prix,2020-09-06,Italy,Monza,Autodromo Nazionale di Monza,albon,ALB,23,Alexander Albon,Red Bull,9,15,15,Finished,0.0,0,0
2020,8,Italian Grand Prix,2020-09-06,Italy,Monza,Autodromo Nazionale di Monza,giovinazzi,GIO,99,Antonio Giovinazzi,Alfa Romeo,18,16,16,Finished,0.0,0,0
2020,8,Italian Grand Prix,2020-09-06,Italy,Monza,Autodromo Nazionale di Monza,max_verstappen,VER,33,Max Verstappen,Red Bull,5,17,R,Power Unit,0.0,0,0
2020,8,Italian Grand Prix,2020-09-06,Italy,Monza,Autodromo Nazionale di Monza,leclerc,LEC,16,Charles Leclerc,Ferrari,13,18,R,Accident,0.0,0,0
2020,8,Italian Grand Prix,2020-09-06,Italy,Monza,Autodromo Nazionale di Monza,kevin_magnussen,MAG,20,Kevin Magnussen,Haas F1 Team,15,19,R,Power Unit,0.0,0,0
2020,8,Italian Grand Prix,2020-09-06,Italy,Monza,Autodromo Nazionale di Monza,vettel,VET,5,Sebastian Vettel,Ferrari,17,20,R,Brakes,0.0,0,0
2020,9,Tuscan Grand Prix,2020-09-13,Italy,Mugello,Autodromo Internazionale del Mugello,hamilton,HAM,44,Lewis Hamilton,Mercedes,1,1,1,Finished,26.0,1,1
2020,9,Tuscan Grand Prix,2020-09-13,Italy,Mugello,Autodromo Internazionale del Mugello,bottas,BOT,77,Valtteri Bottas,Mercedes,2,2,2,Finished,18.0,1,1
2020,9,Tuscan Grand Prix,2020-09-13,Italy,Mugello,Autodromo Internazionale del Mugello,albon,ALB,23,Alexander Albon,Red Bull,4,3,3,Finished,15.0,1,1
2020,9,Tuscan Grand Prix,2020-09-13,Italy,Mugello,Autodromo Internazionale del Mugello,ricciardo,RIC,3,Daniel Ricciardo,Renault,8,4,4,Finished,12.0,0,1
2020,9,Tuscan Grand Prix,2020-09-13,Italy,Mugello,Autodromo Internazionale del Mugello,perez,PER,11,Sergio Pérez,Racing Point,7,5,5,Finished,10.0,0,1
2020,9,Tuscan Grand Prix,2020-09-13,Italy,Mugello,Autodromo Internazionale del Mugello,norris,NOR,4,Lando Norris,McLaren,11,6,6,Finished,8.0,0,1
2020,9,Tuscan Grand Prix,2020-09-13,Italy,Mugello,Autodromo Internazionale del Mugello,kvyat,KVY,26,Daniil Kvyat,AlphaTauri,12,7,7,Finished,6.0,0,1
2020,9,Tuscan Grand Prix,2020-09-13,Italy,Mugello,Autodromo Internazionale del Mugello,leclerc,LEC,16,Charles Leclerc,Ferrari,5,8,8,Finished,4.0,0,1
2020,9,Tuscan Grand Prix,2020-09-13,Italy,Mugello,Autodromo Internazionale del Mugello,raikkonen,RAI,7,Kimi Räikkönen,Alfa Romeo,13,9,9,Finished,2.0,0,1
2020,9,Tuscan Grand Prix,2020-09-13,Italy,Mugello,Autodromo Internazionale del Mugello,vettel,VET,5,Sebastian Vettel,Ferrari,14,10,10,Finished,1.0,0,1
2020,9,Tuscan Grand Prix,2020-09-13,Italy,Mugello,Autodromo Internazionale del Mugello,russell,RUS,63,George Russell,Williams,18,11,11,Finished,0.0,0,0
2020,9,Tuscan Grand Prix,2020-09-13,Italy,Mugello,Autodromo Internazionale del Mugello,grosjean,GRO,8,Romain Grosjean,Haas F1 Team,15,12,12,Finished,0.0,0,0
2020,9,Tuscan Grand Prix,2020-09-13,Italy,Mugello,Autodromo Internazionale del Mugello,stroll,STR,18,Lance Stroll,Racing Point,6,13,R,Puncture,0.0,0,0
2020,9,Tuscan Grand Prix,2020-09-13,Italy,Mugello,Autodromo Internazionale del Mugello,ocon,OCO,31,Esteban Ocon,Renault,10,14,R,Brakes,0.0,0,0
2020,9,Tuscan Grand Prix,2020-09-13,Italy,Mugello,Autodromo Internazionale del Mugello,latifi,LAT,6,Nicholas Latifi,Williams,19,15,R,Collision,0.0,0,0
2020,9,Tuscan Grand Prix,2020-09-13,Italy,Mugello,Autodromo Internazionale del Mugello,kevin_magnussen,MAG,20,Kevin Magnussen,Haas F1 Team,20,16,R,Collision,0.0,0,0
2020,9,Tuscan Grand Prix,2020-09-13,Italy,Mugello,Autodromo Internazionale del Mugello,giovinazzi,GIO,99,Antonio Giovinazzi,Alfa Romeo,17,17,R,Collision,0.0,0,0
2020,9,Tuscan Grand Prix,2020-09-13,Italy,Mugello,Autodromo Internazionale del Mugello,sainz,SAI,55,Carlos Sainz,McLaren,9,18,R,Collision,0.0,0,0
2020,9,Tuscan Grand Prix,2020-09-13,Italy,Mugello,Autodromo Internazionale del Mugello,max_verstappen,VER,33,Max Verstappen,Red Bull,3,19,R,Collision,0.0,0,0
2020,9,Tuscan Grand Prix,2020-09-13,Italy,Mugello,Autodromo Internazionale del Mugello,gasly,GAS,10,Pierre Gasly,AlphaTauri,16,20,R,Collision,0.0,0,0
2020,10,Russian Grand Prix,2020-09-27,Russia,Sochi,Sochi Autodrom,bottas,BOT,77,Valtteri Bottas,Mercedes,3,1,1,Finished,26.0,1,1
2020,10,Russian Grand Prix,2020-09-27,Russia,Sochi,Sochi Autodrom,max_verstappen,VER,33,Max Verstappen,Red Bull,2,2,2,Finished,18.0,1,1
2020,10,Russian Grand Prix,2020-09-27,Russia,Sochi,Sochi Autodrom,hamilton,HAM,44,Lewis Hamilton,Mercedes,1,3,3,Finished,15.0,1,1
2020,10,Russian Grand Prix,2020-09-27,Russia,Sochi,Sochi Autodrom,perez,PER,11,Sergio Pérez,Racing Point,4,4,4,Finished,12.0,0,1
2020,10,Russian Grand Prix,2020-09-27,Russia,Sochi,Sochi Autodrom,ricciardo,RIC,3,Daniel Ricciardo,Renault,5,5,5,Finished,10.0,0,1
2020,10,Russian Grand Prix,2020-09-27,Russia,Sochi,Sochi Autodrom,leclerc,LEC,16,Charles Leclerc,Ferrari,10,6,6,Finished,8.0,0,1
2020,10,Russian Grand Prix,2020-09-27,Russia,Sochi,Sochi Autodrom,ocon,OCO,31,Esteban Ocon,Renault,7,7,7,Finished,6.0,0,1
2020,10,Russian Grand Prix,2020-09-27,Russia,Sochi,Sochi Autodrom,kvyat,KVY,26,Daniil Kvyat,AlphaTauri,11,8,8,Finished,4.0,0,1
2020,10,Russian Grand Prix,2020-09-27,Russia,Sochi,Sochi Autodrom,gasly,GAS,10,Pierre Gasly,AlphaTauri,9,9,9,Finished,2.0,0,1
2020,10,Russian Grand Prix,2020-09-27,Russia,Sochi,Sochi Autodrom,albon,ALB,23,Alexander Albon,Red Bull,15,10,10,Finished,1.0,0,1
2020,10,Russian Grand Prix,2020-09-27,Russia,Sochi,Sochi Autodrom,giovinazzi,GIO,99,Antonio Giovinazzi,Alfa Romeo,17,11,11,+1 Lap,0.0,0,0
2020,10,Russian Grand Prix,2020-09-27,Russia,Sochi,Sochi Autodrom,kevin_magnussen,MAG,20,Kevin Magnussen,Haas F1 Team,18,12,12,+1 Lap,0.0,0,0
2020,10,Russian Grand Prix,2020-09-27,Russia,Sochi,Sochi Autodrom,vettel,VET,5,Sebastian Vettel,Ferrari,14,13,13,+1 Lap,0.0,0,0
2020,10,Russian Grand Prix,2020-09-27,Russia,Sochi,Sochi Autodrom,raikkonen,RAI,7,Kimi Räikkönen,Alfa Romeo,19,14,14,+1 Lap,0.0,0,0
2020,10,Russian Grand Prix,2020-09-27,Russia,Sochi,Sochi Autodrom,norris,NOR,4,Lando Norris,McLaren,8,15,15,+1 Lap,0.0,0,0
2020,10,Russian Grand Prix,2020-09-27,Russia,Sochi,Sochi Autodrom,latifi,LAT,6,Nicholas Latifi,Williams,20,16,16,+1 Lap,0.0,0,0
2020,10,Russian Grand Prix,2020-09-27,Russia,Sochi,Sochi Autodrom,grosjean,GRO,8,Romain Grosjean,Haas F1 Team,16,17,17,+1 Lap,0.0,0,0
2020,10,Russian Grand Prix,2020-09-27,Russia,Sochi,Sochi Autodrom,russell,RUS,63,George Russell,Williams,13,18,18,+1 Lap,0.0,0,0
2020,10,Russian Grand Prix,2020-09-27,Russia,Sochi,Sochi Autodrom,sainz,SAI,55,Carlos Sainz,McLaren,6,19,R,Accident,0.0,0,0
2020,10,Russian Grand Prix,2020-09-27,Russia,Sochi,Sochi Autodrom,stroll,STR,18,Lance Stroll,Racing Point,12,20,R,Collision,0.0,0,0
2020,11,Eifel Grand Prix,2020-10-11,Germany,Nürburg,Nürburgring,hamilton,HAM,44,Lewis Hamilton,Mercedes,2,1,1,Finished,25.0,1,1
2020,11,Eifel Grand Prix,2020-10-11,Germany,Nürburg,Nürburgring,max_verstappen,VER,33,Max Verstappen,Red Bull,3,2,2,Finished,19.0,1,1
2020,11,Eifel Grand Prix,2020-10-11,Germany,Nürburg,Nürburgring,ricciardo,RIC,3,Daniel Ricciardo,Renault,6,3,3,Finished,15.0,1,1
2020,11,Eifel Grand Prix,2020-10-11,Germany,Nürburg,Nürburgring,perez,PER,11,Sergio Pérez,Racing Point,9,4,4,Finished,12.0,0,1
2020,11,Eifel Grand Prix,2020-10-11,Germany,Nürburg,Nürburgring,sainz,SAI,55,Carlos Sainz,McLaren,10,5,5,Finished,10.0,0,1
2020,11,Eifel Grand Prix,2020-10-11,Germany,Nürburg,Nürburgring,gasly,GAS,10,Pierre Gasly,AlphaTauri,12,6,6,Finished,8.0,0,1
2020,11,Eifel Grand Prix,2020-10-11,Germany,Nürburg,Nürburgring,leclerc,LEC,16,Charles Leclerc,Ferrari,4,7,7,Finished,6.0,0,1
2020,11,Eifel Grand Prix,2020-10-11,Germany,Nürburg,Nürburgring,hulkenberg,HUL,27,Nico Hülkenberg,Racing Point,20,8,8,Finished,4.0,0,1
2020,11,Eifel Grand Prix,2020-10-11,Germany,Nürburg,Nürburgring,grosjean,GRO,8,Romain Grosjean,Haas F1 Team,16,9,9,Finished,2.0,0,1
2020,11,Eifel Grand Prix,2020-10-11,Germany,Nürburg,Nürburgring,giovinazzi,GIO,99,Antonio Giovinazzi,Alfa Romeo,14,10,10,Finished,1.0,0,1
2020,11,Eifel Grand Prix,2020-10-11,Germany,Nürburg,Nürburgring,vettel,VET,5,Sebastian Vettel,Ferrari,11,11,11,Finished,0.0,0,0
2020,11,Eifel Grand Prix,2020-10-11,Germany,Nürburg,Nürburgring,raikkonen,RAI,7,Kimi Räikkönen,Alfa Romeo,19,12,12,Finished,0.0,0,0
2020,11,Eifel Grand Prix,2020-10-11,Germany,Nürburg,Nürburgring,kevin_magnussen,MAG,20,Kevin Magnussen,Haas F1 Team,15,13,13,Finished,0.0,0,0
2020,11,Eifel Grand Prix,2020-10-11,Germany,Nürburg,Nürburgring,latifi,LAT,6,Nicholas Latifi,Williams,18,14,14,Finished,0.0,0,0
2020,11,Eifel Grand Prix,2020-10-11,Germany,Nürburg,Nürburgring,kvyat,KVY,26,Daniil Kvyat,AlphaTauri,13,15,15,Finished,0.0,0,0
2020,11,Eifel Grand Prix,2020-10-11,Germany,Nürburg,Nürburgring,norris,NOR,4,Lando Norris,McLaren,8,16,R,Power Unit,0.0,0,0
2020,11,Eifel Grand Prix,2020-10-11,Germany,Nürburg,Nürburgring,albon,ALB,23,Alexander Albon,Red Bull,5,17,R,Radiator,0.0,0,0
2020,11,Eifel Grand Prix,2020-10-11,Germany,Nürburg,Nürburgring,ocon,OCO,31,Esteban Ocon,Renault,7,18,R,Gearbox,0.0,0,0
2020,11,Eifel Grand Prix,2020-10-11,Germany,Nürburg,Nürburgring,bottas,BOT,77,Valtteri Bottas,Mercedes,1,19,R,Power Unit,0.0,0,0
2020,11,Eifel Grand Prix,2020-10-11,Germany,Nürburg,Nürburgring,russell,RUS,63,George Russell,Williams,17,20,R,Collision,0.0,0,0
2020,12,Portuguese Grand Prix,2020-10-25,Portugal,Portimão,Autódromo Internacional do Algarve,hamilton,HAM,44,Lewis Hamilton,Mercedes,1,1,1,Finished,26.0,1,1
2020,12,Portuguese Grand Prix,2020-10-25,Portugal,Portimão,Autódromo Internacional do Algarve,bottas,BOT,77,Valtteri Bottas,Mercedes,2,2,2,Finished,18.0,1,1
2020,12,Portuguese Grand Prix,2020-10-25,Portugal,Portimão,Autódromo Internacional do Algarve,max_verstappen,VER,33,Max Verstappen,Red Bull,3,3,3,Finished,15.0,1,1
2020,12,Portuguese Grand Prix,2020-10-25,Portugal,Portimão,Autódromo Internacional do Algarve,leclerc,LEC,16,Charles Leclerc,Ferrari,4,4,4,Finished,12.0,0,1
2020,12,Portuguese Grand Prix,2020-10-25,Portugal,Portimão,Autódromo Internacional do Algarve,gasly,GAS,10,Pierre Gasly,AlphaTauri,9,5,5,+1 Lap,10.0,0,1
2020,12,Portuguese Grand Prix,2020-10-25,Portugal,Portimão,Autódromo Internacional do Algarve,sainz,SAI,55,Carlos Sainz,McLaren,7,6,6,+1 Lap,8.0,0,1
2020,12,Portuguese Grand Prix,2020-10-25,Portugal,Portimão,Autódromo Internacional do Algarve,perez,PER,11,Sergio Pérez,Racing Point,5,7,7,+1 Lap,6.0,0,1
2020,12,Portuguese Grand Prix,2020-10-25,Portugal,Portimão,Autódromo Internacional do Algarve,ocon,OCO,31,Esteban Ocon,Renault,11,8,8,+1 Lap,4.0,0,1
2020,12,Portuguese Grand Prix,2020-10-25,Portugal,Portimão,Autódromo Internacional do Algarve,ricciardo,RIC,3,Daniel Ricciardo,Renault,10,9,9,+1 Lap,2.0,0,1
2020,12,Portuguese Grand Prix,2020-10-25,Portugal,Portimão,Autódromo Internacional do Algarve,vettel,VET,5,Sebastian Vettel,Ferrari,15,10,10,+1 Lap,1.0,0,1
2020,12,Portuguese Grand Prix,2020-10-25,Portugal,Portimão,Autódromo Internacional do Algarve,raikkonen,RAI,7,Kimi Räikkönen,Alfa Romeo,16,11,11,+1 Lap,0.0,0,0
2020,12,Portuguese Grand Prix,2020-10-25,Portugal,Portimão,Autódromo Internacional do Algarve,albon,ALB,23,Alexander Albon,Red Bull,6,12,12,+1 Lap,0.0,0,0
2020,12,Portuguese Grand Prix,2020-10-25,Portugal,Portimão,Autódromo Internacional do Algarve,norris,NOR,4,Lando Norris,McLaren,8,13,13,+1 Lap,0.0,0,0
2020,12,Portuguese Grand Prix,2020-10-25,Portugal,Portimão,Autódromo Internacional do Algarve,russell,RUS,63,George Russell,Williams,14,14,14,+1 Lap,0.0,0,0
2020,12,Portuguese Grand Prix,2020-10-25,Portugal,Portimão,Autódromo Internacional do Algarve,giovinazzi,GIO,99,Antonio Giovinazzi,Alfa Romeo,17,15,15,+1 Lap,0.0,0,0
2020,12,Portuguese Grand Prix,2020-10-25,Portugal,Portimão,Autódromo Internacional do Algarve,kevin_magnussen,MAG,20,Kevin Magnussen,Haas F1 Team,19,16,16,+1 Lap,0.0,0,0
2020,12,Portuguese Grand Prix,2020-10-25,Portugal,Portimão,Autódromo Internacional do Algarve,grosjean,GRO,8,Romain Grosjean,Haas F1 Team,18,17,17,+1 Lap,0.0,0,0
2020,12,Portuguese Grand Prix,2020-10-25,Portugal,Portimão,Autódromo Internacional do Algarve,latifi,LAT,6,Nicholas Latifi,Williams,20,18,18,+2 Laps,0.0,0,0
2020,12,Portuguese Grand Prix,2020-10-25,Portugal,Portimão,Autódromo Internacional do Algarve,kvyat,KVY,26,Daniil Kvyat,AlphaTauri,13,19,19,+2 Laps,0.0,0,0
2020,12,Portuguese Grand Prix,2020-10-25,Portugal,Portimão,Autódromo Internacional do Algarve,stroll,STR,18,Lance Stroll,Racing Point,12,20,R,Collision damage,0.0,0,0
2020,13,Emilia Romagna Grand Prix,2020-11-01,Italy,Imola,Autodromo Enzo e Dino Ferrari,hamilton,HAM,44,Lewis Hamilton,Mercedes,2,1,1,Finished,26.0,1,1
2020,13,Emilia Romagna Grand Prix,2020-11-01,Italy,Imola,Autodromo Enzo e Dino Ferrari,bottas,BOT,77,Valtteri Bottas,Mercedes,1,2,2,Finished,18.0,1,1
2020,13,Emilia Romagna Grand Prix,2020-11-01,Italy,Imola,Autodromo Enzo e Dino Ferrari,ricciardo,RIC,3,Daniel Ricciardo,Renault,5,3,3,Finished,15.0,1,1
2020,13,Emilia Romagna Grand Prix,2020-11-01,Italy,Imola,Autodromo Enzo e Dino Ferrari,kvyat,KVY,26,Daniil Kvyat,AlphaTauri,8,4,4,Finished,12.0,0,1
2020,13,Emilia Romagna Grand Prix,2020-11-01,Italy,Imola,Autodromo Enzo e Dino Ferrari,leclerc,LEC,16,Charles Leclerc,Ferrari,7,5,5,Finished,10.0,0,1
2020,13,Emilia Romagna Grand Prix,2020-11-01,Italy,Imola,Autodromo Enzo e Dino Ferrari,perez,PER,11,Sergio Pérez,Racing Point,11,6,6,Finished,8.0,0,1
2020,13,Emilia Romagna Grand Prix,2020-11-01,Italy,Imola,Autodromo Enzo e Dino Ferrari,sainz,SAI,55,Carlos Sainz,McLaren,10,7,7,Finished,6.0,0,1
2020,13,Emilia Romagna Grand Prix,2020-11-01,Italy,Imola,Autodromo Enzo e Dino Ferrari,norris,NOR,4,Lando Norris,McLaren,9,8,8,Finished,4.0,0,1
2020,13,Emilia Romagna Grand Prix,2020-11-01,Italy,Imola,Autodromo Enzo e Dino Ferrari,raikkonen,RAI,7,Kimi Räikkönen,Alfa Romeo,18,9,9,Finished,2.0,0,1
2020,13,Emilia Romagna Grand Prix,2020-11-01,Italy,Imola,Autodromo Enzo e Dino Ferrari,giovinazzi,GIO,99,Antonio Giovinazzi,Alfa Romeo,20,10,10,Finished,1.0,0,1
2020,13,Emilia Romagna Grand Prix,2020-11-01,Italy,Imola,Autodromo Enzo e Dino Ferrari,latifi,LAT,6,Nicholas Latifi,Williams,19,11,11,Finished,0.0,0,0
2020,13,Emilia Romagna Grand Prix,2020-11-01,Italy,Imola,Autodromo Enzo e Dino Ferrari,vettel,VET,5,Sebastian Vettel,Ferrari,14,12,12,Finished,0.0,0,0
2020,13,Emilia Romagna Grand Prix,2020-11-01,Italy,Imola,Autodromo Enzo e Dino Ferrari,stroll,STR,18,Lance Stroll,Racing Point,15,13,13,Finished,0.0,0,0
2020,13,Emilia Romagna Grand Prix,2020-11-01,Italy,Imola,Autodromo Enzo e Dino Ferrari,grosjean,GRO,8,Romain Grosjean,Haas F1 Team,16,14,14,Finished,0.0,0,0
2020,13,Emilia Romagna Grand Prix,2020-11-01,Italy,Imola,Autodromo Enzo e Dino Ferrari,albon,ALB,23,Alexander Albon,Red Bull,6,15,15,Finished,0.0,0,0
2020,13,Emilia Romagna Grand Prix,2020-11-01,Italy,Imola,Autodromo Enzo e Dino Ferrari,russell,RUS,63,George Russell,Williams,13,16,R,Accident,0.0,0,0
2020,13,Emilia Romagna Grand Prix,2020-11-01,Italy,Imola,Autodromo Enzo e Dino Ferrari,max_verstappen,VER,33,Max Verstappen,Red Bull,3,17,R,Puncture,0.0,0,0
2020,13,Emilia Romagna Grand Prix,2020-11-01,Italy,Imola,Autodromo Enzo e Dino Ferrari,kevin_magnussen,MAG,20,Kevin Magnussen,Haas F1 Team,17,18,R,Illness,0.0,0,0
2020,13,Emilia Romagna Grand Prix,2020-11-01,Italy,Imola,Autodromo Enzo e Dino Ferrari,ocon,OCO,31,Esteban Ocon,Renault,12,19,R,Gearbox,0.0,0,0
2020,13,Emilia Romagna Grand Prix,2020-11-01,Italy,Imola,Autodromo Enzo e Dino Ferrari,gasly,GAS,10,Pierre Gasly,AlphaTauri,4,20,R,Water pressure,0.0,0,0
2020,14,Turkish Grand Prix,2020-11-15,Turkey,Istanbul,Istanbul Park,hamilton,HAM,44,Lewis Hamilton,Mercedes,6,1,1,Finished,25.0,1,1
2020,14,Turkish Grand Prix,2020-11-15,Turkey,Istanbul,Istanbul Park,perez,PER,11,Sergio Pérez,Racing Point,3,2,2,Finished,18.0,1,1
2020,14,Turkish Grand Prix,2020-11-15,Turkey,Istanbul,Istanbul Park,vettel,VET,5,Sebastian Vettel,Ferrari,11,3,3,Finished,15.0,1,1
2020,14,Turkish Grand Prix,2020-11-15,Turkey,Istanbul,Istanbul Park,leclerc,LEC,16,Charles Leclerc,Ferrari,12,4,4,Finished,12.0,0,1
2020,14,Turkish Grand Prix,2020-11-15,Turkey,Istanbul,Istanbul Park,sainz,SAI,55,Carlos Sainz,McLaren,15,5,5,Finished,10.0,0,1
2020,14,Turkish Grand Prix,2020-11-15,Turkey,Istanbul,Istanbul Park,max_verstappen,VER,33,Max Verstappen,Red Bull,2,6,6,Finished,8.0,0,1
2020,14,Turkish Grand Prix,2020-11-15,Turkey,Istanbul,Istanbul Park,albon,ALB,23,Alexander Albon,Red Bull,4,7,7,Finished,6.0,0,1
2020,14,Turkish Grand Prix,2020-11-15,Turkey,Istanbul,Istanbul Park,norris,NOR,4,Lando Norris,McLaren,14,8,8,Finished,5.0,0,1
2020,14,Turkish Grand Prix,2020-11-15,Turkey,Istanbul,Istanbul Park,stroll,STR,18,Lance Stroll,Racing Point,1,9,9,Finished,2.0,0,1
2020,14,Turkish Grand Prix,2020-11-15,Turkey,Istanbul,Istanbul Park,ricciardo,RIC,3,Daniel Ricciardo,Renault,5,10,10,Finished,1.0,0,1
2020,14,Turkish Grand Prix,2020-11-15,Turkey,Istanbul,Istanbul Park,ocon,OCO,31,Esteban Ocon,Renault,7,11,11,+1 Lap,0.0,0,0
2020,14,Turkish Grand Prix,2020-11-15,Turkey,Istanbul,Istanbul Park,kvyat,KVY,26,Daniil Kvyat,AlphaTauri,16,12,12,+1 Lap,0.0,0,0
2020,14,Turkish Grand Prix,2020-11-15,Turkey,Istanbul,Istanbul Park,gasly,GAS,10,Pierre Gasly,AlphaTauri,19,13,13,+1 Lap,0.0,0,0
2020,14,Turkish Grand Prix,2020-11-15,Turkey,Istanbul,Istanbul Park,bottas,BOT,77,Valtteri Bottas,Mercedes,9,14,14,+1 Lap,0.0,0,0
2020,14,Turkish Grand Prix,2020-11-15,Turkey,Istanbul,Istanbul Park,raikkonen,RAI,7,Kimi Räikkönen,Alfa Romeo,8,15,15,+1 Lap,0.0,0,0
2020,14,Turkish Grand Prix,2020-11-15,Turkey,Istanbul,Istanbul Park,russell,RUS,63,George Russell,Williams,0,16,16,+1 Lap,0.0,0,0
2020,14,Turkish Grand Prix,2020-11-15,Turkey,Istanbul,Istanbul Park,kevin_magnussen,MAG,20,Kevin Magnussen,Haas F1 Team,13,17,17,Withdrew,0.0,0,0
2020,14,Turkish Grand Prix,2020-11-15,Turkey,Istanbul,Istanbul Park,grosjean,GRO,8,Romain Grosjean,Haas F1 Team,17,18,R,Collision damage,0.0,0,0
2020,14,Turkish Grand Prix,2020-11-15,Turkey,Istanbul,Istanbul Park,latifi,LAT,6,Nicholas Latifi,Williams,0,19,R,Collision damage,0.0,0,0
2020,14,Turkish Grand Prix,2020-11-15,Turkey,Istanbul,Istanbul Park,giovinazzi,GIO,99,Antonio Giovinazzi,Alfa Romeo,10,20,R,Gearbox,0.0,0,0
2020,15,Bahrain Grand Prix,2020-11-29,Bahrain,Sakhir,Bahrain International Circuit,hamilton,HAM,44,Lewis Hamilton,Mercedes,1,1,1,Finished,25.0,1,1
2020,15,Bahrain Grand Prix,2020-11-29,Bahrain,Sakhir,Bahrain International Circuit,max_verstappen,VER,33,Max Verstappen,Red Bull,3,2,2,Finished,19.0,1,1
2020,15,Bahrain Grand Prix,2020-11-29,Bahrain,Sakhir,Bahrain International Circuit,albon,ALB,23,Alexander Albon,Red Bull,4,3,3,Finished,15.0,1,1
2020,15,Bahrain Grand Prix,2020-11-29,Bahrain,Sakhir,Bahrain International Circuit,norris,NOR,4,Lando Norris,McLaren,9,4,4,Finished,12.0,0,1
2020,15,Bahrain Grand Prix,2020-11-29,Bahrain,Sakhir,Bahrain International Circuit,sainz,SAI,55,Carlos Sainz,McLaren,15,5,5,Finished,10.0,0,1
2020,15,Bahrain Grand Prix,2020-11-29,Bahrain,Sakhir,Bahrain International Circuit,gasly,GAS,10,Pierre Gasly,AlphaTauri,8,6,6,Finished,8.0,0,1
2020,15,Bahrain Grand Prix,2020-11-29,Bahrain,Sakhir,Bahrain International Circuit,ricciardo,RIC,3,Daniel Ricciardo,Renault,6,7,7,Finished,6.0,0,1
2020,15,Bahrain Grand Prix,2020-11-29,Bahrain,Sakhir,Bahrain International Circuit,bottas,BOT,77,Valtteri Bottas,Mercedes,2,8,8,Finished,4.0,0,1
2020,15,Bahrain Grand Prix,2020-11-29,Bahrain,Sakhir,Bahrain International Circuit,ocon,OCO,31,Esteban Ocon,Renault,7,9,9,Finished,2.0,0,1
2020,15,Bahrain Grand Prix,2020-11-29,Bahrain,Sakhir,Bahrain International Circuit,leclerc,LEC,16,Charles Leclerc,Ferrari,12,10,10,+1 Lap,1.0,0,1
2020,15,Bahrain Grand Prix,2020-11-29,Bahrain,Sakhir,Bahrain International Circuit,kvyat,KVY,26,Daniil Kvyat,AlphaTauri,10,11,11,+1 Lap,0.0,0,0
2020,15,Bahrain Grand Prix,2020-11-29,Bahrain,Sakhir,Bahrain International Circuit,russell,RUS,63,George Russell,Williams,14,12,12,+1 Lap,0.0,0,0
2020,15,Bahrain Grand Prix,2020-11-29,Bahrain,Sakhir,Bahrain International Circuit,vettel,VET,5,Sebastian Vettel,Ferrari,11,13,13,+1 Lap,0.0,0,0
2020,15,Bahrain Grand Prix,2020-11-29,Bahrain,Sakhir,Bahrain International Circuit,latifi,LAT,6,Nicholas Latifi,Williams,20,14,14,+1 Lap,0.0,0,0
2020,15,Bahrain Grand Prix,2020-11-29,Bahrain,Sakhir,Bahrain International Circuit,raikkonen,RAI,7,Kimi Räikkönen,Alfa Romeo,17,15,15,+1 Lap,0.0,0,0
2020,15,Bahrain Grand Prix,2020-11-29,Bahrain,Sakhir,Bahrain International Circuit,giovinazzi,GIO,99,Antonio Giovinazzi,Alfa Romeo,16,16,16,+1 Lap,0.0,0,0
2020,15,Bahrain Grand Prix,2020-11-29,Bahrain,Sakhir,Bahrain International Circuit,kevin_magnussen,MAG,20,Kevin Magnussen,Haas F1 Team,18,17,17,+1 Lap,0.0,0,0
2020,15,Bahrain Grand Prix,2020-11-29,Bahrain,Sakhir,Bahrain International Circuit,perez,PER,11,Sergio Pérez,Racing Point,5,18,18,Engine,0.0,0,0
2020,15,Bahrain Grand Prix,2020-11-29,Bahrain,Sakhir,Bahrain International Circuit,stroll,STR,18,Lance Stroll,Racing Point,13,19,R,Collision,0.0,0,0
2020,15,Bahrain Grand Prix,2020-11-29,Bahrain,Sakhir,Bahrain International Circuit,grosjean,GRO,8,Romain Grosjean,Haas F1 Team,19,20,R,Collision,0.0,0,0
2020,16,Sakhir Grand Prix,2020-12-06,Bahrain,Sakhir,Bahrain International Circuit,perez,PER,11,Sergio Pérez,Racing Point,5,1,1,Finished,25.0,1,1
2020,16,Sakhir Grand Prix,2020-12-06,Bahrain,Sakhir,Bahrain International Circuit,ocon,OCO,31,Esteban Ocon,Renault,11,2,2,Finished,18.0,1,1
2020,16,Sakhir Grand Prix,2020-12-06,Bahrain,Sakhir,Bahrain International Circuit,stroll,STR,18,Lance Stroll,Racing Point,10,3,3,Finished,15.0,1,1
2020,16,Sakhir Grand Prix,2020-12-06,Bahrain,Sakhir,Bahrain International Circuit,sainz,SAI,55,Carlos Sainz,McLaren,8,4,4,Finished,12.0,0,1
2020,16,Sakhir Grand Prix,2020-12-06,Bahrain,Sakhir,Bahrain International Circuit,ricciardo,RIC,3,Daniel Ricciardo,Renault,7,5,5,Finished,10.0,0,1
2020,16,Sakhir Grand Prix,2020-12-06,Bahrain,Sakhir,Bahrain International Circuit,albon,ALB,23,Alexander Albon,Red Bull,12,6,6,Finished,8.0,0,1
2020,16,Sakhir Grand Prix,2020-12-06,Bahrain,Sakhir,Bahrain International Circuit,kvyat,KVY,26,Daniil Kvyat,AlphaTauri,6,7,7,Finished,6.0,0,1
2020,16,Sakhir Grand Prix,2020-12-06,Bahrain,Sakhir,Bahrain International Circuit,bottas,BOT,77,Valtteri Bottas,Mercedes,1,8,8,Finished,4.0,0,1
2020,16,Sakhir Grand Prix,2020-12-06,Bahrain,Sakhir,Bahrain International Circuit,russell,RUS,63,George Russell,Mercedes,2,9,9,Finished,3.0,0,1
2020,16,Sakhir Grand Prix,2020-12-06,Bahrain,Sakhir,Bahrain International Circuit,norris,NOR,4,Lando Norris,McLaren,19,10,10,Finished,1.0,0,1
2020,16,Sakhir Grand Prix,2020-12-06,Bahrain,Sakhir,Bahrain International Circuit,gasly,GAS,10,Pierre Gasly,AlphaTauri,9,11,11,Finished,0.0,0,0
2020,16,Sakhir Grand Prix,2020-12-06,Bahrain,Sakhir,Bahrain International Circuit,vettel,VET,5,Sebastian Vettel,Ferrari,13,12,12,Finished,0.0,0,0
2020,16,Sakhir Grand Prix,2020-12-06,Bahrain,Sakhir,Bahrain International Circuit,giovinazzi,GIO,99,Antonio Giovinazzi,Alfa Romeo,14,13,13,Finished,0.0,0,0
2020,16,Sakhir Grand Prix,2020-12-06,Bahrain,Sakhir,Bahrain International Circuit,raikkonen,RAI,7,Kimi Räikkönen,Alfa Romeo,18,14,14,Finished,0.0,0,0
2020,16,Sakhir Grand Prix,2020-12-06,Bahrain,Sakhir,Bahrain International Circuit,kevin_magnussen,MAG,20,Kevin Magnussen,Haas F1 Team,15,15,15,Finished,0.0,0,0
2020,16,Sakhir Grand Prix,2020-12-06,Bahrain,Sakhir,Bahrain International Circuit,aitken,AIT,89,Jack Aitken,Williams,17,16,16,Finished,0.0,0,0
2020,16,Sakhir Grand Prix,2020-12-06,Bahrain,Sakhir,Bahrain International Circuit,pietro_fittipaldi,FIT,51,Pietro Fittipaldi,Haas F1 Team,20,17,17,Finished,0.0,0,0
2020,16,Sakhir Grand Prix,2020-12-06,Bahrain,Sakhir,Bahrain International Circuit,latifi,LAT,6,Nicholas Latifi,Williams,16,18,R,Engine,0.0,0,0
2020,16,Sakhir Grand Prix,2020-12-06,Bahrain,Sakhir,Bahrain International Circuit,max_verstappen,VER,33,Max Verstappen,Red Bull,3,19,R,Accident,0.0,0,0
2020,16,Sakhir Grand Prix,2020-12-06,Bahrain,Sakhir,Bahrain International Circuit,leclerc,LEC,16,Charles Leclerc,Ferrari,4,20,R,Collision,0.0,0,0
2020,17,Abu Dhabi Grand Prix,2020-12-13,UAE,Abu Dhabi,Yas Marina Circuit,max_verstappen,VER,33,Max Verstappen,Red Bull,1,1,1,Finished,25.0,1,1
2020,17,Abu Dhabi Grand Prix,2020-12-13,UAE,Abu Dhabi,Yas Marina Circuit,bottas,BOT,77,Valtteri Bottas,Mercedes,2,2,2,Finished,18.0,1,1
2020,17,Abu Dhabi Grand Prix,2020-12-13,UAE,Abu Dhabi,Yas Marina Circuit,hamilton,HAM,44,Lewis Hamilton,Mercedes,3,3,3,Finished,15.0,1,1
2020,17,Abu Dhabi Grand Prix,2020-12-13,UAE,Abu Dhabi,Yas Marina Circuit,albon,ALB,23,Alexander Albon,Red Bull,5,4,4,Finished,12.0,0,1
2020,17,Abu Dhabi Grand Prix,2020-12-13,UAE,Abu Dhabi,Yas Marina Circuit,norris,NOR,4,Lando Norris,McLaren,4,5,5,Finished,10.0,0,1
2020,17,Abu Dhabi Grand Prix,2020-12-13,UAE,Abu Dhabi,Yas Marina Circuit,sainz,SAI,55,Carlos Sainz,McLaren,6,6,6,Finished,8.0,0,1
2020,17,Abu Dhabi Grand Prix,2020-12-13,UAE,Abu Dhabi,Yas Marina Circuit,ricciardo,RIC,3,Daniel Ricciardo,Renault,11,7,7,Finished,7.0,0,1
2020,17,Abu Dhabi Grand Prix,2020-12-13,UAE,Abu Dhabi,Yas Marina Circuit,gasly,GAS,10,Pierre Gasly,AlphaTauri,9,8,8,Finished,4.0,0,1
2020,17,Abu Dhabi Grand Prix,2020-12-13,UAE,Abu Dhabi,Yas Marina Circuit,ocon,OCO,31,Esteban Ocon,Renault,10,9,9,Finished,2.0,0,1
2020,17,Abu Dhabi Grand Prix,2020-12-13,UAE,Abu Dhabi,Yas Marina Circuit,stroll,STR,18,Lance Stroll,Racing Point,8,10,10,Finished,1.0,0,1
2020,17,Abu Dhabi Grand Prix,2020-12-13,UAE,Abu Dhabi,Yas Marina Circuit,kvyat,KVY,26,Daniil Kvyat,AlphaTauri,7,11,11,+1 Lap,0.0,0,0
2020,17,Abu Dhabi Grand Prix,2020-12-13,UAE,Abu Dhabi,Yas Marina Circuit,raikkonen,RAI,7,Kimi Räikkönen,Alfa Romeo,15,12,12,+1 Lap,0.0,0,0
2020,17,Abu Dhabi Grand Prix,2020-12-13,UAE,Abu Dhabi,Yas Marina Circuit,leclerc,LEC,16,Charles Leclerc,Ferrari,12,13,13,+1 Lap,0.0,0,0
2020,17,Abu Dhabi Grand Prix,2020-12-13,UAE,Abu Dhabi,Yas Marina Circuit,vettel,VET,5,Sebastian Vettel,Ferrari,13,14,14,+1 Lap,0.0,0,0
2020,17,Abu Dhabi Grand Prix,2020-12-13,UAE,Abu Dhabi,Yas Marina Circuit,russell,RUS,63,George Russell,Williams,16,15,15,+1 Lap,0.0,0,0
2020,17,Abu Dhabi Grand Prix,2020-12-13,UAE,Abu Dhabi,Yas Marina Circuit,giovinazzi,GIO,99,Antonio Giovinazzi,Alfa Romeo,14,16,16,+1 Lap,0.0,0,0
2020,17,Abu Dhabi Grand Prix,2020-12-13,UAE,Abu Dhabi,Yas Marina Circuit,latifi,LAT,6,Nicholas Latifi,Williams,18,17,17,+1 Lap,0.0,0,0
2020,17,Abu Dhabi Grand Prix,2020-12-13,UAE,Abu Dhabi,Yas Marina Circuit,kevin_magnussen,MAG,20,Kevin Magnussen,Haas F1 Team,20,18,18,+1 Lap,0.0,0,0
2020,17,Abu Dhabi Grand Prix,2020-12-13,UAE,Abu Dhabi,Yas Marina Circuit,pietro_fittipaldi,FIT,51,Pietro Fittipaldi,Haas F1 Team,17,19,19,+2 Laps,0.0,0,0
2020,17,Abu Dhabi Grand Prix,2020-12-13,UAE,Abu Dhabi,Yas Marina Circuit,perez,PER,11,Sergio Pérez,Racing Point,19,20,R,Transmission,0.0,0,0
2021,1,Bahrain Grand Prix,2021-03-28,Bahrain,Sakhir,Bahrain International Circuit,hamilton,HAM,44,Lewis Hamilton,Mercedes,2,1,1,Finished,25.0,1,1
2021,1,Bahrain Grand Prix,2021-03-28,Bahrain,Sakhir,Bahrain International Circuit,max_verstappen,VER,33,Max Verstappen,Red Bull,1,2,2,Finished,18.0,1,1
2021,1,Bahrain Grand Prix,2021-03-28,Bahrain,Sakhir,Bahrain International Circuit,bottas,BOT,77,Valtteri Bottas,Mercedes,3,3,3,Finished,16.0,1,1
2021,1,Bahrain Grand Prix,2021-03-28,Bahrain,Sakhir,Bahrain International Circuit,norris,NOR,4,Lando Norris,McLaren,7,4,4,Finished,12.0,0,1
2021,1,Bahrain Grand Prix,2021-03-28,Bahrain,Sakhir,Bahrain International Circuit,perez,PER,11,Sergio Pérez,Red Bull,0,5,5,Finished,10.0,0,1
2021,1,Bahrain Grand Prix,2021-03-28,Bahrain,Sakhir,Bahrain International Circuit,leclerc,LEC,16,Charles Leclerc,Ferrari,4,6,6,Finished,8.0,0,1
2021,1,Bahrain Grand Prix,2021-03-28,Bahrain,Sakhir,Bahrain International Circuit,ricciardo,RIC,3,Daniel Ricciardo,McLaren,6,7,7,Finished,6.0,0,1
2021,1,Bahrain Grand Prix,2021-03-28,Bahrain,Sakhir,Bahrain International Circuit,sainz,SAI,55,Carlos Sainz,Ferrari,8,8,8,Finished,4.0,0,1
2021,1,Bahrain Grand Prix,2021-03-28,Bahrain,Sakhir,Bahrain International Circuit,tsunoda,TSU,22,Yuki Tsunoda,AlphaTauri,13,9,9,Finished,2.0,0,1
2021,1,Bahrain Grand Prix,2021-03-28,Bahrain,Sakhir,Bahrain International Circuit,stroll,STR,18,Lance Stroll,Aston Martin,10,10,10,Finished,1.0,0,1
2021,1,Bahrain Grand Prix,2021-03-28,Bahrain,Sakhir,Bahrain International Circuit,raikkonen,RAI,7,Kimi Räikkönen,Alfa Romeo,14,11,11,Finished,0.0,0,0
2021,1,Bahrain Grand Prix,2021-03-28,Bahrain,Sakhir,Bahrain International Circuit,giovinazzi,GIO,99,Antonio Giovinazzi,Alfa Romeo,12,12,12,+1 Lap,0.0,0,0
2021,1,Bahrain Grand Prix,2021-03-28,Bahrain,Sakhir,Bahrain International Circuit,ocon,OCO,31,Esteban Ocon,Alpine F1 Team,16,13,13,+1 Lap,0.0,0,0
2021,1,Bahrain Grand Prix,2021-03-28,Bahrain,Sakhir,Bahrain International Circuit,russell,RUS,63,George Russell,Williams,15,14,14,+1 Lap,0.0,0,0
2021,1,Bahrain Grand Prix,2021-03-28,Bahrain,Sakhir,Bahrain International Circuit,vettel,VET,5,Sebastian Vettel,Aston Martin,20,15,15,+1 Lap,0.0,0,0
2021,1,Bahrain Grand Prix,2021-03-28,Bahrain,Sakhir,Bahrain International Circuit,mick_schumacher,MSC,47,Mick Schumacher,Haas F1 Team,18,16,16,+1 Lap,0.0,0,0
2021,1,Bahrain Grand Prix,2021-03-28,Bahrain,Sakhir,Bahrain International Circuit,gasly,GAS,10,Pierre Gasly,AlphaTauri,5,17,17,Retired,0.0,0,0
2021,1,Bahrain Grand Prix,2021-03-28,Bahrain,Sakhir,Bahrain International Circuit,latifi,LAT,6,Nicholas Latifi,Williams,17,18,18,Retired,0.0,0,0
2021,1,Bahrain Grand Prix,2021-03-28,Bahrain,Sakhir,Bahrain International Circuit,alonso,ALO,14,Fernando Alonso,Alpine F1 Team,9,19,R,Brakes,0.0,0,0
2021,1,Bahrain Grand Prix,2021-03-28,Bahrain,Sakhir,Bahrain International Circuit,mazepin,MAZ,9,Nikita Mazepin,Haas F1 Team,19,20,R,Accident,0.0,0,0
2021,2,Emilia Romagna Grand Prix,2021-04-18,Italy,Imola,Autodromo Enzo e Dino Ferrari,max_verstappen,VER,33,Max Verstappen,Red Bull,3,1,1,Finished,25.0,1,1
2021,2,Emilia Romagna Grand Prix,2021-04-18,Italy,Imola,Autodromo Enzo e Dino Ferrari,hamilton,HAM,44,Lewis Hamilton,Mercedes,1,2,2,Finished,19.0,1,1
2021,2,Emilia Romagna Grand Prix,2021-04-18,Italy,Imola,Autodromo Enzo e Dino Ferrari,norris,NOR,4,Lando Norris,McLaren,7,3,3,Finished,15.0,1,1
2021,2,Emilia Romagna Grand Prix,2021-04-18,Italy,Imola,Autodromo Enzo e Dino Ferrari,leclerc,LEC,16,Charles Leclerc,Ferrari,4,4,4,Finished,12.0,0,1
2021,2,Emilia Romagna Grand Prix,2021-04-18,Italy,Imola,Autodromo Enzo e Dino Ferrari,sainz,SAI,55,Carlos Sainz,Ferrari,11,5,5,Finished,10.0,0,1
2021,2,Emilia Romagna Grand Prix,2021-04-18,Italy,Imola,Autodromo Enzo e Dino Ferrari,ricciardo,RIC,3,Daniel Ricciardo,McLaren,6,6,6,Finished,8.0,0,1
2021,2,Emilia Romagna Grand Prix,2021-04-18,Italy,Imola,Autodromo Enzo e Dino Ferrari,gasly,GAS,10,Pierre Gasly,AlphaTauri,5,7,7,Finished,6.0,0,1
2021,2,Emilia Romagna Grand Prix,2021-04-18,Italy,Imola,Autodromo Enzo e Dino Ferrari,stroll,STR,18,Lance Stroll,Aston Martin,10,8,8,Finished,4.0,0,1
2021,2,Emilia Romagna Grand Prix,2021-04-18,Italy,Imola,Autodromo Enzo e Dino Ferrari,ocon,OCO,31,Esteban Ocon,Alpine F1 Team,9,9,9,Finished,2.0,0,1
2021,2,Emilia Romagna Grand Prix,2021-04-18,Italy,Imola,Autodromo Enzo e Dino Ferrari,alonso,ALO,14,Fernando Alonso,Alpine F1 Team,15,10,10,Finished,1.0,0,1
2021,2,Emilia Romagna Grand Prix,2021-04-18,Italy,Imola,Autodromo Enzo e Dino Ferrari,perez,PER,11,Sergio Pérez,Red Bull,2,11,11,Finished,0.0,0,0
2021,2,Emilia Romagna Grand Prix,2021-04-18,Italy,Imola,Autodromo Enzo e Dino Ferrari,tsunoda,TSU,22,Yuki Tsunoda,AlphaTauri,20,12,12,Finished,0.0,0,0
2021,2,Emilia Romagna Grand Prix,2021-04-18,Italy,Imola,Autodromo Enzo e Dino Ferrari,raikkonen,RAI,7,Kimi Räikkönen,Alfa Romeo,16,13,13,Finished,0.0,0,0
2021,2,Emilia Romagna Grand Prix,2021-04-18,Italy,Imola,Autodromo Enzo e Dino Ferrari,giovinazzi,GIO,99,Antonio Giovinazzi,Alfa Romeo,17,14,14,+1 Lap,0.0,0,0
2021,2,Emilia Romagna Grand Prix,2021-04-18,Italy,Imola,Autodromo Enzo e Dino Ferrari,vettel,VET,5,Sebastian Vettel,Aston Martin,0,15,15,Gearbox,0.0,0,0
2021,2,Emilia Romagna Grand Prix,2021-04-18,Italy,Imola,Autodromo Enzo e Dino Ferrari,mick_schumacher,MSC,47,Mick Schumacher,Haas F1 Team,18,16,16,+2 Laps,0.0,0,0
2021,2,Emilia Romagna Grand Prix,2021-04-18,Italy,Imola,Autodromo Enzo e Dino Ferrari,mazepin,MAZ,9,Nikita Mazepin,Haas F1 Team,19,17,17,+2 Laps,0.0,0,0
2021,2,Emilia Romagna Grand Prix,2021-04-18,Italy,Imola,Autodromo Enzo e Dino Ferrari,bottas,BOT,77,Valtteri Bottas,Mercedes,8,18,R,Collision,0.0,0,0
2021,2,Emilia Romagna Grand Prix,2021-04-18,Italy,Imola,Autodromo Enzo e Dino Ferrari,russell,RUS,63,George Russell,Williams,12,19,R,Collision,0.0,0,0
2021,2,Emilia Romagna Grand Prix,2021-04-18,Italy,Imola,Autodromo Enzo e Dino Ferrari,latifi,LAT,6,Nicholas Latifi,Williams,14,20,R,Collision,0.0,0,0
2021,3,Portuguese Grand Prix,2021-05-02,Portugal,Portimão,Autódromo Internacional do Algarve,hamilton,HAM,44,Lewis Hamilton,Mercedes,2,1,1,Finished,25.0,1,1
2021,3,Portuguese Grand Prix,2021-05-02,Portugal,Portimão,Autódromo Internacional do Algarve,max_verstappen,VER,33,Max Verstappen,Red Bull,3,2,2,Finished,18.0,1,1
2021,3,Portuguese Grand Prix,2021-05-02,Portugal,Portimão,Autódromo Internacional do Algarve,bottas,BOT,77,Valtteri Bottas,Mercedes,1,3,3,Finished,16.0,1,1
2021,3,Portuguese Grand Prix,2021-05-02,Portugal,Portimão,Autódromo Internacional do Algarve,perez,PER,11,Sergio Pérez,Red Bull,4,4,4,Finished,12.0,0,1
2021,3,Portuguese Grand Prix,2021-05-02,Portugal,Portimão,Autódromo Internacional do Algarve,norris,NOR,4,Lando Norris,McLaren,7,5,5,Finished,10.0,0,1
2021,3,Portuguese Grand Prix,2021-05-02,Portugal,Portimão,Autódromo Internacional do Algarve,leclerc,LEC,16,Charles Leclerc,Ferrari,8,6,6,Finished,8.0,0,1
2021,3,Portuguese Grand Prix,2021-05-02,Portugal,Portimão,Autódromo Internacional do Algarve,ocon,OCO,31,Esteban Ocon,Alpine F1 Team,6,7,7,Finished,6.0,0,1
2021,3,Portuguese Grand Prix,2021-05-02,Portugal,Portimão,Autódromo Internacional do Algarve,alonso,ALO,14,Fernando Alonso,Alpine F1 Team,13,8,8,Finished,4.0,0,1
2021,3,Portuguese Grand Prix,2021-05-02,Portugal,Portimão,Autódromo Internacional do Algarve,ricciardo,RIC,3,Daniel Ricciardo,McLaren,16,9,9,Finished,2.0,0,1
2021,3,Portuguese Grand Prix,2021-05-02,Portugal,Portimão,Autódromo Internacional do Algarve,gasly,GAS,10,Pierre Gasly,AlphaTauri,9,10,10,Finished,1.0,0,1
2021,3,Portuguese Grand Prix,2021-05-02,Portugal,Portimão,Autódromo Internacional do Algarve,sainz,SAI,55,Carlos Sainz,Ferrari,5,11,11,Finished,0.0,0,0
2021,3,Portuguese Grand Prix,2021-05-02,Portugal,Portimão,Autódromo Internacional do Algarve,giovinazzi,GIO,99,Antonio Giovinazzi,Alfa Romeo,12,12,12,+1 Lap,0.0,0,0
2021,3,Portuguese Grand Prix,2021-05-02,Portugal,Portimão,Autódromo Internacional do Algarve,vettel,VET,5,Sebastian Vettel,Aston Martin,10,13,13,+1 Lap,0.0,0,0
2021,3,Portuguese Grand Prix,2021-05-02,Portugal,Portimão,Autódromo Internacional do Algarve,stroll,STR,18,Lance Stroll,Aston Martin,17,14,14,+1 Lap,0.0,0,0
2021,3,Portuguese Grand Prix,2021-05-02,Portugal,Portimão,Autódromo Internacional do Algarve,tsunoda,TSU,22,Yuki Tsunoda,AlphaTauri,14,15,15,+1 Lap,0.0,0,0
2021,3,Portuguese Grand Prix,2021-05-02,Portugal,Portimão,Autódromo Internacional do Algarve,russell,RUS,63,George Russell,Williams,11,16,16,+1 Lap,0.0,0,0
2021,3,Portuguese Grand Prix,2021-05-02,Portugal,Portimão,Autódromo Internacional do Algarve,mick_schumacher,MSC,47,Mick Schumacher,Haas F1 Team,19,17,17,+2 Laps,0.0,0,0
2021,3,Portuguese Grand Prix,2021-05-02,Portugal,Portimão,Autódromo Internacional do Algarve,latifi,LAT,6,Nicholas Latifi,Williams,18,18,18,+2 Laps,0.0,0,0
2021,3,Portuguese Grand Prix,2021-05-02,Portugal,Portimão,Autódromo Internacional do Algarve,mazepin,MAZ,9,Nikita Mazepin,Haas F1 Team,20,19,19,+2 Laps,0.0,0,0
2021,3,Portuguese Grand Prix,2021-05-02,Portugal,Portimão,Autódromo Internacional do Algarve,raikkonen,RAI,7,Kimi Räikkönen,Alfa Romeo,15,20,R,Collision damage,0.0,0,0
2021,4,Spanish Grand Prix,2021-05-09,Spain,Barcelona,Circuit de Barcelona-Catalunya,hamilton,HAM,44,Lewis Hamilton,Mercedes,1,1,1,Finished,25.0,1,1
2021,4,Spanish Grand Prix,2021-05-09,Spain,Barcelona,Circuit de Barcelona-Catalunya,max_verstappen,VER,33,Max Verstappen,Red Bull,2,2,2,Finished,19.0,1,1
2021,4,Spanish Grand Prix,2021-05-09,Spain,Barcelona,Circuit de Barcelona-Catalunya,bottas,BOT,77,Valtteri Bottas,Mercedes,3,3,3,Finished,15.0,1,1
2021,4,Spanish Grand Prix,2021-05-09,Spain,Barcelona,Circuit de Barcelona-Catalunya,leclerc,LEC,16,Charles Leclerc,Ferrari,4,4,4,Finished,12.0,0,1
2021,4,Spanish Grand Prix,2021-05-09,Spain,Barcelona,Circuit de Barcelona-Catalunya,perez,PER,11,Sergio Pérez,Red Bull,8,5,5,Finished,10.0,0,1
2021,4,Spanish Grand Prix,2021-05-09,Spain,Barcelona,Circuit de Barcelona-Catalunya,ricciardo,RIC,3,Daniel Ricciardo,McLaren,7,6,6,Finished,8.0,0,1
2021,4,Spanish Grand Prix,2021-05-09,Spain,Barcelona,Circuit de Barcelona-Catalunya,sainz,SAI,55,Carlos Sainz,Ferrari,6,7,7,Finished,6.0,0,1
2021,4,Spanish Grand Prix,2021-05-09,Spain,Barcelona,Circuit de Barcelona-Catalunya,norris,NOR,4,Lando Norris,McLaren,9,8,8,+1 Lap,4.0,0,1
2021,4,Spanish Grand Prix,2021-05-09,Spain,Barcelona,Circuit de Barcelona-Catalunya,ocon,OCO,31,Esteban Ocon,Alpine F1 Team,5,9,9,+1 Lap,2.0,0,1
2021,4,Spanish Grand Prix,2021-05-09,Spain,Barcelona,Circuit de Barcelona-Catalunya,gasly,GAS,10,Pierre Gasly,AlphaTauri,12,10,10,+1 Lap,1.0,0,1
2021,4,Spanish Grand Prix,2021-05-09,Spain,Barcelona,Circuit de Barcelona-Catalunya,stroll,STR,18,Lance Stroll,Aston Martin,11,11,11,+1 Lap,0.0,0,0
2021,4,Spanish Grand Prix,2021-05-09,Spain,Barcelona,Circuit de Barcelona-Catalunya,raikkonen,RAI,7,Kimi Räikkönen,Alfa Romeo,17,12,12,+1 Lap,0.0,0,0
2021,4,Spanish Grand Prix,2021-05-09,Spain,Barcelona,Circuit de Barcelona-Catalunya,vettel,VET,5,Sebastian Vettel,Aston Martin,13,13,13,+1 Lap,0.0,0,0
2021,4,Spanish Grand Prix,2021-05-09,Spain,Barcelona,Circuit de Barcelona-Catalunya,russell,RUS,63,George Russell,Williams,15,14,14,+1 Lap,0.0,0,0
2021,4,Spanish Grand Prix,2021-05-09,Spain,Barcelona,Circuit de Barcelona-Catalunya,giovinazzi,GIO,99,Antonio Giovinazzi,Alfa Romeo,14,15,15,+1 Lap,0.0,0,0
2021,4,Spanish Grand Prix,2021-05-09,Spain,Barcelona,Circuit de Barcelona-Catalunya,latifi,LAT,6,Nicholas Latifi,Williams,19,16,16,+1 Lap,0.0,0,0
2021,4,Spanish Grand Prix,2021-05-09,Spain,Barcelona,Circuit de Barcelona-Catalunya,alonso,ALO,14,Fernando Alonso,Alpine F1 Team,10,17,17,+1 Lap,0.0,0,0
2021,4,Spanish Grand Prix,2021-05-09,Spain,Barcelona,Circuit de Barcelona-Catalunya,mick_schumacher,MSC,47,Mick Schumacher,Haas F1 Team,18,18,18,+2 Laps,0.0,0,0
2021,4,Spanish Grand Prix,2021-05-09,Spain,Barcelona,Circuit de Barcelona-Catalunya,mazepin,MAZ,9,Nikita Mazepin,Haas F1 Team,20,19,19,+2 Laps,0.0,0,0
2021,4,Spanish Grand Prix,2021-05-09,Spain,Barcelona,Circuit de Barcelona-Catalunya,tsunoda,TSU,22,Yuki Tsunoda,AlphaTauri,16,20,R,Electrical,0.0,0,0
2021,5,Monaco Grand Prix,2021-05-23,Monaco,Monte Carlo,Circuit de Monaco,max_verstappen,VER,33,Max Verstappen,Red Bull,2,1,1,Finished,25.0,1,1
2021,5,Monaco Grand Prix,2021-05-23,Monaco,Monte Carlo,Circuit de Monaco,sainz,SAI,55,Carlos Sainz,Ferrari,4,2,2,Finished,18.0,1,1
2021,5,Monaco Grand Prix,2021-05-23,Monaco,Monte Carlo,Circuit de Monaco,norris,NOR,4,Lando Norris,McLaren,5,3,3,Finished,15.0,1,1
2021,5,Monaco Grand Prix,2021-05-23,Monaco,Monte Carlo,Circuit de Monaco,perez,PER,11,Sergio Pérez,Red Bull,9,4,4,Finished,12.0,0,1
2021,5,Monaco Grand Prix,2021-05-23,Monaco,Monte Carlo,Circuit de Monaco,vettel,VET,5,Sebastian Vettel,Aston Martin,8,5,5,Finished,10.0,0,1
2021,5,Monaco Grand Prix,2021-05-23,Monaco,Monte Carlo,Circuit de Monaco,gasly,GAS,10,Pierre Gasly,AlphaTauri,6,6,6,Finished,8.0,0,1
2021,5,Monaco Grand Prix,2021-05-23,Monaco,Monte Carlo,Circuit de Monaco,hamilton,HAM,44,Lewis Hamilton,Mercedes,7,7,7,Finished,7.0,0,1
2021,5,Monaco Grand Prix,2021-05-23,Monaco,Monte Carlo,Circuit de Monaco,stroll,STR,18,Lance Stroll,Aston Martin,13,8,8,+1 Lap,4.0,0,1
2021,5,Monaco Grand Prix,2021-05-23,Monaco,Monte Carlo,Circuit de Monaco,ocon,OCO,31,Esteban Ocon,Alpine F1 Team,11,9,9,+1 Lap,2.0,0,1
2021,5,Monaco Grand Prix,2021-05-23,Monaco,Monte Carlo,Circuit de Monaco,giovinazzi,GIO,99,Antonio Giovinazzi,Alfa Romeo,10,10,10,+1 Lap,1.0,0,1
2021,5,Monaco Grand Prix,2021-05-23,Monaco,Monte Carlo,Circuit de Monaco,raikkonen,RAI,7,Kimi Räikkönen,Alfa Romeo,14,11,11,+1 Lap,0.0,0,0
2021,5,Monaco Grand Prix,2021-05-23,Monaco,Monte Carlo,Circuit de Monaco,ricciardo,RIC,3,Daniel Ricciardo,McLaren,12,12,12,+1 Lap,0.0,0,0
2021,5,Monaco Grand Prix,2021-05-23,Monaco,Monte Carlo,Circuit de Monaco,alonso,ALO,14,Fernando Alonso,Alpine F1 Team,17,13,13,+1 Lap,0.0,0,0
2021,5,Monaco Grand Prix,2021-05-23,Monaco,Monte Carlo,Circuit de Monaco,russell,RUS,63,George Russell,Williams,15,14,14,+1 Lap,0.0,0,0
2021,5,Monaco Grand Prix,2021-05-23,Monaco,Monte Carlo,Circuit de Monaco,latifi,LAT,6,Nicholas Latifi,Williams,18,15,15,+1 Lap,0.0,0,0
2021,5,Monaco Grand Prix,2021-05-23,Monaco,Monte Carlo,Circuit de Monaco,tsunoda,TSU,22,Yuki Tsunoda,AlphaTauri,16,16,16,+1 Lap,0.0,0,0
2021,5,Monaco Grand Prix,2021-05-23,Monaco,Monte Carlo,Circuit de Monaco,mazepin,MAZ,9,Nikita Mazepin,Haas F1 Team,19,17,17,+3 Laps,0.0,0,0
2021,5,Monaco Grand Prix,2021-05-23,Monaco,Monte Carlo,Circuit de Monaco,mick_schumacher,MSC,47,Mick Schumacher,Haas F1 Team,20,18,18,+3 Laps,0.0,0,0
2021,5,Monaco Grand Prix,2021-05-23,Monaco,Monte Carlo,Circuit de Monaco,bottas,BOT,77,Valtteri Bottas,Mercedes,3,19,R,Wheel nut,0.0,0,0
2021,5,Monaco Grand Prix,2021-05-23,Monaco,Monte Carlo,Circuit de Monaco,leclerc,LEC,16,Charles Leclerc,Ferrari,1,20,W,Driveshaft,0.0,0,0
2021,6,Azerbaijan Grand Prix,2021-06-06,Azerbaijan,Baku,Baku City Circuit,perez,PER,11,Sergio Pérez,Red Bull,6,1,1,Finished,25.0,1,1
2021,6,Azerbaijan Grand Prix,2021-06-06,Azerbaijan,Baku,Baku City Circuit,vettel,VET,5,Sebastian Vettel,Aston Martin,11,2,2,Finished,18.0,1,1
2021,6,Azerbaijan Grand Prix,2021-06-06,Azerbaijan,Baku,Baku City Circuit,gasly,GAS,10,Pierre Gasly,AlphaTauri,4,3,3,Finished,15.0,1,1
2021,6,Azerbaijan Grand Prix,2021-06-06,Azerbaijan,Baku,Baku City Circuit,leclerc,LEC,16,Charles Leclerc,Ferrari,1,4,4,Finished,12.0,0,1
2021,6,Azerbaijan Grand Prix,2021-06-06,Azerbaijan,Baku,Baku City Circuit,norris,NOR,4,Lando Norris,McLaren,9,5,5,Finished,10.0,0,1
2021,6,Azerbaijan Grand Prix,2021-06-06,Azerbaijan,Baku,Baku City Circuit,alonso,ALO,14,Fernando Alonso,Alpine F1 Team,8,6,6,Finished,8.0,0,1
2021,6,Azerbaijan Grand Prix,2021-06-06,Azerbaijan,Baku,Baku City Circuit,tsunoda,TSU,22,Yuki Tsunoda,AlphaTauri,7,7,7,Finished,6.0,0,1
2021,6,Azerbaijan Grand Prix,2021-06-06,Azerbaijan,Baku,Baku City Circuit,sainz,SAI,55,Carlos Sainz,Ferrari,5,8,8,Finished,4.0,0,1
2021,6,Azerbaijan Grand Prix,2021-06-06,Azerbaijan,Baku,Baku City Circuit,ricciardo,RIC,3,Daniel Ricciardo,McLaren,13,9,9,Finished,2.0,0,1
2021,6,Azerbaijan Grand Prix,2021-06-06,Azerbaijan,Baku,Baku City Circuit,raikkonen,RAI,7,Kimi Räikkönen,Alfa Romeo,14,10,10,Finished,1.0,0,1
2021,6,Azerbaijan Grand Prix,2021-06-06,Azerbaijan,Baku,Baku City Circuit,giovinazzi,GIO,99,Antonio Giovinazzi,Alfa Romeo,20,11,11,Finished,0.0,0,0
2021,6,Azerbaijan Grand Prix,2021-06-06,Azerbaijan,Baku,Baku City Circuit,bottas,BOT,77,Valtteri Bottas,Mercedes,10,12,12,Finished,0.0,0,0
2021,6,Azerbaijan Grand Prix,2021-06-06,Azerbaijan,Baku,Baku City Circuit,mick_schumacher,MSC,47,Mick Schumacher,Haas F1 Team,17,13,13,Finished,0.0,0,0
2021,6,Azerbaijan Grand Prix,2021-06-06,Azerbaijan,Baku,Baku City Circuit,mazepin,MAZ,9,Nikita Mazepin,Haas F1 Team,18,14,14,Finished,0.0,0,0
2021,6,Azerbaijan Grand Prix,2021-06-06,Azerbaijan,Baku,Baku City Circuit,hamilton,HAM,44,Lewis Hamilton,Mercedes,2,15,15,Finished,0.0,0,0
2021,6,Azerbaijan Grand Prix,2021-06-06,Azerbaijan,Baku,Baku City Circuit,latifi,LAT,6,Nicholas Latifi,Williams,16,16,16,Finished,0.0,0,0
2021,6,Azerbaijan Grand Prix,2021-06-06,Azerbaijan,Baku,Baku City Circuit,russell,RUS,63,George Russell,Williams,15,17,R,Gearbox,0.0,0,0
2021,6,Azerbaijan Grand Prix,2021-06-06,Azerbaijan,Baku,Baku City Circuit,max_verstappen,VER,33,Max Verstappen,Red Bull,3,18,R,Accident,0.0,0,0
2021,6,Azerbaijan Grand Prix,2021-06-06,Azerbaijan,Baku,Baku City Circuit,stroll,STR,18,Lance Stroll,Aston Martin,19,19,R,Accident,0.0,0,0
2021,6,Azerbaijan Grand Prix,2021-06-06,Azerbaijan,Baku,Baku City Circuit,ocon,OCO,31,Esteban Ocon,Alpine F1 Team,12,20,R,Turbo,0.0,0,0
2021,7,French Grand Prix,2021-06-20,France,Le Castellet,Circuit Paul Ricard,max_verstappen,VER,33,Max Verstappen,Red Bull,1,1,1,Finished,26.0,1,1
2021,7,French Grand Prix,2021-06-20,France,Le Castellet,Circuit Paul Ricard,hamilton,HAM,44,Lewis Hamilton,Mercedes,2,2,2,Finished,18.0,1,1
2021,7,French Grand Prix,2021-06-20,France,Le Castellet,Circuit Paul Ricard,perez,PER,11,Sergio Pérez,Red Bull,4,3,3,Finished,15.0,1,1
2021,7,French Grand Prix,2021-06-20,France,Le Castellet,Circuit Paul Ricard,bottas,BOT,77,Valtteri Bottas,Mercedes,3,4,4,Finished,12.0,0,1
2021,7,French Grand Prix,2021-06-20,France,Le Castellet,Circuit Paul Ricard,norris,NOR,4,Lando Norris,McLaren,8,5,5,Finished,10.0,0,1
2021,7,French Grand Prix,2021-06-20,France,Le Castellet,Circuit Paul Ricard,ricciardo,RIC,3,Daniel Ricciardo,McLaren,10,6,6,Finished,8.0,0,1
2021,7,French Grand Prix,2021-06-20,France,Le Castellet,Circuit Paul Ricard,gasly,GAS,10,Pierre Gasly,AlphaTauri,6,7,7,Finished,6.0,0,1
2021,7,French Grand Prix,2021-06-20,France,Le Castellet,Circuit Paul Ricard,alonso,ALO,14,Fernando Alonso,Alpine F1 Team,9,8,8,Finished,4.0,0,1
2021,7,French Grand Prix,2021-06-20,France,Le Castellet,Circuit Paul Ricard,vettel,VET,5,Sebastian Vettel,Aston Martin,12,9,9,Finished,2.0,0,1
2021,7,French Grand Prix,2021-06-20,France,Le Castellet,Circuit Paul Ricard,stroll,STR,18,Lance Stroll,Aston Martin,19,10,10,Finished,1.0,0,1
2021,7,French Grand Prix,2021-06-20,France,Le Castellet,Circuit Paul Ricard,sainz,SAI,55,Carlos Sainz,Ferrari,5,11,11,Finished,0.0,0,0
2021,7,French Grand Prix,2021-06-20,France,Le Castellet,Circuit Paul Ricard,russell,RUS,63,George Russell,Williams,14,12,12,+1 Lap,0.0,0,0
2021,7,French Grand Prix,2021-06-20,France,Le Castellet,Circuit Paul Ricard,tsunoda,TSU,22,Yuki Tsunoda,AlphaTauri,0,13,13,+1 Lap,0.0,0,0
2021,7,French Grand Prix,2021-06-20,France,Le Castellet,Circuit Paul Ricard,ocon,OCO,31,Esteban Ocon,Alpine F1 Team,11,14,14,+1 Lap,0.0,0,0
2021,7,French Grand Prix,2021-06-20,France,Le Castellet,Circuit Paul Ricard,giovinazzi,GIO,99,Antonio Giovinazzi,Alfa Romeo,13,15,15,+1 Lap,0.0,0,0
2021,7,French Grand Prix,2021-06-20,France,Le Castellet,Circuit Paul Ricard,leclerc,LEC,16,Charles Leclerc,Ferrari,7,16,16,+1 Lap,0.0,0,0
2021,7,French Grand Prix,2021-06-20,France,Le Castellet,Circuit Paul Ricard,raikkonen,RAI,7,Kimi Räikkönen,Alfa Romeo,17,17,17,+1 Lap,0.0,0,0
2021,7,French Grand Prix,2021-06-20,France,Le Castellet,Circuit Paul Ricard,latifi,LAT,6,Nicholas Latifi,Williams,16,18,18,+1 Lap,0.0,0,0
2021,7,French Grand Prix,2021-06-20,France,Le Castellet,Circuit Paul Ricard,mick_schumacher,MSC,47,Mick Schumacher,Haas F1 Team,15,19,19,+1 Lap,0.0,0,0
2021,7,French Grand Prix,2021-06-20,France,Le Castellet,Circuit Paul Ricard,mazepin,MAZ,9,Nikita Mazepin,Haas F1 Team,18,20,20,+1 Lap,0.0,0,0
2021,8,Styrian Grand Prix,2021-06-27,Austria,Spielberg,Red Bull Ring,max_verstappen,VER,33,Max Verstappen,Red Bull,1,1,1,Finished,25.0,1,1
2021,8,Styrian Grand Prix,2021-06-27,Austria,Spielberg,Red Bull Ring,hamilton,HAM,44,Lewis Hamilton,Mercedes,2,2,2,Finished,19.0,1,1
2021,8,Styrian Grand Prix,2021-06-27,Austria,Spielberg,Red Bull Ring,bottas,BOT,77,Valtteri Bottas,Mercedes,5,3,3,Finished,15.0,1,1
2021,8,Styrian Grand Prix,2021-06-27,Austria,Spielberg,Red Bull Ring,perez,PER,11,Sergio Pérez,Red Bull,4,4,4,Finished,12.0,0,1
2021,8,Styrian Grand Prix,2021-06-27,Austria,Spielberg,Red Bull Ring,norris,NOR,4,Lando Norris,McLaren,3,5,5,+1 Lap,10.0,0,1
2021,8,Styrian Grand Prix,2021-06-27,Austria,Spielberg,Red Bull Ring,sainz,SAI,55,Carlos Sainz,Ferrari,12,6,6,+1 Lap,8.0,0,1
2021,8,Styrian Grand Prix,2021-06-27,Austria,Spielberg,Red Bull Ring,leclerc,LEC,16,Charles Leclerc,Ferrari,7,7,7,+1 Lap,6.0,0,1
2021,8,Styrian Grand Prix,2021-06-27,Austria,Spielberg,Red Bull Ring,stroll,STR,18,Lance Stroll,Aston Martin,9,8,8,+1 Lap,4.0,0,1
2021,8,Styrian Grand Prix,2021-06-27,Austria,Spielberg,Red Bull Ring,alonso,ALO,14,Fernando Alonso,Alpine F1 Team,8,9,9,+1 Lap,2.0,0,1
2021,8,Styrian Grand Prix,2021-06-27,Austria,Spielberg,Red Bull Ring,tsunoda,TSU,22,Yuki Tsunoda,AlphaTauri,11,10,10,+1 Lap,1.0,0,1
2021,8,Styrian Grand Prix,2021-06-27,Austria,Spielberg,Red Bull Ring,raikkonen,RAI,7,Kimi Räikkönen,Alfa Romeo,18,11,11,+1 Lap,0.0,0,0
2021,8,Styrian Grand Prix,2021-06-27,Austria,Spielberg,Red Bull Ring,vettel,VET,5,Sebastian Vettel,Aston Martin,14,12,12,+1 Lap,0.0,0,0
2021,8,Styrian Grand Prix,2021-06-27,Austria,Spielberg,Red Bull Ring,ricciardo,RIC,3,Daniel Ricciardo,McLaren,13,13,13,+1 Lap,0.0,0,0
2021,8,Styrian Grand Prix,2021-06-27,Austria,Spielberg,Red Bull Ring,ocon,OCO,31,Esteban Ocon,Alpine F1 Team,17,14,14,+1 Lap,0.0,0,0
2021,8,Styrian Grand Prix,2021-06-27,Austria,Spielberg,Red Bull Ring,giovinazzi,GIO,99,Antonio Giovinazzi,Alfa Romeo,15,15,15,+1 Lap,0.0,0,0
2021,8,Styrian Grand Prix,2021-06-27,Austria,Spielberg,Red Bull Ring,mick_schumacher,MSC,47,Mick Schumacher,Haas F1 Team,19,16,16,+2 Laps,0.0,0,0
2021,8,Styrian Grand Prix,2021-06-27,Austria,Spielberg,Red Bull Ring,latifi,LAT,6,Nicholas Latifi,Williams,16,17,17,+3 Laps,0.0,0,0
2021,8,Styrian Grand Prix,2021-06-27,Austria,Spielberg,Red Bull Ring,mazepin,MAZ,9,Nikita Mazepin,Haas F1 Team,20,18,18,+3 Laps,0.0,0,0
2021,8,Styrian Grand Prix,2021-06-27,Austria,Spielberg,Red Bull Ring,russell,RUS,63,George Russell,Williams,10,19,R,Engine,0.0,0,0
2021,8,Styrian Grand Prix,2021-06-27,Austria,Spielberg,Red Bull Ring,gasly,GAS,10,Pierre Gasly,AlphaTauri,6,20,R,Collision,0.0,0,0
2021,9,Austrian Grand Prix,2021-07-04,Austria,Spielberg,Red Bull Ring,max_verstappen,VER,33,Max Verstappen,Red Bull,1,1,1,Finished,26.0,1,1
2021,9,Austrian Grand Prix,2021-07-04,Austria,Spielberg,Red Bull Ring,bottas,BOT,77,Valtteri Bottas,Mercedes,5,2,2,Finished,18.0,1,1
2021,9,Austrian Grand Prix,2021-07-04,Austria,Spielberg,Red Bull Ring,norris,NOR,4,Lando Norris,McLaren,2,3,3,Finished,15.0,1,1
2021,9,Austrian Grand Prix,2021-07-04,Austria,Spielberg,Red Bull Ring,hamilton,HAM,44,Lewis Hamilton,Mercedes,4,4,4,Finished,12.0,0,1
2021,9,Austrian Grand Prix,2021-07-04,Austria,Spielberg,Red Bull Ring,sainz,SAI,55,Carlos Sainz,Ferrari,10,5,5,Finished,10.0,0,1
2021,9,Austrian Grand Prix,2021-07-04,Austria,Spielberg,Red Bull Ring,perez,PER,11,Sergio Pérez,Red Bull,3,6,6,Finished,8.0,0,1
2021,9,Austrian Grand Prix,2021-07-04,Austria,Spielberg,Red Bull Ring,ricciardo,RIC,3,Daniel Ricciardo,McLaren,13,7,7,Finished,6.0,0,1
2021,9,Austrian Grand Prix,2021-07-04,Austria,Spielberg,Red Bull Ring,leclerc,LEC,16,Charles Leclerc,Ferrari,12,8,8,Finished,4.0,0,1
2021,9,Austrian Grand Prix,2021-07-04,Austria,Spielberg,Red Bull Ring,gasly,GAS,10,Pierre Gasly,AlphaTauri,6,9,9,Finished,2.0,0,1
2021,9,Austrian Grand Prix,2021-07-04,Austria,Spielberg,Red Bull Ring,alonso,ALO,14,Fernando Alonso,Alpine F1 Team,14,10,10,+1 Lap,1.0,0,1
2021,9,Austrian Grand Prix,2021-07-04,Austria,Spielberg,Red Bull Ring,russell,RUS,63,George Russell,Williams,8,11,11,+1 Lap,0.0,0,0
2021,9,Austrian Grand Prix,2021-07-04,Austria,Spielberg,Red Bull Ring,tsunoda,TSU,22,Yuki Tsunoda,AlphaTauri,7,12,12,+1 Lap,0.0,0,0
2021,9,Austrian Grand Prix,2021-07-04,Austria,Spielberg,Red Bull Ring,stroll,STR,18,Lance Stroll,Aston Martin,9,13,13,+1 Lap,0.0,0,0
2021,9,Austrian Grand Prix,2021-07-04,Austria,Spielberg,Red Bull Ring,giovinazzi,GIO,99,Antonio Giovinazzi,Alfa Romeo,15,14,14,+1 Lap,0.0,0,0
2021,9,Austrian Grand Prix,2021-07-04,Austria,Spielberg,Red Bull Ring,raikkonen,RAI,7,Kimi Räikkönen,Alfa Romeo,16,15,15,+1 Lap,0.0,0,0
2021,9,Austrian Grand Prix,2021-07-04,Austria,Spielberg,Red Bull Ring,latifi,LAT,6,Nicholas Latifi,Williams,18,16,16,+1 Lap,0.0,0,0
2021,9,Austrian Grand Prix,2021-07-04,Austria,Spielberg,Red Bull Ring,vettel,VET,5,Sebastian Vettel,Aston Martin,11,17,17,Collision,0.0,0,0
2021,9,Austrian Grand Prix,2021-07-04,Austria,Spielberg,Red Bull Ring,mick_schumacher,MSC,47,Mick Schumacher,Haas F1 Team,19,18,18,+2 Laps,0.0,0,0
2021,9,Austrian Grand Prix,2021-07-04,Austria,Spielberg,Red Bull Ring,mazepin,MAZ,9,Nikita Mazepin,Haas F1 Team,20,19,19,+2 Laps,0.0,0,0
2021,9,Austrian Grand Prix,2021-07-04,Austria,Spielberg,Red Bull Ring,ocon,OCO,31,Esteban Ocon,Alpine F1 Team,17,20,R,Collision,0.0,0,0
2021,10,British Grand Prix,2021-07-18,UK,Silverstone,Silverstone Circuit,hamilton,HAM,44,Lewis Hamilton,Mercedes,2,1,1,Finished,25.0,1,1
2021,10,British Grand Prix,2021-07-18,UK,Silverstone,Silverstone Circuit,leclerc,LEC,16,Charles Leclerc,Ferrari,4,2,2,Finished,18.0,1,1
2021,10,British Grand Prix,2021-07-18,UK,Silverstone,Silverstone Circuit,bottas,BOT,77,Valtteri Bottas,Mercedes,3,3,3,Finished,15.0,1,1
2021,10,British Grand Prix,2021-07-18,UK,Silverstone,Silverstone Circuit,norris,NOR,4,Lando Norris,McLaren,5,4,4,Finished,12.0,0,1
2021,10,British Grand Prix,2021-07-18,UK,Silverstone,Silverstone Circuit,ricciardo,RIC,3,Daniel Ricciardo,McLaren,6,5,5,Finished,10.0,0,1
2021,10,British Grand Prix,2021-07-18,UK,Silverstone,Silverstone Circuit,sainz,SAI,55,Carlos Sainz,Ferrari,10,6,6,Finished,8.0,0,1
2021,10,British Grand Prix,2021-07-18,UK,Silverstone,Silverstone Circuit,alonso,ALO,14,Fernando Alonso,Alpine F1 Team,7,7,7,Finished,6.0,0,1
2021,10,British Grand Prix,2021-07-18,UK,Silverstone,Silverstone Circuit,stroll,STR,18,Lance Stroll,Aston Martin,14,8,8,Finished,4.0,0,1
2021,10,British Grand Prix,2021-07-18,UK,Silverstone,Silverstone Circuit,ocon,OCO,31,Esteban Ocon,Alpine F1 Team,9,9,9,Finished,2.0,0,1
2021,10,British Grand Prix,2021-07-18,UK,Silverstone,Silverstone Circuit,tsunoda,TSU,22,Yuki Tsunoda,AlphaTauri,16,10,10,Finished,1.0,0,1
2021,10,British Grand Prix,2021-07-18,UK,Silverstone,Silverstone Circuit,gasly,GAS,10,Pierre Gasly,AlphaTauri,11,11,11,Finished,0.0,0,0
2021,10,British Grand Prix,2021-07-18,UK,Silverstone,Silverstone Circuit,russell,RUS,63,George Russell,Williams,12,12,12,+1 Lap,0.0,0,0
2021,10,British Grand Prix,2021-07-18,UK,Silverstone,Silverstone Circuit,giovinazzi,GIO,99,Antonio Giovinazzi,Alfa Romeo,15,13,13,+1 Lap,0.0,0,0
2021,10,British Grand Prix,2021-07-18,UK,Silverstone,Silverstone Circuit,latifi,LAT,6,Nicholas Latifi,Williams,17,14,14,+1 Lap,0.0,0,0
2021,10,British Grand Prix,2021-07-18,UK,Silverstone,Silverstone Circuit,raikkonen,RAI,7,Kimi Räikkönen,Alfa Romeo,13,15,15,+1 Lap,0.0,0,0
2021,10,British Grand Prix,2021-07-18,UK,Silverstone,Silverstone Circuit,perez,PER,11,Sergio Pérez,Red Bull,0,16,16,+1 Lap,0.0,0,0
2021,10,British Grand Prix,2021-07-18,UK,Silverstone,Silverstone Circuit,mazepin,MAZ,9,Nikita Mazepin,Haas F1 Team,19,17,17,+1 Lap,0.0,0,0
2021,10,British Grand Prix,2021-07-18,UK,Silverstone,Silverstone Circuit,mick_schumacher,MSC,47,Mick Schumacher,Haas F1 Team,18,18,18,+1 Lap,0.0,0,0
2021,10,British Grand Prix,2021-07-18,UK,Silverstone,Silverstone Circuit,vettel,VET,5,Sebastian Vettel,Aston Martin,8,19,R,Retired,0.0,0,0
2021,10,British Grand Prix,2021-07-18,UK,Silverstone,Silverstone Circuit,max_verstappen,VER,33,Max Verstappen,Red Bull,1,20,R,Collision,0.0,0,0
2021,11,Hungarian Grand Prix,2021-08-01,Hungary,Budapest,Hungaroring,ocon,OCO,31,Esteban Ocon,Alpine F1 Team,8,1,1,Finished,25.0,1,1
2021,11,Hungarian Grand Prix,2021-08-01,Hungary,Budapest,Hungaroring,hamilton,HAM,44,Lewis Hamilton,Mercedes,1,2,2,Finished,18.0,1,1
2021,11,Hungarian Grand Prix,2021-08-01,Hungary,Budapest,Hungaroring,sainz,SAI,55,Carlos Sainz,Ferrari,15,3,3,Finished,15.0,1,1
2021,11,Hungarian Grand Prix,2021-08-01,Hungary,Budapest,Hungaroring,alonso,ALO,14,Fernando Alonso,Alpine F1 Team,9,4,4,Finished,12.0,0,1
2021,11,Hungarian Grand Prix,2021-08-01,Hungary,Budapest,Hungaroring,gasly,GAS,10,Pierre Gasly,AlphaTauri,5,5,5,Finished,11.0,0,1
2021,11,Hungarian Grand Prix,2021-08-01,Hungary,Budapest,Hungaroring,tsunoda,TSU,22,Yuki Tsunoda,AlphaTauri,16,6,6,Finished,8.0,0,1
2021,11,Hungarian Grand Prix,2021-08-01,Hungary,Budapest,Hungaroring,latifi,LAT,6,Nicholas Latifi,Williams,18,7,7,Finished,6.0,0,1
2021,11,Hungarian Grand Prix,2021-08-01,Hungary,Budapest,Hungaroring,russell,RUS,63,George Russell,Williams,17,8,8,Finished,4.0,0,1
2021,11,Hungarian Grand Prix,2021-08-01,Hungary,Budapest,Hungaroring,max_verstappen,VER,33,Max Verstappen,Red Bull,3,9,9,Finished,2.0,0,1
2021,11,Hungarian Grand Prix,2021-08-01,Hungary,Budapest,Hungaroring,raikkonen,RAI,7,Kimi Räikkönen,Alfa Romeo,13,10,10,+1 Lap,1.0,0,1
2021,11,Hungarian Grand Prix,2021-08-01,Hungary,Budapest,Hungaroring,ricciardo,RIC,3,Daniel Ricciardo,McLaren,11,11,11,+1 Lap,0.0,0,0
2021,11,Hungarian Grand Prix,2021-08-01,Hungary,Budapest,Hungaroring,mick_schumacher,MSC,47,Mick Schumacher,Haas F1 Team,20,12,12,+1 Lap,0.0,0,0
2021,11,Hungarian Grand Prix,2021-08-01,Hungary,Budapest,Hungaroring,giovinazzi,GIO,99,Antonio Giovinazzi,Alfa Romeo,0,13,13,+1 Lap,0.0,0,0
2021,11,Hungarian Grand Prix,2021-08-01,Hungary,Budapest,Hungaroring,mazepin,MAZ,9,Nikita Mazepin,Haas F1 Team,19,14,R,Collision,0.0,0,0
2021,11,Hungarian Grand Prix,2021-08-01,Hungary,Budapest,Hungaroring,norris,NOR,4,Lando Norris,McLaren,6,15,R,Collision,0.0,0,0
2021,11,Hungarian Grand Prix,2021-08-01,Hungary,Budapest,Hungaroring,bottas,BOT,77,Valtteri Bottas,Mercedes,2,16,R,Collision,0.0,0,0
2021,11,Hungarian Grand Prix,2021-08-01,Hungary,Budapest,Hungaroring,perez,PER,11,Sergio Pérez,Red Bull,4,17,R,Collision,0.0,0,0
2021,11,Hungarian Grand Prix,2021-08-01,Hungary,Budapest,Hungaroring,leclerc,LEC,16,Charles Leclerc,Ferrari,7,18,R,Collision,0.0,0,0
2021,11,Hungarian Grand Prix,2021-08-01,Hungary,Budapest,Hungaroring,stroll,STR,18,Lance Stroll,Aston Martin,12,19,R,Collision,0.0,0,0
2021,11,Hungarian Grand Prix,2021-08-01,Hungary,Budapest,Hungaroring,vettel,VET,5,Sebastian Vettel,Aston Martin,10,20,D,Disqualified,0.0,0,0
2021,12,Belgian Grand Prix,2021-08-29,Belgium,Spa,Circuit de Spa-Francorchamps,max_verstappen,VER,33,Max Verstappen,Red Bull,1,1,1,Finished,12.5,1,1
2021,12,Belgian Grand Prix,2021-08-29,Belgium,Spa,Circuit de Spa-Francorchamps,russell,RUS,63,George Russell,Williams,2,2,2,Finished,9.0,1,1
2021,12,Belgian Grand Prix,2021-08-29,Belgium,Spa,Circuit de Spa-Francorchamps,hamilton,HAM,44,Lewis Hamilton,Mercedes,3,3,3,Finished,7.5,1,1
2021,12,Belgian Grand Prix,2021-08-29,Belgium,Spa,Circuit de Spa-Francorchamps,ricciardo,RIC,3,Daniel Ricciardo,McLaren,4,4,4,Finished,6.0,0,1
2021,12,Belgian Grand Prix,2021-08-29,Belgium,Spa,Circuit de Spa-Francorchamps,vettel,VET,5,Sebastian Vettel,Aston Martin,5,5,5,Finished,5.0,0,1
2021,12,Belgian Grand Prix,2021-08-29,Belgium,Spa,Circuit de Spa-Francorchamps,gasly,GAS,10,Pierre Gasly,AlphaTauri,6,6,6,Finished,4.0,0,1
2021,12,Belgian Grand Prix,2021-08-29,Belgium,Spa,Circuit de Spa-Francorchamps,ocon,OCO,31,Esteban Ocon,Alpine F1 Team,8,7,7,Finished,3.0,0,1
2021,12,Belgian Grand Prix,2021-08-29,Belgium,Spa,Circuit de Spa-Francorchamps,leclerc,LEC,16,Charles Leclerc,Ferrari,9,8,8,Finished,2.0,0,1
2021,12,Belgian Grand Prix,2021-08-29,Belgium,Spa,Circuit de Spa-Francorchamps,latifi,LAT,6,Nicholas Latifi,Williams,10,9,9,Finished,1.0,0,1
2021,12,Belgian Grand Prix,2021-08-29,Belgium,Spa,Circuit de Spa-Francorchamps,sainz,SAI,55,Carlos Sainz,Ferrari,11,10,10,Finished,0.5,0,1
2021,12,Belgian Grand Prix,2021-08-29,Belgium,Spa,Circuit de Spa-Francorchamps,alonso,ALO,14,Fernando Alonso,Alpine F1 Team,12,11,11,Finished,0.0,0,0
2021,12,Belgian Grand Prix,2021-08-29,Belgium,Spa,Circuit de Spa-Francorchamps,bottas,BOT,77,Valtteri Bottas,Mercedes,13,12,12,Finished,0.0,0,0
2021,12,Belgian Grand Prix,2021-08-29,Belgium,Spa,Circuit de Spa-Francorchamps,giovinazzi,GIO,99,Antonio Giovinazzi,Alfa Romeo,14,13,13,Finished,0.0,0,0
2021,12,Belgian Grand Prix,2021-08-29,Belgium,Spa,Circuit de Spa-Francorchamps,norris,NOR,4,Lando Norris,McLaren,15,14,14,Finished,0.0,0,0
2021,12,Belgian Grand Prix,2021-08-29,Belgium,Spa,Circuit de Spa-Francorchamps,tsunoda,TSU,22,Yuki Tsunoda,AlphaTauri,16,15,15,Finished,0.0,0,0
2021,12,Belgian Grand Prix,2021-08-29,Belgium,Spa,Circuit de Spa-Francorchamps,mick_schumacher,MSC,47,Mick Schumacher,Haas F1 Team,17,16,16,Finished,0.0,0,0
2021,12,Belgian Grand Prix,2021-08-29,Belgium,Spa,Circuit de Spa-Francorchamps,mazepin,MAZ,9,Nikita Mazepin,Haas F1 Team,18,17,17,Finished,0.0,0,0
2021,12,Belgian Grand Prix,2021-08-29,Belgium,Spa,Circuit de Spa-Francorchamps,raikkonen,RAI,7,Kimi Räikkönen,Alfa Romeo,0,18,18,Finished,0.0,0,0
2021,12,Belgian Grand Prix,2021-08-29,Belgium,Spa,Circuit de Spa-Francorchamps,perez,PER,11,Sergio Pérez,Red Bull,0,19,19,Finished,0.0,0,0
2021,12,Belgian Grand Prix,2021-08-29,Belgium,Spa,Circuit de Spa-Francorchamps,stroll,STR,18,Lance Stroll,Aston Martin,19,20,20,Finished,0.0,0,0
2021,13,Dutch Grand Prix,2021-09-05,Netherlands,Zandvoort,Circuit Park Zandvoort,max_verstappen,VER,33,Max Verstappen,Red Bull,1,1,1,Finished,25.0,1,1
2021,13,Dutch Grand Prix,2021-09-05,Netherlands,Zandvoort,Circuit Park Zandvoort,hamilton,HAM,44,Lewis Hamilton,Mercedes,2,2,2,Finished,19.0,1,1
2021,13,Dutch Grand Prix,2021-09-05,Netherlands,Zandvoort,Circuit Park Zandvoort,bottas,BOT,77,Valtteri Bottas,Mercedes,3,3,3,Finished,15.0,1,1
2021,13,Dutch Grand Prix,2021-09-05,Netherlands,Zandvoort,Circuit Park Zandvoort,gasly,GAS,10,Pierre Gasly,AlphaTauri,4,4,4,+1 Lap,12.0,0,1
2021,13,Dutch Grand Prix,2021-09-05,Netherlands,Zandvoort,Circuit Park Zandvoort,leclerc,LEC,16,Charles Leclerc,Ferrari,5,5,5,+1 Lap,10.0,0,1
2021,13,Dutch Grand Prix,2021-09-05,Netherlands,Zandvoort,Circuit Park Zandvoort,alonso,ALO,14,Fernando Alonso,Alpine F1 Team,9,6,6,+1 Lap,8.0,0,1
2021,13,Dutch Grand Prix,2021-09-05,Netherlands,Zandvoort,Circuit Park Zandvoort,sainz,SAI,55,Carlos Sainz,Ferrari,6,7,7,+1 Lap,6.0,0,1
2021,13,Dutch Grand Prix,2021-09-05,Netherlands,Zandvoort,Circuit Park Zandvoort,perez,PER,11,Sergio Pérez,Red Bull,0,8,8,+1 Lap,4.0,0,1
2021,13,Dutch Grand Prix,2021-09-05,Netherlands,Zandvoort,Circuit Park Zandvoort,ocon,OCO,31,Esteban Ocon,Alpine F1 Team,8,9,9,+1 Lap,2.0,0,1
2021,13,Dutch Grand Prix,2021-09-05,Netherlands,Zandvoort,Circuit Park Zandvoort,norris,NOR,4,Lando Norris,McLaren,13,10,10,+1 Lap,1.0,0,1
2021,13,Dutch Grand Prix,2021-09-05,Netherlands,Zandvoort,Circuit Park Zandvoort,ricciardo,RIC,3,Daniel Ricciardo,McLaren,10,11,11,+1 Lap,0.0,0,0
2021,13,Dutch Grand Prix,2021-09-05,Netherlands,Zandvoort,Circuit Park Zandvoort,stroll,STR,18,Lance Stroll,Aston Martin,12,12,12,+2 Laps,0.0,0,0
2021,13,Dutch Grand Prix,2021-09-05,Netherlands,Zandvoort,Circuit Park Zandvoort,vettel,VET,5,Sebastian Vettel,Aston Martin,15,13,13,+2 Laps,0.0,0,0
2021,13,Dutch Grand Prix,2021-09-05,Netherlands,Zandvoort,Circuit Park Zandvoort,giovinazzi,GIO,99,Antonio Giovinazzi,Alfa Romeo,7,14,14,+2 Laps,0.0,0,0
2021,13,Dutch Grand Prix,2021-09-05,Netherlands,Zandvoort,Circuit Park Zandvoort,kubica,KUB,88,Robert Kubica,Alfa Romeo,16,15,15,+2 Laps,0.0,0,0
2021,13,Dutch Grand Prix,2021-09-05,Netherlands,Zandvoort,Circuit Park Zandvoort,latifi,LAT,6,Nicholas Latifi,Williams,0,16,16,+2 Laps,0.0,0,0
2021,13,Dutch Grand Prix,2021-09-05,Netherlands,Zandvoort,Circuit Park Zandvoort,russell,RUS,63,George Russell,Williams,11,17,17,Gearbox,0.0,0,0
2021,13,Dutch Grand Prix,2021-09-05,Netherlands,Zandvoort,Circuit Park Zandvoort,mick_schumacher,MSC,47,Mick Schumacher,Haas F1 Team,17,18,18,+3 Laps,0.0,0,0
2021,13,Dutch Grand Prix,2021-09-05,Netherlands,Zandvoort,Circuit Park Zandvoort,tsunoda,TSU,22,Yuki Tsunoda,AlphaTauri,14,19,R,Power Unit,0.0,0,0
2021,13,Dutch Grand Prix,2021-09-05,Netherlands,Zandvoort,Circuit Park Zandvoort,mazepin,MAZ,9,Nikita Mazepin,Haas F1 Team,18,20,R,Hydraulics,0.0,0,0
2021,14,Italian Grand Prix,2021-09-12,Italy,Monza,Autodromo Nazionale di Monza,ricciardo,RIC,3,Daniel Ricciardo,McLaren,2,1,1,Finished,26.0,1,1
2021,14,Italian Grand Prix,2021-09-12,Italy,Monza,Autodromo Nazionale di Monza,norris,NOR,4,Lando Norris,McLaren,3,2,2,Finished,18.0,1,1
2021,14,Italian Grand Prix,2021-09-12,Italy,Monza,Autodromo Nazionale di Monza,bottas,BOT,77,Valtteri Bottas,Mercedes,19,3,3,Finished,15.0,1,1
2021,14,Italian Grand Prix,2021-09-12,Italy,Monza,Autodromo Nazionale di Monza,leclerc,LEC,16,Charles Leclerc,Ferrari,5,4,4,Finished,12.0,0,1
2021,14,Italian Grand Prix,2021-09-12,Italy,Monza,Autodromo Nazionale di Monza,perez,PER,11,Sergio Pérez,Red Bull,8,5,5,Finished,10.0,0,1
2021,14,Italian Grand Prix,2021-09-12,Italy,Monza,Autodromo Nazionale di Monza,sainz,SAI,55,Carlos Sainz,Ferrari,6,6,6,Finished,8.0,0,1
2021,14,Italian Grand Prix,2021-09-12,Italy,Monza,Autodromo Nazionale di Monza,stroll,STR,18,Lance Stroll,Aston Martin,9,7,7,Finished,6.0,0,1
2021,14,Italian Grand Prix,2021-09-12,Italy,Monza,Autodromo Nazionale di Monza,alonso,ALO,14,Fernando Alonso,Alpine F1 Team,10,8,8,Finished,4.0,0,1
2021,14,Italian Grand Prix,2021-09-12,Italy,Monza,Autodromo Nazionale di Monza,russell,RUS,63,George Russell,Williams,14,9,9,Finished,2.0,0,1
2021,14,Italian Grand Prix,2021-09-12,Italy,Monza,Autodromo Nazionale di Monza,ocon,OCO,31,Esteban Ocon,Alpine F1 Team,12,10,10,Finished,1.0,0,1
2021,14,Italian Grand Prix,2021-09-12,Italy,Monza,Autodromo Nazionale di Monza,latifi,LAT,6,Nicholas Latifi,Williams,13,11,11,Finished,0.0,0,0
2021,14,Italian Grand Prix,2021-09-12,Italy,Monza,Autodromo Nazionale di Monza,vettel,VET,5,Sebastian Vettel,Aston Martin,11,12,12,Finished,0.0,0,0
2021,14,Italian Grand Prix,2021-09-12,Italy,Monza,Autodromo Nazionale di Monza,giovinazzi,GIO,99,Antonio Giovinazzi,Alfa Romeo,7,13,13,Finished,0.0,0,0
2021,14,Italian Grand Prix,2021-09-12,Italy,Monza,Autodromo Nazionale di Monza,kubica,KUB,88,Robert Kubica,Alfa Romeo,17,14,14,Finished,0.0,0,0
2021,14,Italian Grand Prix,2021-09-12,Italy,Monza,Autodromo Nazionale di Monza,mick_schumacher,MSC,47,Mick Schumacher,Haas F1 Team,18,15,15,Finished,0.0,0,0
2021,14,Italian Grand Prix,2021-09-12,Italy,Monza,Autodromo Nazionale di Monza,mazepin,MAZ,9,Nikita Mazepin,Haas F1 Team,16,16,R,Power Unit,0.0,0,0
2021,14,Italian Grand Prix,2021-09-12,Italy,Monza,Autodromo Nazionale di Monza,hamilton,HAM,44,Lewis Hamilton,Mercedes,4,17,R,Collision,0.0,0,0
2021,14,Italian Grand Prix,2021-09-12,Italy,Monza,Autodromo Nazionale di Monza,max_verstappen,VER,33,Max Verstappen,Red Bull,1,18,R,Collision,0.0,0,0
2021,14,Italian Grand Prix,2021-09-12,Italy,Monza,Autodromo Nazionale di Monza,gasly,GAS,10,Pierre Gasly,AlphaTauri,0,19,R,Suspension,0.0,0,0
2021,14,Italian Grand Prix,2021-09-12,Italy,Monza,Autodromo Nazionale di Monza,tsunoda,TSU,22,Yuki Tsunoda,AlphaTauri,0,20,W,Brakes,0.0,0,0
2021,15,Russian Grand Prix,2021-09-26,Russia,Sochi,Sochi Autodrom,hamilton,HAM,44,Lewis Hamilton,Mercedes,4,1,1,Finished,25.0,1,1
2021,15,Russian Grand Prix,2021-09-26,Russia,Sochi,Sochi Autodrom,max_verstappen,VER,33,Max Verstappen,Red Bull,20,2,2,Finished,18.0,1,1
2021,15,Russian Grand Prix,2021-09-26,Russia,Sochi,Sochi Autodrom,sainz,SAI,55,Carlos Sainz,Ferrari,2,3,3,Finished,15.0,1,1
2021,15,Russian Grand Prix,2021-09-26,Russia,Sochi,Sochi Autodrom,ricciardo,RIC,3,Daniel Ricciardo,McLaren,5,4,4,Finished,12.0,0,1
2021,15,Russian Grand Prix,2021-09-26,Russia,Sochi,Sochi Autodrom,bottas,BOT,77,Valtteri Bottas,Mercedes,16,5,5,Finished,10.0,0,1
2021,15,Russian Grand Prix,2021-09-26,Russia,Sochi,Sochi Autodrom,alonso,ALO,14,Fernando Alonso,Alpine F1 Team,6,6,6,Finished,8.0,0,1
2021,15,Russian Grand Prix,2021-09-26,Russia,Sochi,Sochi Autodrom,norris,NOR,4,Lando Norris,McLaren,1,7,7,Finished,7.0,0,1
2021,15,Russian Grand Prix,2021-09-26,Russia,Sochi,Sochi Autodrom,raikkonen,RAI,7,Kimi Räikkönen,Alfa Romeo,13,8,8,Finished,4.0,0,1
2021,15,Russian Grand Prix,2021-09-26,Russia,Sochi,Sochi Autodrom,perez,PER,11,Sergio Pérez,Red Bull,8,9,9,Finished,2.0,0,1
2021,15,Russian Grand Prix,2021-09-26,Russia,Sochi,Sochi Autodrom,russell,RUS,63,George Russell,Williams,3,10,10,Finished,1.0,0,1
2021,15,Russian Grand Prix,2021-09-26,Russia,Sochi,Sochi Autodrom,stroll,STR,18,Lance Stroll,Aston Martin,7,11,11,Finished,0.0,0,0
2021,15,Russian Grand Prix,2021-09-26,Russia,Sochi,Sochi Autodrom,vettel,VET,5,Sebastian Vettel,Aston Martin,10,12,12,+1 Lap,0.0,0,0
2021,15,Russian Grand Prix,2021-09-26,Russia,Sochi,Sochi Autodrom,gasly,GAS,10,Pierre Gasly,AlphaTauri,11,13,13,+1 Lap,0.0,0,0
2021,15,Russian Grand Prix,2021-09-26,Russia,Sochi,Sochi Autodrom,ocon,OCO,31,Esteban Ocon,Alpine F1 Team,9,14,14,+1 Lap,0.0,0,0
2021,15,Russian Grand Prix,2021-09-26,Russia,Sochi,Sochi Autodrom,leclerc,LEC,16,Charles Leclerc,Ferrari,19,15,15,+1 Lap,0.0,0,0
2021,15,Russian Grand Prix,2021-09-26,Russia,Sochi,Sochi Autodrom,giovinazzi,GIO,99,Antonio Giovinazzi,Alfa Romeo,17,16,16,+1 Lap,0.0,0,0
2021,15,Russian Grand Prix,2021-09-26,Russia,Sochi,Sochi Autodrom,tsunoda,TSU,22,Yuki Tsunoda,AlphaTauri,12,17,17,+1 Lap,0.0,0,0
2021,15,Russian Grand Prix,2021-09-26,Russia,Sochi,Sochi Autodrom,mazepin,MAZ,9,Nikita Mazepin,Haas F1 Team,15,18,18,+2 Laps,0.0,0,0
2021,15,Russian Grand Prix,2021-09-26,Russia,Sochi,Sochi Autodrom,latifi,LAT,6,Nicholas Latifi,Williams,18,19,19,Accident,0.0,0,0
2021,15,Russian Grand Prix,2021-09-26,Russia,Sochi,Sochi Autodrom,mick_schumacher,MSC,47,Mick Schumacher,Haas F1 Team,14,20,R,Oil leak,0.0,0,0
2021,16,Turkish Grand Prix,2021-10-10,Turkey,Istanbul,Istanbul Park,bottas,BOT,77,Valtteri Bottas,Mercedes,1,1,1,Finished,26.0,1,1
2021,16,Turkish Grand Prix,2021-10-10,Turkey,Istanbul,Istanbul Park,max_verstappen,VER,33,Max Verstappen,Red Bull,2,2,2,Finished,18.0,1,1
2021,16,Turkish Grand Prix,2021-10-10,Turkey,Istanbul,Istanbul Park,perez,PER,11,Sergio Pérez,Red Bull,6,3,3,Finished,15.0,1,1
2021,16,Turkish Grand Prix,2021-10-10,Turkey,Istanbul,Istanbul Park,leclerc,LEC,16,Charles Leclerc,Ferrari,3,4,4,Finished,12.0,0,1
2021,16,Turkish Grand Prix,2021-10-10,Turkey,Istanbul,Istanbul Park,hamilton,HAM,44,Lewis Hamilton,Mercedes,11,5,5,Finished,10.0,0,1
2021,16,Turkish Grand Prix,2021-10-10,Turkey,Istanbul,Istanbul Park,gasly,GAS,10,Pierre Gasly,AlphaTauri,4,6,6,Finished,8.0,0,1
2021,16,Turkish Grand Prix,2021-10-10,Turkey,Istanbul,Istanbul Park,norris,NOR,4,Lando Norris,McLaren,7,7,7,Finished,6.0,0,1
2021,16,Turkish Grand Prix,2021-10-10,Turkey,Istanbul,Istanbul Park,sainz,SAI,55,Carlos Sainz,Ferrari,19,8,8,Finished,4.0,0,1
2021,16,Turkish Grand Prix,2021-10-10,Turkey,Istanbul,Istanbul Park,stroll,STR,18,Lance Stroll,Aston Martin,8,9,9,Finished,2.0,0,1
2021,16,Turkish Grand Prix,2021-10-10,Turkey,Istanbul,Istanbul Park,ocon,OCO,31,Esteban Ocon,Alpine F1 Team,12,10,10,+1 Lap,1.0,0,1
2021,16,Turkish Grand Prix,2021-10-10,Turkey,Istanbul,Istanbul Park,giovinazzi,GIO,99,Antonio Giovinazzi,Alfa Romeo,16,11,11,+1 Lap,0.0,0,0
2021,16,Turkish Grand Prix,2021-10-10,Turkey,Istanbul,Istanbul Park,raikkonen,RAI,7,Kimi Räikkönen,Alfa Romeo,17,12,12,+1 Lap,0.0,0,0
2021,16,Turkish Grand Prix,2021-10-10,Turkey,Istanbul,Istanbul Park,ricciardo,RIC,3,Daniel Ricciardo,McLaren,20,13,13,+1 Lap,0.0,0,0
2021,16,Turkish Grand Prix,2021-10-10,Turkey,Istanbul,Istanbul Park,tsunoda,TSU,22,Yuki Tsunoda,AlphaTauri,9,14,14,+1 Lap,0.0,0,0
2021,16,Turkish Grand Prix,2021-10-10,Turkey,Istanbul,Istanbul Park,russell,RUS,63,George Russell,Williams,13,15,15,+1 Lap,0.0,0,0
2021,16,Turkish Grand Prix,2021-10-10,Turkey,Istanbul,Istanbul Park,alonso,ALO,14,Fernando Alonso,Alpine F1 Team,5,16,16,+1 Lap,0.0,0,0
2021,16,Turkish Grand Prix,2021-10-10,Turkey,Istanbul,Istanbul Park,latifi,LAT,6,Nicholas Latifi,Williams,15,17,17,+1 Lap,0.0,0,0
2021,16,Turkish Grand Prix,2021-10-10,Turkey,Istanbul,Istanbul Park,vettel,VET,5,Sebastian Vettel,Aston Martin,10,18,18,+1 Lap,0.0,0,0
2021,16,Turkish Grand Prix,2021-10-10,Turkey,Istanbul,Istanbul Park,mick_schumacher,MSC,47,Mick Schumacher,Haas F1 Team,14,19,19,+2 Laps,0.0,0,0
2021,16,Turkish Grand Prix,2021-10-10,Turkey,Istanbul,Istanbul Park,mazepin,MAZ,9,Nikita Mazepin,Haas F1 Team,18,20,20,+2 Laps,0.0,0,0
2021,17,United States Grand Prix,2021-10-24,USA,Austin,Circuit of the Americas,max_verstappen,VER,33,Max Verstappen,Red Bull,1,1,1,Finished,25.0,1,1
2021,17,United States Grand Prix,2021-10-24,USA,Austin,Circuit of the Americas,hamilton,HAM,44,Lewis Hamilton,Mercedes,2,2,2,Finished,19.0,1,1
2021,17,United States Grand Prix,2021-10-24,USA,Austin,Circuit of the Americas,perez,PER,11,Sergio Pérez,Red Bull,3,3,3,Finished,15.0,1,1
2021,17,United States Grand Prix,2021-10-24,USA,Austin,Circuit of the Americas,leclerc,LEC,16,Charles Leclerc,Ferrari,4,4,4,Finished,12.0,0,1
2021,17,United States Grand Prix,2021-10-24,USA,Austin,Circuit of the Americas,ricciardo,RIC,3,Daniel Ricciardo,McLaren,6,5,5,Finished,10.0,0,1
2021,17,United States Grand Prix,2021-10-24,USA,Austin,Circuit of the Americas,bottas,BOT,77,Valtteri Bottas,Mercedes,9,6,6,Finished,8.0,0,1
2021,17,United States Grand Prix,2021-10-24,USA,Austin,Circuit of the Americas,sainz,SAI,55,Carlos Sainz,Ferrari,5,7,7,Finished,6.0,0,1
2021,17,United States Grand Prix,2021-10-24,USA,Austin,Circuit of the Americas,norris,NOR,4,Lando Norris,McLaren,7,8,8,Finished,4.0,0,1
2021,17,United States Grand Prix,2021-10-24,USA,Austin,Circuit of the Americas,tsunoda,TSU,22,Yuki Tsunoda,AlphaTauri,10,9,9,+1 Lap,2.0,0,1
2021,17,United States Grand Prix,2021-10-24,USA,Austin,Circuit of the Americas,vettel,VET,5,Sebastian Vettel,Aston Martin,18,10,10,+1 Lap,1.0,0,1
2021,17,United States Grand Prix,2021-10-24,USA,Austin,Circuit of the Americas,giovinazzi,GIO,99,Antonio Giovinazzi,Alfa Romeo,12,11,11,+1 Lap,0.0,0,0
2021,17,United States Grand Prix,2021-10-24,USA,Austin,Circuit of the Americas,stroll,STR,18,Lance Stroll,Aston Martin,13,12,12,+1 Lap,0.0,0,0
2021,17,United States Grand Prix,2021-10-24,USA,Austin,Circuit of the Americas,raikkonen,RAI,7,Kimi Räikkönen,Alfa Romeo,15,13,13,+1 Lap,0.0,0,0
2021,17,United States Grand Prix,2021-10-24,USA,Austin,Circuit of the Americas,russell,RUS,63,George Russell,Williams,20,14,14,+1 Lap,0.0,0,0
2021,17,United States Grand Prix,2021-10-24,USA,Austin,Circuit of the Americas,latifi,LAT,6,Nicholas Latifi,Williams,14,15,15,+1 Lap,0.0,0,0
2021,17,United States Grand Prix,2021-10-24,USA,Austin,Circuit of the Americas,mick_schumacher,MSC,47,Mick Schumacher,Haas F1 Team,16,16,16,+2 Laps,0.0,0,0
2021,17,United States Grand Prix,2021-10-24,USA,Austin,Circuit of the Americas,mazepin,MAZ,9,Nikita Mazepin,Haas F1 Team,17,17,17,+2 Laps,0.0,0,0
2021,17,United States Grand Prix,2021-10-24,USA,Austin,Circuit of the Americas,alonso,ALO,14,Fernando Alonso,Alpine F1 Team,19,18,R,Rear wing,0.0,0,0
2021,17,United States Grand Prix,2021-10-24,USA,Austin,Circuit of the Americas,ocon,OCO,31,Esteban Ocon,Alpine F1 Team,11,19,R,Mechanical,0.0,0,0
2021,17,United States Grand Prix,2021-10-24,USA,Austin,Circuit of the Americas,gasly,GAS,10,Pierre Gasly,AlphaTauri,8,20,R,Suspension,0.0,0,0
2021,18,Mexico City Grand Prix,2021-11-07,Mexico,Mexico City,Autódromo Hermanos Rodríguez,max_verstappen,VER,33,Max Verstappen,Red Bull,3,1,1,Finished,25.0,1,1
2021,18,Mexico City Grand Prix,2021-11-07,Mexico,Mexico City,Autódromo Hermanos Rodríguez,hamilton,HAM,44,Lewis Hamilton,Mercedes,2,2,2,Finished,18.0,1,1
2021,18,Mexico City Grand Prix,2021-11-07,Mexico,Mexico City,Autódromo Hermanos Rodríguez,perez,PER,11,Sergio Pérez,Red Bull,4,3,3,Finished,15.0,1,1
2021,18,Mexico City Grand Prix,2021-11-07,Mexico,Mexico City,Autódromo Hermanos Rodríguez,gasly,GAS,10,Pierre Gasly,AlphaTauri,5,4,4,Finished,12.0,0,1
2021,18,Mexico City Grand Prix,2021-11-07,Mexico,Mexico City,Autódromo Hermanos Rodríguez,leclerc,LEC,16,Charles Leclerc,Ferrari,8,5,5,Finished,10.0,0,1
2021,18,Mexico City Grand Prix,2021-11-07,Mexico,Mexico City,Autódromo Hermanos Rodríguez,sainz,SAI,55,Carlos Sainz,Ferrari,6,6,6,+1 Lap,8.0,0,1
2021,18,Mexico City Grand Prix,2021-11-07,Mexico,Mexico City,Autódromo Hermanos Rodríguez,vettel,VET,5,Sebastian Vettel,Aston Martin,9,7,7,+1 Lap,6.0,0,1
2021,18,Mexico City Grand Prix,2021-11-07,Mexico,Mexico City,Autódromo Hermanos Rodríguez,raikkonen,RAI,7,Kimi Räikkönen,Alfa Romeo,10,8,8,+1 Lap,4.0,0,1
2021,18,Mexico City Grand Prix,2021-11-07,Mexico,Mexico City,Autódromo Hermanos Rodríguez,alonso,ALO,14,Fernando Alonso,Alpine F1 Team,12,9,9,+1 Lap,2.0,0,1
2021,18,Mexico City Grand Prix,2021-11-07,Mexico,Mexico City,Autódromo Hermanos Rodríguez,norris,NOR,4,Lando Norris,McLaren,18,10,10,+1 Lap,1.0,0,1
2021,18,Mexico City Grand Prix,2021-11-07,Mexico,Mexico City,Autódromo Hermanos Rodríguez,giovinazzi,GIO,99,Antonio Giovinazzi,Alfa Romeo,11,11,11,+1 Lap,0.0,0,0
2021,18,Mexico City Grand Prix,2021-11-07,Mexico,Mexico City,Autódromo Hermanos Rodríguez,ricciardo,RIC,3,Daniel Ricciardo,McLaren,7,12,12,+1 Lap,0.0,0,0
2021,18,Mexico City Grand Prix,2021-11-07,Mexico,Mexico City,Autódromo Hermanos Rodríguez,ocon,OCO,31,Esteban Ocon,Alpine F1 Team,19,13,13,+1 Lap,0.0,0,0
2021,18,Mexico City Grand Prix,2021-11-07,Mexico,Mexico City,Autódromo Hermanos Rodríguez,stroll,STR,18,Lance Stroll,Aston Martin,20,14,14,+2 Laps,0.0,0,0
2021,18,Mexico City Grand Prix,2021-11-07,Mexico,Mexico City,Autódromo Hermanos Rodríguez,bottas,BOT,77,Valtteri Bottas,Mercedes,1,15,15,+2 Laps,0.0,0,0
2021,18,Mexico City Grand Prix,2021-11-07,Mexico,Mexico City,Autódromo Hermanos Rodríguez,russell,RUS,63,George Russell,Williams,16,16,16,+2 Laps,0.0,0,0
2021,18,Mexico City Grand Prix,2021-11-07,Mexico,Mexico City,Autódromo Hermanos Rodríguez,latifi,LAT,6,Nicholas Latifi,Williams,13,17,17,+2 Laps,0.0,0,0
2021,18,Mexico City Grand Prix,2021-11-07,Mexico,Mexico City,Autódromo Hermanos Rodríguez,mazepin,MAZ,9,Nikita Mazepin,Haas F1 Team,15,18,18,+3 Laps,0.0,0,0
2021,18,Mexico City Grand Prix,2021-11-07,Mexico,Mexico City,Autódromo Hermanos Rodríguez,mick_schumacher,MSC,47,Mick Schumacher,Haas F1 Team,14,19,R,Collision,0.0,0,0
2021,18,Mexico City Grand Prix,2021-11-07,Mexico,Mexico City,Autódromo Hermanos Rodríguez,tsunoda,TSU,22,Yuki Tsunoda,AlphaTauri,17,20,R,Collision,0.0,0,0
2021,19,São Paulo Grand Prix,2021-11-14,Brazil,São Paulo,Autódromo José Carlos Pace,hamilton,HAM,44,Lewis Hamilton,Mercedes,10,1,1,Finished,25.0,1,1
2021,19,São Paulo Grand Prix,2021-11-14,Brazil,São Paulo,Autódromo José Carlos Pace,max_verstappen,VER,33,Max Verstappen,Red Bull,2,2,2,Finished,18.0,1,1
2021,19,São Paulo Grand Prix,2021-11-14,Brazil,São Paulo,Autódromo José Carlos Pace,bottas,BOT,77,Valtteri Bottas,Mercedes,1,3,3,Finished,15.0,1,1
2021,19,São Paulo Grand Prix,2021-11-14,Brazil,São Paulo,Autódromo José Carlos Pace,perez,PER,11,Sergio Pérez,Red Bull,4,4,4,Finished,13.0,0,1
2021,19,São Paulo Grand Prix,2021-11-14,Brazil,São Paulo,Autódromo José Carlos Pace,leclerc,LEC,16,Charles Leclerc,Ferrari,6,5,5,Finished,10.0,0,1
2021,19,São Paulo Grand Prix,2021-11-14,Brazil,São Paulo,Autódromo José Carlos Pace,sainz,SAI,55,Carlos Sainz,Ferrari,3,6,6,Finished,8.0,0,1
2021,19,São Paulo Grand Prix,2021-11-14,Brazil,São Paulo,Autódromo José Carlos Pace,gasly,GAS,10,Pierre Gasly,AlphaTauri,7,7,7,+1 Lap,6.0,0,1
2021,19,São Paulo Grand Prix,2021-11-14,Brazil,São Paulo,Autódromo José Carlos Pace,ocon,OCO,31,Esteban Ocon,Alpine F1 Team,8,8,8,+1 Lap,4.0,0,1
2021,19,São Paulo Grand Prix,2021-11-14,Brazil,São Paulo,Autódromo José Carlos Pace,alonso,ALO,14,Fernando Alonso,Alpine F1 Team,12,9,9,+1 Lap,2.0,0,1
2021,19,São Paulo Grand Prix,2021-11-14,Brazil,São Paulo,Autódromo José Carlos Pace,norris,NOR,4,Lando Norris,McLaren,5,10,10,+1 Lap,1.0,0,1
2021,19,São Paulo Grand Prix,2021-11-14,Brazil,São Paulo,Autódromo José Carlos Pace,vettel,VET,5,Sebastian Vettel,Aston Martin,9,11,11,+1 Lap,0.0,0,0
2021,19,São Paulo Grand Prix,2021-11-14,Brazil,São Paulo,Autódromo José Carlos Pace,raikkonen,RAI,7,Kimi Räikkönen,Alfa Romeo,0,12,12,+1 Lap,0.0,0,0
2021,19,São Paulo Grand Prix,2021-11-14,Brazil,São Paulo,Autódromo José Carlos Pace,russell,RUS,63,George Russell,Williams,17,13,13,+1 Lap,0.0,0,0
2021,19,São Paulo Grand Prix,2021-11-14,Brazil,São Paulo,Autódromo José Carlos Pace,giovinazzi,GIO,99,Antonio Giovinazzi,Alfa Romeo,13,14,14,+1 Lap,0.0,0,0
2021,19,São Paulo Grand Prix,2021-11-14,Brazil,São Paulo,Autódromo José Carlos Pace,tsunoda,TSU,22,Yuki Tsunoda,AlphaTauri,15,15,15,+1 Lap,0.0,0,0
2021,19,São Paulo Grand Prix,2021-11-14,Brazil,São Paulo,Autódromo José Carlos Pace,latifi,LAT,6,Nicholas Latifi,Williams,16,16,16,+1 Lap,0.0,0,0
2021,19,São Paulo Grand Prix,2021-11-14,Brazil,São Paulo,Autódromo José Carlos Pace,mazepin,MAZ,9,Nikita Mazepin,Haas F1 Team,19,17,17,+2 Laps,0.0,0,0
2021,19,São Paulo Grand Prix,2021-11-14,Brazil,São Paulo,Autódromo José Carlos Pace,mick_schumacher,MSC,47,Mick Schumacher,Haas F1 Team,18,18,18,+2 Laps,0.0,0,0
2021,19,São Paulo Grand Prix,2021-11-14,Brazil,São Paulo,Autódromo José Carlos Pace,ricciardo,RIC,3,Daniel Ricciardo,McLaren,11,19,R,Power loss,0.0,0,0
2021,19,São Paulo Grand Prix,2021-11-14,Brazil,São Paulo,Autódromo José Carlos Pace,stroll,STR,18,Lance Stroll,Aston Martin,14,20,R,Collision damage,0.0,0,0
2021,20,Qatar Grand Prix,2021-11-21,Qatar,Lusail,Losail International Circuit,hamilton,HAM,44,Lewis Hamilton,Mercedes,1,1,1,Finished,25.0,1,1
2021,20,Qatar Grand Prix,2021-11-21,Qatar,Lusail,Losail International Circuit,max_verstappen,VER,33,Max Verstappen,Red Bull,7,2,2,Finished,19.0,1,1
2021,20,Qatar Grand Prix,2021-11-21,Qatar,Lusail,Losail International Circuit,alonso,ALO,14,Fernando Alonso,Alpine F1 Team,3,3,3,Finished,15.0,1,1
2021,20,Qatar Grand Prix,2021-11-21,Qatar,Lusail,Losail International Circuit,perez,PER,11,Sergio Pérez,Red Bull,11,4,4,Finished,12.0,0,1
2021,20,Qatar Grand Prix,2021-11-21,Qatar,Lusail,Losail International Circuit,ocon,OCO,31,Esteban Ocon,Alpine F1 Team,9,5,5,Finished,10.0,0,1
2021,20,Qatar Grand Prix,2021-11-21,Qatar,Lusail,Losail International Circuit,stroll,STR,18,Lance Stroll,Aston Martin,12,6,6,Finished,8.0,0,1
2021,20,Qatar Grand Prix,2021-11-21,Qatar,Lusail,Losail International Circuit,sainz,SAI,55,Carlos Sainz,Ferrari,5,7,7,Finished,6.0,0,1
2021,20,Qatar Grand Prix,2021-11-21,Qatar,Lusail,Losail International Circuit,leclerc,LEC,16,Charles Leclerc,Ferrari,13,8,8,Finished,4.0,0,1
2021,20,Qatar Grand Prix,2021-11-21,Qatar,Lusail,Losail International Circuit,norris,NOR,4,Lando Norris,McLaren,4,9,9,+1 Lap,2.0,0,1
2021,20,Qatar Grand Prix,2021-11-21,Qatar,Lusail,Losail International Circuit,vettel,VET,5,Sebastian Vettel,Aston Martin,10,10,10,+1 Lap,1.0,0,1
2021,20,Qatar Grand Prix,2021-11-21,Qatar,Lusail,Losail International Circuit,gasly,GAS,10,Pierre Gasly,AlphaTauri,2,11,11,+1 Lap,0.0,0,0
2021,20,Qatar Grand Prix,2021-11-21,Qatar,Lusail,Losail International Circuit,ricciardo,RIC,3,Daniel Ricciardo,McLaren,14,12,12,+1 Lap,0.0,0,0
2021,20,Qatar Grand Prix,2021-11-21,Qatar,Lusail,Losail International Circuit,tsunoda,TSU,22,Yuki Tsunoda,AlphaTauri,8,13,13,+1 Lap,0.0,0,0
2021,20,Qatar Grand Prix,2021-11-21,Qatar,Lusail,Losail International Circuit,raikkonen,RAI,7,Kimi Räikkönen,Alfa Romeo,16,14,14,+1 Lap,0.0,0,0
2021,20,Qatar Grand Prix,2021-11-21,Qatar,Lusail,Losail International Circuit,giovinazzi,GIO,99,Antonio Giovinazzi,Alfa Romeo,18,15,15,+1 Lap,0.0,0,0
2021,20,Qatar Grand Prix,2021-11-21,Qatar,Lusail,Losail International Circuit,mick_schumacher,MSC,47,Mick Schumacher,Haas F1 Team,19,16,16,+1 Lap,0.0,0,0
2021,20,Qatar Grand Prix,2021-11-21,Qatar,Lusail,Losail International Circuit,russell,RUS,63,George Russell,Williams,15,17,17,+2 Laps,0.0,0,0
2021,20,Qatar Grand Prix,2021-11-21,Qatar,Lusail,Losail International Circuit,mazepin,MAZ,9,Nikita Mazepin,Haas F1 Team,20,18,18,+2 Laps,0.0,0,0
2021,20,Qatar Grand Prix,2021-11-21,Qatar,Lusail,Losail International Circuit,latifi,LAT,6,Nicholas Latifi,Williams,17,19,R,Puncture,0.0,0,0
2021,20,Qatar Grand Prix,2021-11-21,Qatar,Lusail,Losail International Circuit,bottas,BOT,77,Valtteri Bottas,Mercedes,6,20,R,Damage,0.0,0,0
2021,21,Saudi Arabian Grand Prix,2021-12-05,Saudi Arabia,Jeddah,Jeddah Corniche Circuit,hamilton,HAM,44,Lewis Hamilton,Mercedes,1,1,1,Finished,26.0,1,1
2021,21,Saudi Arabian Grand Prix,2021-12-05,Saudi Arabia,Jeddah,Jeddah Corniche Circuit,max_verstappen,VER,33,Max Verstappen,Red Bull,3,2,2,Finished,18.0,1,1
2021,21,Saudi Arabian Grand Prix,2021-12-05,Saudi Arabia,Jeddah,Jeddah Corniche Circuit,bottas,BOT,77,Valtteri Bottas,Mercedes,2,3,3,Finished,15.0,1,1
2021,21,Saudi Arabian Grand Prix,2021-12-05,Saudi Arabia,Jeddah,Jeddah Corniche Circuit,ocon,OCO,31,Esteban Ocon,Alpine F1 Team,9,4,4,Finished,12.0,0,1
2021,21,Saudi Arabian Grand Prix,2021-12-05,Saudi Arabia,Jeddah,Jeddah Corniche Circuit,ricciardo,RIC,3,Daniel Ricciardo,McLaren,11,5,5,Finished,10.0,0,1
2021,21,Saudi Arabian Grand Prix,2021-12-05,Saudi Arabia,Jeddah,Jeddah Corniche Circuit,gasly,GAS,10,Pierre Gasly,AlphaTauri,6,6,6,Finished,8.0,0,1
2021,21,Saudi Arabian Grand Prix,2021-12-05,Saudi Arabia,Jeddah,Jeddah Corniche Circuit,leclerc,LEC,16,Charles Leclerc,Ferrari,4,7,7,Finished,6.0,0,1
2021,21,Saudi Arabian Grand Prix,2021-12-05,Saudi Arabia,Jeddah,Jeddah Corniche Circuit,sainz,SAI,55,Carlos Sainz,Ferrari,15,8,8,Finished,4.0,0,1
2021,21,Saudi Arabian Grand Prix,2021-12-05,Saudi Arabia,Jeddah,Jeddah Corniche Circuit,giovinazzi,GIO,99,Antonio Giovinazzi,Alfa Romeo,10,9,9,Finished,2.0,0,1
2021,21,Saudi Arabian Grand Prix,2021-12-05,Saudi Arabia,Jeddah,Jeddah Corniche Circuit,norris,NOR,4,Lando Norris,McLaren,7,10,10,Finished,1.0,0,1
2021,21,Saudi Arabian Grand Prix,2021-12-05,Saudi Arabia,Jeddah,Jeddah Corniche Circuit,stroll,STR,18,Lance Stroll,Aston Martin,18,11,11,Finished,0.0,0,0
2021,21,Saudi Arabian Grand Prix,2021-12-05,Saudi Arabia,Jeddah,Jeddah Corniche Circuit,latifi,LAT,6,Nicholas Latifi,Williams,16,12,12,Finished,0.0,0,0
2021,21,Saudi Arabian Grand Prix,2021-12-05,Saudi Arabia,Jeddah,Jeddah Corniche Circuit,alonso,ALO,14,Fernando Alonso,Alpine F1 Team,13,13,13,+1 Lap,0.0,0,0
2021,21,Saudi Arabian Grand Prix,2021-12-05,Saudi Arabia,Jeddah,Jeddah Corniche Circuit,tsunoda,TSU,22,Yuki Tsunoda,AlphaTauri,8,14,14,+1 Lap,0.0,0,0
2021,21,Saudi Arabian Grand Prix,2021-12-05,Saudi Arabia,Jeddah,Jeddah Corniche Circuit,raikkonen,RAI,7,Kimi Räikkönen,Alfa Romeo,12,15,15,+1 Lap,0.0,0,0
2021,21,Saudi Arabian Grand Prix,2021-12-05,Saudi Arabia,Jeddah,Jeddah Corniche Circuit,vettel,VET,5,Sebastian Vettel,Aston Martin,17,16,R,Collision damage,0.0,0,0
2021,21,Saudi Arabian Grand Prix,2021-12-05,Saudi Arabia,Jeddah,Jeddah Corniche Circuit,perez,PER,11,Sergio Pérez,Red Bull,5,17,R,Collision,0.0,0,0
2021,21,Saudi Arabian Grand Prix,2021-12-05,Saudi Arabia,Jeddah,Jeddah Corniche Circuit,mazepin,MAZ,9,Nikita Mazepin,Haas F1 Team,20,18,R,Collision,0.0,0,0
2021,21,Saudi Arabian Grand Prix,2021-12-05,Saudi Arabia,Jeddah,Jeddah Corniche Circuit,russell,RUS,63,George Russell,Williams,14,19,R,Collision,0.0,0,0
2021,21,Saudi Arabian Grand Prix,2021-12-05,Saudi Arabia,Jeddah,Jeddah Corniche Circuit,mick_schumacher,MSC,47,Mick Schumacher,Haas F1 Team,19,20,R,Accident,0.0,0,0
2021,22,Abu Dhabi Grand Prix,2021-12-12,UAE,Abu Dhabi,Yas Marina Circuit,max_verstappen,VER,33,Max Verstappen,Red Bull,1,1,1,Finished,26.0,1,1
2021,22,Abu Dhabi Grand Prix,2021-12-12,UAE,Abu Dhabi,Yas Marina Circuit,hamilton,HAM,44,Lewis Hamilton,Mercedes,2,2,2,Finished,18.0,1,1
2021,22,Abu Dhabi Grand Prix,2021-12-12,UAE,Abu Dhabi,Yas Marina Circuit,sainz,SAI,55,Carlos Sainz,Ferrari,5,3,3,Finished,15.0,1,1
2021,22,Abu Dhabi Grand Prix,2021-12-12,UAE,Abu Dhabi,Yas Marina Circuit,tsunoda,TSU,22,Yuki Tsunoda,AlphaTauri,8,4,4,Finished,12.0,0,1
2021,22,Abu Dhabi Grand Prix,2021-12-12,UAE,Abu Dhabi,Yas Marina Circuit,gasly,GAS,10,Pierre Gasly,AlphaTauri,12,5,5,Finished,10.0,0,1
2021,22,Abu Dhabi Grand Prix,2021-12-12,UAE,Abu Dhabi,Yas Marina Circuit,bottas,BOT,77,Valtteri Bottas,Mercedes,6,6,6,Finished,8.0,0,1
2021,22,Abu Dhabi Grand Prix,2021-12-12,UAE,Abu Dhabi,Yas Marina Circuit,norris,NOR,4,Lando Norris,McLaren,3,7,7,Finished,6.0,0,1
2021,22,Abu Dhabi Grand Prix,2021-12-12,UAE,Abu Dhabi,Yas Marina Circuit,alonso,ALO,14,Fernando Alonso,Alpine F1 Team,11,8,8,Finished,4.0,0,1
2021,22,Abu Dhabi Grand Prix,2021-12-12,UAE,Abu Dhabi,Yas Marina Circuit,ocon,OCO,31,Esteban Ocon,Alpine F1 Team,9,9,9,Finished,2.0,0,1
2021,22,Abu Dhabi Grand Prix,2021-12-12,UAE,Abu Dhabi,Yas Marina Circuit,leclerc,LEC,16,Charles Leclerc,Ferrari,7,10,10,Finished,1.0,0,1
2021,22,Abu Dhabi Grand Prix,2021-12-12,UAE,Abu Dhabi,Yas Marina Circuit,vettel,VET,5,Sebastian Vettel,Aston Martin,15,11,11,Finished,0.0,0,0
2021,22,Abu Dhabi Grand Prix,2021-12-12,UAE,Abu Dhabi,Yas Marina Circuit,ricciardo,RIC,3,Daniel Ricciardo,McLaren,10,12,12,+1 Lap,0.0,0,0
2021,22,Abu Dhabi Grand Prix,2021-12-12,UAE,Abu Dhabi,Yas Marina Circuit,stroll,STR,18,Lance Stroll,Aston Martin,13,13,13,+1 Lap,0.0,0,0
2021,22,Abu Dhabi Grand Prix,2021-12-12,UAE,Abu Dhabi,Yas Marina Circuit,mick_schumacher,MSC,47,Mick Schumacher,Haas F1 Team,19,14,14,+1 Lap,0.0,0,0
2021,22,Abu Dhabi Grand Prix,2021-12-12,UAE,Abu Dhabi,Yas Marina Circuit,perez,PER,11,Sergio Pérez,Red Bull,4,15,15,Engine,0.0,0,0
2021,22,Abu Dhabi Grand Prix,2021-12-12,UAE,Abu Dhabi,Yas Marina Circuit,latifi,LAT,6,Nicholas Latifi,Williams,16,16,R,Accident,0.0,0,0
2021,22,Abu Dhabi Grand Prix,2021-12-12,UAE,Abu Dhabi,Yas Marina Circuit,giovinazzi,GIO,99,Antonio Giovinazzi,Alfa Romeo,14,17,R,Gearbox,0.0,0,0
2021,22,Abu Dhabi Grand Prix,2021-12-12,UAE,Abu Dhabi,Yas Marina Circuit,russell,RUS,63,George Russell,Williams,17,18,R,Gearbox,0.0,0,0
2021,22,Abu Dhabi Grand Prix,2021-12-12,UAE,Abu Dhabi,Yas Marina Circuit,raikkonen,RAI,7,Kimi Räikkönen,Alfa Romeo,18,19,R,Brakes,0.0,0,0
2021,22,Abu Dhabi Grand Prix,2021-12-12,UAE,Abu Dhabi,Yas Marina Circuit,mazepin,MAZ,9,Nikita Mazepin,Haas F1 Team,20,20,W,Illness,0.0,0,0
2022,1,Bahrain Grand Prix,2022-03-20,Bahrain,Sakhir,Bahrain International Circuit,leclerc,LEC,16,Charles Leclerc,Ferrari,1,1,1,Finished,26.0,1,1
2022,1,Bahrain Grand Prix,2022-03-20,Bahrain,Sakhir,Bahrain International Circuit,sainz,SAI,55,Carlos Sainz,Ferrari,3,2,2,Finished,18.0,1,1
2022,1,Bahrain Grand Prix,2022-03-20,Bahrain,Sakhir,Bahrain International Circuit,hamilton,HAM,44,Lewis Hamilton,Mercedes,5,3,3,Finished,15.0,1,1
2022,1,Bahrain Grand Prix,2022-03-20,Bahrain,Sakhir,Bahrain International Circuit,russell,RUS,63,George Russell,Mercedes,9,4,4,Finished,12.0,0,1
2022,1,Bahrain Grand Prix,2022-03-20,Bahrain,Sakhir,Bahrain International Circuit,kevin_magnussen,MAG,20,Kevin Magnussen,Haas F1 Team,7,5,5,Finished,10.0,0,1
2022,1,Bahrain Grand Prix,2022-03-20,Bahrain,Sakhir,Bahrain International Circuit,bottas,BOT,77,Valtteri Bottas,Alfa Romeo,6,6,6,Finished,8.0,0,1
2022,1,Bahrain Grand Prix,2022-03-20,Bahrain,Sakhir,Bahrain International Circuit,ocon,OCO,31,Esteban Ocon,Alpine F1 Team,11,7,7,Finished,6.0,0,1
2022,1,Bahrain Grand Prix,2022-03-20,Bahrain,Sakhir,Bahrain International Circuit,tsunoda,TSU,22,Yuki Tsunoda,AlphaTauri,16,8,8,Finished,4.0,0,1
2022,1,Bahrain Grand Prix,2022-03-20,Bahrain,Sakhir,Bahrain International Circuit,alonso,ALO,14,Fernando Alonso,Alpine F1 Team,8,9,9,Finished,2.0,0,1
2022,1,Bahrain Grand Prix,2022-03-20,Bahrain,Sakhir,Bahrain International Circuit,zhou,ZHO,24,Guanyu Zhou,Alfa Romeo,15,10,10,Finished,1.0,0,1
2022,1,Bahrain Grand Prix,2022-03-20,Bahrain,Sakhir,Bahrain International Circuit,mick_schumacher,MSC,47,Mick Schumacher,Haas F1 Team,12,11,11,Finished,0.0,0,0
2022,1,Bahrain Grand Prix,2022-03-20,Bahrain,Sakhir,Bahrain International Circuit,stroll,STR,18,Lance Stroll,Aston Martin,19,12,12,Finished,0.0,0,0
2022,1,Bahrain Grand Prix,2022-03-20,Bahrain,Sakhir,Bahrain International Circuit,albon,ALB,23,Alexander Albon,Williams,14,13,13,Finished,0.0,0,0
2022,1,Bahrain Grand Prix,2022-03-20,Bahrain,Sakhir,Bahrain International Circuit,ricciardo,RIC,3,Daniel Ricciardo,McLaren,18,14,14,Finished,0.0,0,0
2022,1,Bahrain Grand Prix,2022-03-20,Bahrain,Sakhir,Bahrain International Circuit,norris,NOR,4,Lando Norris,McLaren,13,15,15,Finished,0.0,0,0
2022,1,Bahrain Grand Prix,2022-03-20,Bahrain,Sakhir,Bahrain International Circuit,latifi,LAT,6,Nicholas Latifi,Williams,20,16,16,Finished,0.0,0,0
2022,1,Bahrain Grand Prix,2022-03-20,Bahrain,Sakhir,Bahrain International Circuit,hulkenberg,HUL,27,Nico Hülkenberg,Aston Martin,17,17,17,Finished,0.0,0,0
2022,1,Bahrain Grand Prix,2022-03-20,Bahrain,Sakhir,Bahrain International Circuit,perez,PER,11,Sergio Pérez,Red Bull,4,18,18,Fuel pressure,0.0,0,0
2022,1,Bahrain Grand Prix,2022-03-20,Bahrain,Sakhir,Bahrain International Circuit,max_verstappen,VER,1,Max Verstappen,Red Bull,2,19,19,Fuel pressure,0.0,0,0
2022,1,Bahrain Grand Prix,2022-03-20,Bahrain,Sakhir,Bahrain International Circuit,gasly,GAS,10,Pierre Gasly,AlphaTauri,10,20,R,Power Unit,0.0,0,0
2022,2,Saudi Arabian Grand Prix,2022-03-27,Saudi Arabia,Jeddah,Jeddah Corniche Circuit,max_verstappen,VER,1,Max Verstappen,Red Bull,4,1,1,Finished,25.0,1,1
2022,2,Saudi Arabian Grand Prix,2022-03-27,Saudi Arabia,Jeddah,Jeddah Corniche Circuit,leclerc,LEC,16,Charles Leclerc,Ferrari,2,2,2,Finished,19.0,1,1
2022,2,Saudi Arabian Grand Prix,2022-03-27,Saudi Arabia,Jeddah,Jeddah Corniche Circuit,sainz,SAI,55,Carlos Sainz,Ferrari,3,3,3,Finished,15.0,1,1
2022,2,Saudi Arabian Grand Prix,2022-03-27,Saudi Arabia,Jeddah,Jeddah Corniche Circuit,perez,PER,11,Sergio Pérez,Red Bull,1,4,4,Finished,12.0,0,1
2022,2,Saudi Arabian Grand Prix,2022-03-27,Saudi Arabia,Jeddah,Jeddah Corniche Circuit,russell,RUS,63,George Russell,Mercedes,6,5,5,Finished,10.0,0,1
2022,2,Saudi Arabian Grand Prix,2022-03-27,Saudi Arabia,Jeddah,Jeddah Corniche Circuit,ocon,OCO,31,Esteban Ocon,Alpine F1 Team,5,6,6,Finished,8.0,0,1
2022,2,Saudi Arabian Grand Prix,2022-03-27,Saudi Arabia,Jeddah,Jeddah Corniche Circuit,norris,NOR,4,Lando Norris,McLaren,11,7,7,Finished,6.0,0,1
2022,2,Saudi Arabian Grand Prix,2022-03-27,Saudi Arabia,Jeddah,Jeddah Corniche Circuit,gasly,GAS,10,Pierre Gasly,AlphaTauri,9,8,8,Finished,4.0,0,1
2022,2,Saudi Arabian Grand Prix,2022-03-27,Saudi Arabia,Jeddah,Jeddah Corniche Circuit,kevin_magnussen,MAG,20,Kevin Magnussen,Haas F1 Team,10,9,9,Finished,2.0,0,1
2022,2,Saudi Arabian Grand Prix,2022-03-27,Saudi Arabia,Jeddah,Jeddah Corniche Circuit,hamilton,HAM,44,Lewis Hamilton,Mercedes,15,10,10,Finished,1.0,0,1
2022,2,Saudi Arabian Grand Prix,2022-03-27,Saudi Arabia,Jeddah,Jeddah Corniche Circuit,zhou,ZHO,24,Guanyu Zhou,Alfa Romeo,12,11,11,Finished,0.0,0,0
2022,2,Saudi Arabian Grand Prix,2022-03-27,Saudi Arabia,Jeddah,Jeddah Corniche Circuit,hulkenberg,HUL,27,Nico Hülkenberg,Aston Martin,17,12,12,Finished,0.0,0,0
2022,2,Saudi Arabian Grand Prix,2022-03-27,Saudi Arabia,Jeddah,Jeddah Corniche Circuit,stroll,STR,18,Lance Stroll,Aston Martin,13,13,13,+1 Lap,0.0,0,0
2022,2,Saudi Arabian Grand Prix,2022-03-27,Saudi Arabia,Jeddah,Jeddah Corniche Circuit,albon,ALB,23,Alexander Albon,Williams,16,14,14,Collision damage,0.0,0,0
2022,2,Saudi Arabian Grand Prix,2022-03-27,Saudi Arabia,Jeddah,Jeddah Corniche Circuit,bottas,BOT,77,Valtteri Bottas,Alfa Romeo,8,15,R,Cooling system,0.0,0,0
2022,2,Saudi Arabian Grand Prix,2022-03-27,Saudi Arabia,Jeddah,Jeddah Corniche Circuit,alonso,ALO,14,Fernando Alonso,Alpine F1 Team,7,16,R,Water pump,0.0,0,0
2022,2,Saudi Arabian Grand Prix,2022-03-27,Saudi Arabia,Jeddah,Jeddah Corniche Circuit,ricciardo,RIC,3,Daniel Ricciardo,McLaren,14,17,R,Gearbox,0.0,0,0
2022,2,Saudi Arabian Grand Prix,2022-03-27,Saudi Arabia,Jeddah,Jeddah Corniche Circuit,latifi,LAT,6,Nicholas Latifi,Williams,18,18,R,Accident,0.0,0,0
2022,2,Saudi Arabian Grand Prix,2022-03-27,Saudi Arabia,Jeddah,Jeddah Corniche Circuit,tsunoda,TSU,22,Yuki Tsunoda,AlphaTauri,19,19,R,Power Unit,0.0,0,0
2022,2,Saudi Arabian Grand Prix,2022-03-27,Saudi Arabia,Jeddah,Jeddah Corniche Circuit,mick_schumacher,MSC,47,Mick Schumacher,Haas F1 Team,0,20,W,Withdrew,0.0,0,0
2022,3,Australian Grand Prix,2022-04-10,Australia,Melbourne,Albert Park Grand Prix Circuit,leclerc,LEC,16,Charles Leclerc,Ferrari,1,1,1,Finished,26.0,1,1
2022,3,Australian Grand Prix,2022-04-10,Australia,Melbourne,Albert Park Grand Prix Circuit,perez,PER,11,Sergio Pérez,Red Bull,3,2,2,Finished,18.0,1,1
2022,3,Australian Grand Prix,2022-04-10,Australia,Melbourne,Albert Park Grand Prix Circuit,russell,RUS,63,George Russell,Mercedes,6,3,3,Finished,15.0,1,1
2022,3,Australian Grand Prix,2022-04-10,Australia,Melbourne,Albert Park Grand Prix Circuit,hamilton,HAM,44,Lewis Hamilton,Mercedes,5,4,4,Finished,12.0,0,1
2022,3,Australian Grand Prix,2022-04-10,Australia,Melbourne,Albert Park Grand Prix Circuit,norris,NOR,4,Lando Norris,McLaren,4,5,5,Finished,10.0,0,1
2022,3,Australian Grand Prix,2022-04-10,Australia,Melbourne,Albert Park Grand Prix Circuit,ricciardo,RIC,3,Daniel Ricciardo,McLaren,7,6,6,Finished,8.0,0,1
2022,3,Australian Grand Prix,2022-04-10,Australia,Melbourne,Albert Park Grand Prix Circuit,ocon,OCO,31,Esteban Ocon,Alpine F1 Team,8,7,7,Finished,6.0,0,1
2022,3,Australian Grand Prix,2022-04-10,Australia,Melbourne,Albert Park Grand Prix Circuit,bottas,BOT,77,Valtteri Bottas,Alfa Romeo,12,8,8,Finished,4.0,0,1
2022,3,Australian Grand Prix,2022-04-10,Australia,Melbourne,Albert Park Grand Prix Circuit,gasly,GAS,10,Pierre Gasly,AlphaTauri,11,9,9,Finished,2.0,0,1
2022,3,Australian Grand Prix,2022-04-10,Australia,Melbourne,Albert Park Grand Prix Circuit,albon,ALB,23,Alexander Albon,Williams,20,10,10,Finished,1.0,0,1
2022,3,Australian Grand Prix,2022-04-10,Australia,Melbourne,Albert Park Grand Prix Circuit,zhou,ZHO,24,Guanyu Zhou,Alfa Romeo,14,11,11,Finished,0.0,0,0
2022,3,Australian Grand Prix,2022-04-10,Australia,Melbourne,Albert Park Grand Prix Circuit,stroll,STR,18,Lance Stroll,Aston Martin,19,12,12,Finished,0.0,0,0
2022,3,Australian Grand Prix,2022-04-10,Australia,Melbourne,Albert Park Grand Prix Circuit,mick_schumacher,MSC,47,Mick Schumacher,Haas F1 Team,15,13,13,+1 Lap,0.0,0,0
2022,3,Australian Grand Prix,2022-04-10,Australia,Melbourne,Albert Park Grand Prix Circuit,kevin_magnussen,MAG,20,Kevin Magnussen,Haas F1 Team,16,14,14,+1 Lap,0.0,0,0
2022,3,Australian Grand Prix,2022-04-10,Australia,Melbourne,Albert Park Grand Prix Circuit,tsunoda,TSU,22,Yuki Tsunoda,AlphaTauri,13,15,15,+1 Lap,0.0,0,0
2022,3,Australian Grand Prix,2022-04-10,Australia,Melbourne,Albert Park Grand Prix Circuit,latifi,LAT,6,Nicholas Latifi,Williams,18,16,16,+1 Lap,0.0,0,0
2022,3,Australian Grand Prix,2022-04-10,Australia,Melbourne,Albert Park Grand Prix Circuit,alonso,ALO,14,Fernando Alonso,Alpine F1 Team,10,17,17,+1 Lap,0.0,0,0
2022,3,Australian Grand Prix,2022-04-10,Australia,Melbourne,Albert Park Grand Prix Circuit,max_verstappen,VER,1,Max Verstappen,Red Bull,2,18,R,Fuel leak,0.0,0,0
2022,3,Australian Grand Prix,2022-04-10,Australia,Melbourne,Albert Park Grand Prix Circuit,vettel,VET,5,Sebastian Vettel,Aston Martin,17,19,R,Accident,0.0,0,0
2022,3,Australian Grand Prix,2022-04-10,Australia,Melbourne,Albert Park Grand Prix Circuit,sainz,SAI,55,Carlos Sainz,Ferrari,9,20,R,Spun off,0.0,0,0
2022,4,Emilia Romagna Grand Prix,2022-04-24,Italy,Imola,Autodromo Enzo e Dino Ferrari,max_verstappen,VER,1,Max Verstappen,Red Bull,1,1,1,Finished,26.0,1,1
2022,4,Emilia Romagna Grand Prix,2022-04-24,Italy,Imola,Autodromo Enzo e Dino Ferrari,perez,PER,11,Sergio Pérez,Red Bull,3,2,2,Finished,18.0,1,1
2022,4,Emilia Romagna Grand Prix,2022-04-24,Italy,Imola,Autodromo Enzo e Dino Ferrari,norris,NOR,4,Lando Norris,McLaren,5,3,3,Finished,15.0,1,1
2022,4,Emilia Romagna Grand Prix,2022-04-24,Italy,Imola,Autodromo Enzo e Dino Ferrari,russell,RUS,63,George Russell,Mercedes,11,4,4,Finished,12.0,0,1
2022,4,Emilia Romagna Grand Prix,2022-04-24,Italy,Imola,Autodromo Enzo e Dino Ferrari,bottas,BOT,77,Valtteri Bottas,Alfa Romeo,7,5,5,Finished,10.0,0,1
2022,4,Emilia Romagna Grand Prix,2022-04-24,Italy,Imola,Autodromo Enzo e Dino Ferrari,leclerc,LEC,16,Charles Leclerc,Ferrari,2,6,6,Finished,8.0,0,1
2022,4,Emilia Romagna Grand Prix,2022-04-24,Italy,Imola,Autodromo Enzo e Dino Ferrari,tsunoda,TSU,22,Yuki Tsunoda,AlphaTauri,12,7,7,Finished,6.0,0,1
2022,4,Emilia Romagna Grand Prix,2022-04-24,Italy,Imola,Autodromo Enzo e Dino Ferrari,vettel,VET,5,Sebastian Vettel,Aston Martin,13,8,8,Finished,4.0,0,1
2022,4,Emilia Romagna Grand Prix,2022-04-24,Italy,Imola,Autodromo Enzo e Dino Ferrari,kevin_magnussen,MAG,20,Kevin Magnussen,Haas F1 Team,8,9,9,Finished,2.0,0,1
2022,4,Emilia Romagna Grand Prix,2022-04-24,Italy,Imola,Autodromo Enzo e Dino Ferrari,stroll,STR,18,Lance Stroll,Aston Martin,15,10,10,+1 Lap,1.0,0,1
2022,4,Emilia Romagna Grand Prix,2022-04-24,Italy,Imola,Autodromo Enzo e Dino Ferrari,albon,ALB,23,Alexander Albon,Williams,18,11,11,+1 Lap,0.0,0,0
2022,4,Emilia Romagna Grand Prix,2022-04-24,Italy,Imola,Autodromo Enzo e Dino Ferrari,gasly,GAS,10,Pierre Gasly,AlphaTauri,17,12,12,+1 Lap,0.0,0,0
2022,4,Emilia Romagna Grand Prix,2022-04-24,Italy,Imola,Autodromo Enzo e Dino Ferrari,hamilton,HAM,44,Lewis Hamilton,Mercedes,14,13,13,+1 Lap,0.0,0,0
2022,4,Emilia Romagna Grand Prix,2022-04-24,Italy,Imola,Autodromo Enzo e Dino Ferrari,ocon,OCO,31,Esteban Ocon,Alpine F1 Team,16,14,14,+1 Lap,0.0,0,0
2022,4,Emilia Romagna Grand Prix,2022-04-24,Italy,Imola,Autodromo Enzo e Dino Ferrari,zhou,ZHO,24,Guanyu Zhou,Alfa Romeo,0,15,15,+1 Lap,0.0,0,0
2022,4,Emilia Romagna Grand Prix,2022-04-24,Italy,Imola,Autodromo Enzo e Dino Ferrari,latifi,LAT,6,Nicholas Latifi,Williams,19,16,16,+1 Lap,0.0,0,0
2022,4,Emilia Romagna Grand Prix,2022-04-24,Italy,Imola,Autodromo Enzo e Dino Ferrari,mick_schumacher,MSC,47,Mick Schumacher,Haas F1 Team,10,17,17,+1 Lap,0.0,0,0
2022,4,Emilia Romagna Grand Prix,2022-04-24,Italy,Imola,Autodromo Enzo e Dino Ferrari,ricciardo,RIC,3,Daniel Ricciardo,McLaren,6,18,18,+1 Lap,0.0,0,0
2022,4,Emilia Romagna Grand Prix,2022-04-24,Italy,Imola,Autodromo Enzo e Dino Ferrari,alonso,ALO,14,Fernando Alonso,Alpine F1 Team,9,19,R,Collision damage,0.0,0,0
2022,4,Emilia Romagna Grand Prix,2022-04-24,Italy,Imola,Autodromo Enzo e Dino Ferrari,sainz,SAI,55,Carlos Sainz,Ferrari,4,20,R,Collision,0.0,0,0
2022,5,Miami Grand Prix,2022-05-08,USA,Miami,Miami International Autodrome,max_verstappen,VER,1,Max Verstappen,Red Bull,3,1,1,Finished,26.0,1,1
2022,5,Miami Grand Prix,2022-05-08,USA,Miami,Miami International Autodrome,leclerc,LEC,16,Charles Leclerc,Ferrari,1,2,2,Finished,18.0,1,1
2022,5,Miami Grand Prix,2022-05-08,USA,Miami,Miami International Autodrome,sainz,SAI,55,Carlos Sainz,Ferrari,2,3,3,Finished,15.0,1,1
2022,5,Miami Grand Prix,2022-05-08,USA,Miami,Miami International Autodrome,perez,PER,11,Sergio Pérez,Red Bull,4,4,4,Finished,12.0,0,1
2022,5,Miami Grand Prix,2022-05-08,USA,Miami,Miami International Autodrome,russell,RUS,63,George Russell,Mercedes,12,5,5,Finished,10.0,0,1
2022,5,Miami Grand Prix,2022-05-08,USA,Miami,Miami International Autodrome,hamilton,HAM,44,Lewis Hamilton,Mercedes,6,6,6,Finished,8.0,0,1
2022,5,Miami Grand Prix,2022-05-08,USA,Miami,Miami International Autodrome,bottas,BOT,77,Valtteri Bottas,Alfa Romeo,5,7,7,Finished,6.0,0,1
2022,5,Miami Grand Prix,2022-05-08,USA,Miami,Miami International Autodrome,ocon,OCO,31,Esteban Ocon,Alpine F1 Team,20,8,8,Finished,4.0,0,1
2022,5,Miami Grand Prix,2022-05-08,USA,Miami,Miami International Autodrome,albon,ALB,23,Alexander Albon,Williams,18,9,9,Finished,2.0,0,1
2022,5,Miami Grand Prix,2022-05-08,USA,Miami,Miami International Autodrome,stroll,STR,18,Lance Stroll,Aston Martin,0,10,10,Finished,1.0,0,1
2022,5,Miami Grand Prix,2022-05-08,USA,Miami,Miami International Autodrome,alonso,ALO,14,Fernando Alonso,Alpine F1 Team,11,11,11,Finished,0.0,0,0
2022,5,Miami Grand Prix,2022-05-08,USA,Miami,Miami International Autodrome,tsunoda,TSU,22,Yuki Tsunoda,AlphaTauri,9,12,12,Finished,0.0,0,0
2022,5,Miami Grand Prix,2022-05-08,USA,Miami,Miami International Autodrome,ricciardo,RIC,3,Daniel Ricciardo,McLaren,14,13,13,Finished,0.0,0,0
2022,5,Miami Grand Prix,2022-05-08,USA,Miami,Miami International Autodrome,latifi,LAT,6,Nicholas Latifi,Williams,19,14,14,Finished,0.0,0,0
2022,5,Miami Grand Prix,2022-05-08,USA,Miami,Miami International Autodrome,mick_schumacher,MSC,47,Mick Schumacher,Haas F1 Team,15,15,15,Finished,0.0,0,0
2022,5,Miami Grand Prix,2022-05-08,USA,Miami,Miami International Autodrome,kevin_magnussen,MAG,20,Kevin Magnussen,Haas F1 Team,16,16,16,Front wing,0.0,0,0
2022,5,Miami Grand Prix,2022-05-08,USA,Miami,Miami International Autodrome,vettel,VET,5,Sebastian Vettel,Aston Martin,0,17,17,Collision,0.0,0,0
2022,5,Miami Grand Prix,2022-05-08,USA,Miami,Miami International Autodrome,gasly,GAS,10,Pierre Gasly,AlphaTauri,7,18,R,Suspension,0.0,0,0
2022,5,Miami Grand Prix,2022-05-08,USA,Miami,Miami International Autodrome,norris,NOR,4,Lando Norris,McLaren,8,19,R,Collision,0.0,0,0
2022,5,Miami Grand Prix,2022-05-08,USA,Miami,Miami International Autodrome,zhou,ZHO,24,Guanyu Zhou,Alfa Romeo,17,20,R,Water leak,0.0,0,0
2022,6,Spanish Grand Prix,2022-05-22,Spain,Barcelona,Circuit de Barcelona-Catalunya,max_verstappen,VER,1,Max Verstappen,Red Bull,2,1,1,Finished,25.0,1,1
2022,6,Spanish Grand Prix,2022-05-22,Spain,Barcelona,Circuit de Barcelona-Catalunya,perez,PER,11,Sergio Pérez,Red Bull,5,2,2,Finished,19.0,1,1
2022,6,Spanish Grand Prix,2022-05-22,Spain,Barcelona,Circuit de Barcelona-Catalunya,russell,RUS,63,George Russell,Mercedes,4,3,3,Finished,15.0,1,1
2022,6,Spanish Grand Prix,2022-05-22,Spain,Barcelona,Circuit de Barcelona-Catalunya,sainz,SAI,55,Carlos Sainz,Ferrari,3,4,4,Finished,12.0,0,1
2022,6,Spanish Grand Prix,2022-05-22,Spain,Barcelona,Circuit de Barcelona-Catalunya,hamilton,HAM,44,Lewis Hamilton,Mercedes,6,5,5,Finished,10.0,0,1
2022,6,Spanish Grand Prix,2022-05-22,Spain,Barcelona,Circuit de Barcelona-Catalunya,bottas,BOT,77,Valtteri Bottas,Alfa Romeo,7,6,6,Finished,8.0,0,1
2022,6,Spanish Grand Prix,2022-05-22,Spain,Barcelona,Circuit de Barcelona-Catalunya,ocon,OCO,31,Esteban Ocon,Alpine F1 Team,12,7,7,Finished,6.0,0,1
2022,6,Spanish Grand Prix,2022-05-22,Spain,Barcelona,Circuit de Barcelona-Catalunya,norris,NOR,4,Lando Norris,McLaren,11,8,8,Finished,4.0,0,1
2022,6,Spanish Grand Prix,2022-05-22,Spain,Barcelona,Circuit de Barcelona-Catalunya,alonso,ALO,14,Fernando Alonso,Alpine F1 Team,20,9,9,+1 Lap,2.0,0,1
2022,6,Spanish Grand Prix,2022-05-22,Spain,Barcelona,Circuit de Barcelona-Catalunya,tsunoda,TSU,22,Yuki Tsunoda,AlphaTauri,13,10,10,+1 Lap,1.0,0,1
2022,6,Spanish Grand Prix,2022-05-22,Spain,Barcelona,Circuit de Barcelona-Catalunya,vettel,VET,5,Sebastian Vettel,Aston Martin,16,11,11,+1 Lap,0.0,0,0
2022,6,Spanish Grand Prix,2022-05-22,Spain,Barcelona,Circuit de Barcelona-Catalunya,ricciardo,RIC,3,Daniel Ricciardo,McLaren,9,12,12,+1 Lap,0.0,0,0
2022,6,Spanish Grand Prix,2022-05-22,Spain,Barcelona,Circuit de Barcelona-Catalunya,gasly,GAS,10,Pierre Gasly,AlphaTauri,14,13,13,+1 Lap,0.0,0,0
2022,6,Spanish Grand Prix,2022-05-22,Spain,Barcelona,Circuit de Barcelona-Catalunya,mick_schumacher,MSC,47,Mick Schumacher,Haas F1 Team,10,14,14,+1 Lap,0.0,0,0
2022,6,Spanish Grand Prix,2022-05-22,Spain,Barcelona,Circuit de Barcelona-Catalunya,stroll,STR,18,Lance Stroll,Aston Martin,17,15,15,+1 Lap,0.0,0,0
2022,6,Spanish Grand Prix,2022-05-22,Spain,Barcelona,Circuit de Barcelona-Catalunya,latifi,LAT,6,Nicholas Latifi,Williams,19,16,16,+2 Laps,0.0,0,0
2022,6,Spanish Grand Prix,2022-05-22,Spain,Barcelona,Circuit de Barcelona-Catalunya,kevin_magnussen,MAG,20,Kevin Magnussen,Haas F1 Team,8,17,17,+2 Laps,0.0,0,0
2022,6,Spanish Grand Prix,2022-05-22,Spain,Barcelona,Circuit de Barcelona-Catalunya,albon,ALB,23,Alexander Albon,Williams,18,18,18,+2 Laps,0.0,0,0
2022,6,Spanish Grand Prix,2022-05-22,Spain,Barcelona,Circuit de Barcelona-Catalunya,zhou,ZHO,24,Guanyu Zhou,Alfa Romeo,15,19,R,Power loss,0.0,0,0
2022,6,Spanish Grand Prix,2022-05-22,Spain,Barcelona,Circuit de Barcelona-Catalunya,leclerc,LEC,16,Charles Leclerc,Ferrari,1,20,R,Turbo,0.0,0,0
2022,7,Monaco Grand Prix,2022-05-29,Monaco,Monte Carlo,Circuit de Monaco,perez,PER,11,Sergio Pérez,Red Bull,3,1,1,Finished,25.0,1,1
2022,7,Monaco Grand Prix,2022-05-29,Monaco,Monte Carlo,Circuit de Monaco,sainz,SAI,55,Carlos Sainz,Ferrari,2,2,2,Finished,18.0,1,1
2022,7,Monaco Grand Prix,2022-05-29,Monaco,Monte Carlo,Circuit de Monaco,max_verstappen,VER,1,Max Verstappen,Red Bull,4,3,3,Finished,15.0,1,1
2022,7,Monaco Grand Prix,2022-05-29,Monaco,Monte Carlo,Circuit de Monaco,leclerc,LEC,16,Charles Leclerc,Ferrari,1,4,4,Finished,12.0,0,1
2022,7,Monaco Grand Prix,2022-05-29,Monaco,Monte Carlo,Circuit de Monaco,russell,RUS,63,George Russell,Mercedes,6,5,5,Finished,10.0,0,1
2022,7,Monaco Grand Prix,2022-05-29,Monaco,Monte Carlo,Circuit de Monaco,norris,NOR,4,Lando Norris,McLaren,5,6,6,Finished,9.0,0,1
2022,7,Monaco Grand Prix,2022-05-29,Monaco,Monte Carlo,Circuit de Monaco,alonso,ALO,14,Fernando Alonso,Alpine F1 Team,7,7,7,Finished,6.0,0,1
2022,7,Monaco Grand Prix,2022-05-29,Monaco,Monte Carlo,Circuit de Monaco,hamilton,HAM,44,Lewis Hamilton,Mercedes,8,8,8,Finished,4.0,0,1
2022,7,Monaco Grand Prix,2022-05-29,Monaco,Monte Carlo,Circuit de Monaco,bottas,BOT,77,Valtteri Bottas,Alfa Romeo,12,9,9,Finished,2.0,0,1
2022,7,Monaco Grand Prix,2022-05-29,Monaco,Monte Carlo,Circuit de Monaco,vettel,VET,5,Sebastian Vettel,Aston Martin,9,10,10,Finished,1.0,0,1
2022,7,Monaco Grand Prix,2022-05-29,Monaco,Monte Carlo,Circuit de Monaco,gasly,GAS,10,Pierre Gasly,AlphaTauri,17,11,11,Finished,0.0,0,0
2022,7,Monaco Grand Prix,2022-05-29,Monaco,Monte Carlo,Circuit de Monaco,ocon,OCO,31,Esteban Ocon,Alpine F1 Team,10,12,12,Finished,0.0,0,0
2022,7,Monaco Grand Prix,2022-05-29,Monaco,Monte Carlo,Circuit de Monaco,ricciardo,RIC,3,Daniel Ricciardo,McLaren,14,13,13,Finished,0.0,0,0
2022,7,Monaco Grand Prix,2022-05-29,Monaco,Monte Carlo,Circuit de Monaco,stroll,STR,18,Lance Stroll,Aston Martin,18,14,14,Finished,0.0,0,0
2022,7,Monaco Grand Prix,2022-05-29,Monaco,Monte Carlo,Circuit de Monaco,latifi,LAT,6,Nicholas Latifi,Williams,19,15,15,+1 Lap,0.0,0,0
2022,7,Monaco Grand Prix,2022-05-29,Monaco,Monte Carlo,Circuit de Monaco,zhou,ZHO,24,Guanyu Zhou,Alfa Romeo,20,16,16,+1 Lap,0.0,0,0
2022,7,Monaco Grand Prix,2022-05-29,Monaco,Monte Carlo,Circuit de Monaco,tsunoda,TSU,22,Yuki Tsunoda,AlphaTauri,11,17,17,+1 Lap,0.0,0,0
2022,7,Monaco Grand Prix,2022-05-29,Monaco,Monte Carlo,Circuit de Monaco,albon,ALB,23,Alexander Albon,Williams,16,18,R,Mechanical,0.0,0,0
2022,7,Monaco Grand Prix,2022-05-29,Monaco,Monte Carlo,Circuit de Monaco,mick_schumacher,MSC,47,Mick Schumacher,Haas F1 Team,15,19,R,Accident,0.0,0,0
2022,7,Monaco Grand Prix,2022-05-29,Monaco,Monte Carlo,Circuit de Monaco,kevin_magnussen,MAG,20,Kevin Magnussen,Haas F1 Team,13,20,R,Water pressure,0.0,0,0
2022,8,Azerbaijan Grand Prix,2022-06-12,Azerbaijan,Baku,Baku City Circuit,max_verstappen,VER,1,Max Verstappen,Red Bull,3,1,1,Finished,25.0,1,1
2022,8,Azerbaijan Grand Prix,2022-06-12,Azerbaijan,Baku,Baku City Circuit,perez,PER,11,Sergio Pérez,Red Bull,2,2,2,Finished,19.0,1,1
2022,8,Azerbaijan Grand Prix,2022-06-12,Azerbaijan,Baku,Baku City Circuit,russell,RUS,63,George Russell,Mercedes,5,3,3,Finished,15.0,1,1
2022,8,Azerbaijan Grand Prix,2022-06-12,Azerbaijan,Baku,Baku City Circuit,hamilton,HAM,44,Lewis Hamilton,Mercedes,7,4,4,Finished,12.0,0,1
2022,8,Azerbaijan Grand Prix,2022-06-12,Azerbaijan,Baku,Baku City Circuit,gasly,GAS,10,Pierre Gasly,AlphaTauri,6,5,5,Finished,10.0,0,1
2022,8,Azerbaijan Grand Prix,2022-06-12,Azerbaijan,Baku,Baku City Circuit,vettel,VET,5,Sebastian Vettel,Aston Martin,9,6,6,Finished,8.0,0,1
2022,8,Azerbaijan Grand Prix,2022-06-12,Azerbaijan,Baku,Baku City Circuit,alonso,ALO,14,Fernando Alonso,Alpine F1 Team,10,7,7,Finished,6.0,0,1
2022,8,Azerbaijan Grand Prix,2022-06-12,Azerbaijan,Baku,Baku City Circuit,ricciardo,RIC,3,Daniel Ricciardo,McLaren,12,8,8,Finished,4.0,0,1
2022,8,Azerbaijan Grand Prix,2022-06-12,Azerbaijan,Baku,Baku City Circuit,norris,NOR,4,Lando Norris,McLaren,11,9,9,Finished,2.0,0,1
2022,8,Azerbaijan Grand Prix,2022-06-12,Azerbaijan,Baku,Baku City Circuit,ocon,OCO,31,Esteban Ocon,Alpine F1 Team,13,10,10,Finished,1.0,0,1
2022,8,Azerbaijan Grand Prix,2022-06-12,Azerbaijan,Baku,Baku City Circuit,bottas,BOT,77,Valtteri Bottas,Alfa Romeo,15,11,11,+1 Lap,0.0,0,0
2022,8,Azerbaijan Grand Prix,2022-06-12,Azerbaijan,Baku,Baku City Circuit,albon,ALB,23,Alexander Albon,Williams,17,12,12,+1 Lap,0.0,0,0
2022,8,Azerbaijan Grand Prix,2022-06-12,Azerbaijan,Baku,Baku City Circuit,tsunoda,TSU,22,Yuki Tsunoda,AlphaTauri,8,13,13,+1 Lap,0.0,0,0
2022,8,Azerbaijan Grand Prix,2022-06-12,Azerbaijan,Baku,Baku City Circuit,mick_schumacher,MSC,47,Mick Schumacher,Haas F1 Team,20,14,14,+1 Lap,0.0,0,0
2022,8,Azerbaijan Grand Prix,2022-06-12,Azerbaijan,Baku,Baku City Circuit,latifi,LAT,6,Nicholas Latifi,Williams,18,15,15,+1 Lap,0.0,0,0
2022,8,Azerbaijan Grand Prix,2022-06-12,Azerbaijan,Baku,Baku City Circuit,stroll,STR,18,Lance Stroll,Aston Martin,19,16,16,Vibrations,0.0,0,0
2022,8,Azerbaijan Grand Prix,2022-06-12,Azerbaijan,Baku,Baku City Circuit,kevin_magnussen,MAG,20,Kevin Magnussen,Haas F1 Team,16,17,R,Power Unit,0.0,0,0
2022,8,Azerbaijan Grand Prix,2022-06-12,Azerbaijan,Baku,Baku City Circuit,zhou,ZHO,24,Guanyu Zhou,Alfa Romeo,14,18,R,Hydraulics,0.0,0,0
2022,8,Azerbaijan Grand Prix,2022-06-12,Azerbaijan,Baku,Baku City Circuit,leclerc,LEC,16,Charles Leclerc,Ferrari,1,19,R,Power Unit,0.0,0,0
2022,8,Azerbaijan Grand Prix,2022-06-12,Azerbaijan,Baku,Baku City Circuit,sainz,SAI,55,Carlos Sainz,Ferrari,4,20,R,Hydraulics,0.0,0,0
2022,9,Canadian Grand Prix,2022-06-19,Canada,Montreal,Circuit Gilles Villeneuve,max_verstappen,VER,1,Max Verstappen,Red Bull,1,1,1,Finished,25.0,1,1
2022,9,Canadian Grand Prix,2022-06-19,Canada,Montreal,Circuit Gilles Villeneuve,sainz,SAI,55,Carlos Sainz,Ferrari,3,2,2,Finished,19.0,1,1
2022,9,Canadian Grand Prix,2022-06-19,Canada,Montreal,Circuit Gilles Villeneuve,hamilton,HAM,44,Lewis Hamilton,Mercedes,4,3,3,Finished,15.0,1,1
2022,9,Canadian Grand Prix,2022-06-19,Canada,Montreal,Circuit Gilles Villeneuve,russell,RUS,63,George Russell,Mercedes,8,4,4,Finished,12.0,0,1
2022,9,Canadian Grand Prix,2022-06-19,Canada,Montreal,Circuit Gilles Villeneuve,leclerc,LEC,16,Charles Leclerc,Ferrari,19,5,5,Finished,10.0,0,1
2022,9,Canadian Grand Prix,2022-06-19,Canada,Montreal,Circuit Gilles Villeneuve,ocon,OCO,31,Esteban Ocon,Alpine F1 Team,7,6,6,Finished,8.0,0,1
2022,9,Canadian Grand Prix,2022-06-19,Canada,Montreal,Circuit Gilles Villeneuve,bottas,BOT,77,Valtteri Bottas,Alfa Romeo,11,7,7,Finished,6.0,0,1
2022,9,Canadian Grand Prix,2022-06-19,Canada,Montreal,Circuit Gilles Villeneuve,zhou,ZHO,24,Guanyu Zhou,Alfa Romeo,10,8,8,Finished,4.0,0,1
2022,9,Canadian Grand Prix,2022-06-19,Canada,Montreal,Circuit Gilles Villeneuve,alonso,ALO,14,Fernando Alonso,Alpine F1 Team,2,9,9,Finished,2.0,0,1
2022,9,Canadian Grand Prix,2022-06-19,Canada,Montreal,Circuit Gilles Villeneuve,stroll,STR,18,Lance Stroll,Aston Martin,17,10,10,Finished,1.0,0,1
2022,9,Canadian Grand Prix,2022-06-19,Canada,Montreal,Circuit Gilles Villeneuve,ricciardo,RIC,3,Daniel Ricciardo,McLaren,9,11,11,Finished,0.0,0,0
2022,9,Canadian Grand Prix,2022-06-19,Canada,Montreal,Circuit Gilles Villeneuve,vettel,VET,5,Sebastian Vettel,Aston Martin,16,12,12,Finished,0.0,0,0
2022,9,Canadian Grand Prix,2022-06-19,Canada,Montreal,Circuit Gilles Villeneuve,albon,ALB,23,Alexander Albon,Williams,12,13,13,Finished,0.0,0,0
2022,9,Canadian Grand Prix,2022-06-19,Canada,Montreal,Circuit Gilles Villeneuve,gasly,GAS,10,Pierre Gasly,AlphaTauri,15,14,14,Finished,0.0,0,0
2022,9,Canadian Grand Prix,2022-06-19,Canada,Montreal,Circuit Gilles Villeneuve,norris,NOR,4,Lando Norris,McLaren,14,15,15,Finished,0.0,0,0
2022,9,Canadian Grand Prix,2022-06-19,Canada,Montreal,Circuit Gilles Villeneuve,latifi,LAT,6,Nicholas Latifi,Williams,18,16,16,Finished,0.0,0,0
2022,9,Canadian Grand Prix,2022-06-19,Canada,Montreal,Circuit Gilles Villeneuve,kevin_magnussen,MAG,20,Kevin Magnussen,Haas F1 Team,5,17,17,Finished,0.0,0,0
2022,9,Canadian Grand Prix,2022-06-19,Canada,Montreal,Circuit Gilles Villeneuve,tsunoda,TSU,22,Yuki Tsunoda,AlphaTauri,20,18,R,Accident,0.0,0,0
2022,9,Canadian Grand Prix,2022-06-19,Canada,Montreal,Circuit Gilles Villeneuve,mick_schumacher,MSC,47,Mick Schumacher,Haas F1 Team,6,19,R,Engine,0.0,0,0
2022,9,Canadian Grand Prix,2022-06-19,Canada,Montreal,Circuit Gilles Villeneuve,perez,PER,11,Sergio Pérez,Red Bull,13,20,R,Gearbox,0.0,0,0
2022,10,British Grand Prix,2022-07-03,UK,Silverstone,Silverstone Circuit,sainz,SAI,55,Carlos Sainz,Ferrari,1,1,1,Finished,25.0,1,1
2022,10,British Grand Prix,2022-07-03,UK,Silverstone,Silverstone Circuit,perez,PER,11,Sergio Pérez,Red Bull,4,2,2,Finished,18.0,1,1
2022,10,British Grand Prix,2022-07-03,UK,Silverstone,Silverstone Circuit,hamilton,HAM,44,Lewis Hamilton,Mercedes,5,3,3,Finished,16.0,1,1
2022,10,British Grand Prix,2022-07-03,UK,Silverstone,Silverstone Circuit,leclerc,LEC,16,Charles Leclerc,Ferrari,3,4,4,Finished,12.0,0,1
2022,10,British Grand Prix,2022-07-03,UK,Silverstone,Silverstone Circuit,alonso,ALO,14,Fernando Alonso,Alpine F1 Team,7,5,5,Finished,10.0,0,1
2022,10,British Grand Prix,2022-07-03,UK,Silverstone,Silverstone Circuit,norris,NOR,4,Lando Norris,McLaren,6,6,6,Finished,8.0,0,1
2022,10,British Grand Prix,2022-07-03,UK,Silverstone,Silverstone Circuit,max_verstappen,VER,1,Max Verstappen,Red Bull,2,7,7,Finished,6.0,0,1
2022,10,British Grand Prix,2022-07-03,UK,Silverstone,Silverstone Circuit,mick_schumacher,MSC,47,Mick Schumacher,Haas F1 Team,19,8,8,Finished,4.0,0,1
2022,10,British Grand Prix,2022-07-03,UK,Silverstone,Silverstone Circuit,vettel,VET,5,Sebastian Vettel,Aston Martin,18,9,9,Finished,2.0,0,1
2022,10,British Grand Prix,2022-07-03,UK,Silverstone,Silverstone Circuit,kevin_magnussen,MAG,20,Kevin Magnussen,Haas F1 Team,17,10,10,Finished,1.0,0,1
2022,10,British Grand Prix,2022-07-03,UK,Silverstone,Silverstone Circuit,stroll,STR,18,Lance Stroll,Aston Martin,20,11,11,Finished,0.0,0,0
2022,10,British Grand Prix,2022-07-03,UK,Silverstone,Silverstone Circuit,latifi,LAT,6,Nicholas Latifi,Williams,10,12,12,Finished,0.0,0,0
2022,10,British Grand Prix,2022-07-03,UK,Silverstone,Silverstone Circuit,ricciardo,RIC,3,Daniel Ricciardo,McLaren,14,13,13,Finished,0.0,0,0
2022,10,British Grand Prix,2022-07-03,UK,Silverstone,Silverstone Circuit,tsunoda,TSU,22,Yuki Tsunoda,AlphaTauri,13,14,14,Finished,0.0,0,0
2022,10,British Grand Prix,2022-07-03,UK,Silverstone,Silverstone Circuit,ocon,OCO,31,Esteban Ocon,Alpine F1 Team,15,15,R,Fuel pump,0.0,0,0
2022,10,British Grand Prix,2022-07-03,UK,Silverstone,Silverstone Circuit,gasly,GAS,10,Pierre Gasly,AlphaTauri,11,16,R,Collision damage,0.0,0,0
2022,10,British Grand Prix,2022-07-03,UK,Silverstone,Silverstone Circuit,bottas,BOT,77,Valtteri Bottas,Alfa Romeo,12,17,R,Gearbox,0.0,0,0
2022,10,British Grand Prix,2022-07-03,UK,Silverstone,Silverstone Circuit,russell,RUS,63,George Russell,Mercedes,8,18,R,Collision,0.0,0,0
2022,10,British Grand Prix,2022-07-03,UK,Silverstone,Silverstone Circuit,zhou,ZHO,24,Guanyu Zhou,Alfa Romeo,9,19,R,Collision,0.0,0,0
2022,10,British Grand Prix,2022-07-03,UK,Silverstone,Silverstone Circuit,albon,ALB,23,Alexander Albon,Williams,16,20,R,Collision,0.0,0,0
2022,11,Austrian Grand Prix,2022-07-10,Austria,Spielberg,Red Bull Ring,leclerc,LEC,16,Charles Leclerc,Ferrari,2,1,1,Finished,25.0,1,1
2022,11,Austrian Grand Prix,2022-07-10,Austria,Spielberg,Red Bull Ring,max_verstappen,VER,1,Max Verstappen,Red Bull,1,2,2,Finished,19.0,1,1
2022,11,Austrian Grand Prix,2022-07-10,Austria,Spielberg,Red Bull Ring,hamilton,HAM,44,Lewis Hamilton,Mercedes,8,3,3,Finished,15.0,1,1
2022,11,Austrian Grand Prix,2022-07-10,Austria,Spielberg,Red Bull Ring,russell,RUS,63,George Russell,Mercedes,4,4,4,Finished,12.0,0,1
2022,11,Austrian Grand Prix,2022-07-10,Austria,Spielberg,Red Bull Ring,ocon,OCO,31,Esteban Ocon,Alpine F1 Team,6,5,5,Finished,10.0,0,1
2022,11,Austrian Grand Prix,2022-07-10,Austria,Spielberg,Red Bull Ring,mick_schumacher,MSC,47,Mick Schumacher,Haas F1 Team,9,6,6,+1 Lap,8.0,0,1
2022,11,Austrian Grand Prix,2022-07-10,Austria,Spielberg,Red Bull Ring,norris,NOR,4,Lando Norris,McLaren,10,7,7,+1 Lap,6.0,0,1
2022,11,Austrian Grand Prix,2022-07-10,Austria,Spielberg,Red Bull Ring,kevin_magnussen,MAG,20,Kevin Magnussen,Haas F1 Team,7,8,8,+1 Lap,4.0,0,1
2022,11,Austrian Grand Prix,2022-07-10,Austria,Spielberg,Red Bull Ring,ricciardo,RIC,3,Daniel Ricciardo,McLaren,11,9,9,+1 Lap,2.0,0,1
2022,11,Austrian Grand Prix,2022-07-10,Austria,Spielberg,Red Bull Ring,alonso,ALO,14,Fernando Alonso,Alpine F1 Team,19,10,10,+1 Lap,1.0,0,1
2022,11,Austrian Grand Prix,2022-07-10,Austria,Spielberg,Red Bull Ring,bottas,BOT,77,Valtteri Bottas,Alfa Romeo,0,11,11,+1 Lap,0.0,0,0
2022,11,Austrian Grand Prix,2022-07-10,Austria,Spielberg,Red Bull Ring,albon,ALB,23,Alexander Albon,Williams,15,12,12,+1 Lap,0.0,0,0
2022,11,Austrian Grand Prix,2022-07-10,Austria,Spielberg,Red Bull Ring,stroll,STR,18,Lance Stroll,Aston Martin,12,13,13,+1 Lap,0.0,0,0
2022,11,Austrian Grand Prix,2022-07-10,Austria,Spielberg,Red Bull Ring,zhou,ZHO,24,Guanyu Zhou,Alfa Romeo,13,14,14,+1 Lap,0.0,0,0
2022,11,Austrian Grand Prix,2022-07-10,Austria,Spielberg,Red Bull Ring,gasly,GAS,10,Pierre Gasly,AlphaTauri,14,15,15,+1 Lap,0.0,0,0
2022,11,Austrian Grand Prix,2022-07-10,Austria,Spielberg,Red Bull Ring,tsunoda,TSU,22,Yuki Tsunoda,AlphaTauri,16,16,16,+1 Lap,0.0,0,0
2022,11,Austrian Grand Prix,2022-07-10,Austria,Spielberg,Red Bull Ring,vettel,VET,5,Sebastian Vettel,Aston Martin,18,17,17,+1 Lap,0.0,0,0
2022,11,Austrian Grand Prix,2022-07-10,Austria,Spielberg,Red Bull Ring,sainz,SAI,55,Carlos Sainz,Ferrari,3,18,R,Power Unit,0.0,0,0
2022,11,Austrian Grand Prix,2022-07-10,Austria,Spielberg,Red Bull Ring,latifi,LAT,6,Nicholas Latifi,Williams,17,19,R,Undertray,0.0,0,0
2022,11,Austrian Grand Prix,2022-07-10,Austria,Spielberg,Red Bull Ring,perez,PER,11,Sergio Pérez,Red Bull,5,20,R,Collision damage,0.0,0,0
2022,12,French Grand Prix,2022-07-24,France,Le Castellet,Circuit Paul Ricard,max_verstappen,VER,1,Max Verstappen,Red Bull,2,1,1,Finished,25.0,1,1
2022,12,French Grand Prix,2022-07-24,France,Le Castellet,Circuit Paul Ricard,hamilton,HAM,44,Lewis Hamilton,Mercedes,4,2,2,Finished,18.0,1,1
2022,12,French Grand Prix,2022-07-24,France,Le Castellet,Circuit Paul Ricard,russell,RUS,63,George Russell,Mercedes,6,3,3,Finished,15.0,1,1
2022,12,French Grand Prix,2022-07-24,France,Le Castellet,Circuit Paul Ricard,perez,PER,11,Sergio Pérez,Red Bull,3,4,4,Finished,12.0,0,1
2022,12,French Grand Prix,2022-07-24,France,Le Castellet,Circuit Paul Ricard,sainz,SAI,55,Carlos Sainz,Ferrari,19,5,5,Finished,11.0,0,1
2022,12,French Grand Prix,2022-07-24,France,Le Castellet,Circuit Paul Ricard,alonso,ALO,14,Fernando Alonso,Alpine F1 Team,7,6,6,Finished,8.0,0,1
2022,12,French Grand Prix,2022-07-24,France,Le Castellet,Circuit Paul Ricard,norris,NOR,4,Lando Norris,McLaren,5,7,7,Finished,6.0,0,1
2022,12,French Grand Prix,2022-07-24,France,Le Castellet,Circuit Paul Ricard,ocon,OCO,31,Esteban Ocon,Alpine F1 Team,10,8,8,Finished,4.0,0,1
2022,12,French Grand Prix,2022-07-24,France,Le Castellet,Circuit Paul Ricard,ricciardo,RIC,3,Daniel Ricciardo,McLaren,9,9,9,Finished,2.0,0,1
2022,12,French Grand Prix,2022-07-24,France,Le Castellet,Circuit Paul Ricard,stroll,STR,18,Lance Stroll,Aston Martin,15,10,10,Finished,1.0,0,1
2022,12,French Grand Prix,2022-07-24,France,Le Castellet,Circuit Paul Ricard,vettel,VET,5,Sebastian Vettel,Aston Martin,12,11,11,Finished,0.0,0,0
2022,12,French Grand Prix,2022-07-24,France,Le Castellet,Circuit Paul Ricard,gasly,GAS,10,Pierre Gasly,AlphaTauri,14,12,12,Finished,0.0,0,0
2022,12,French Grand Prix,2022-07-24,France,Le Castellet,Circuit Paul Ricard,albon,ALB,23,Alexander Albon,Williams,13,13,13,Finished,0.0,0,0
2022,12,French Grand Prix,2022-07-24,France,Le Castellet,Circuit Paul Ricard,bottas,BOT,77,Valtteri Bottas,Alfa Romeo,11,14,14,Finished,0.0,0,0
2022,12,French Grand Prix,2022-07-24,France,Le Castellet,Circuit Paul Ricard,mick_schumacher,MSC,47,Mick Schumacher,Haas F1 Team,17,15,15,Finished,0.0,0,0
2022,12,French Grand Prix,2022-07-24,France,Le Castellet,Circuit Paul Ricard,zhou,ZHO,24,Guanyu Zhou,Alfa Romeo,16,16,16,+6 Laps,0.0,0,0
2022,12,French Grand Prix,2022-07-24,France,Le Castellet,Circuit Paul Ricard,latifi,LAT,6,Nicholas Latifi,Williams,18,17,R,Collision damage,0.0,0,0
2022,12,French Grand Prix,2022-07-24,France,Le Castellet,Circuit Paul Ricard,kevin_magnussen,MAG,20,Kevin Magnussen,Haas F1 Team,20,18,R,Collision damage,0.0,0,0
2022,12,French Grand Prix,2022-07-24,France,Le Castellet,Circuit Paul Ricard,leclerc,LEC,16,Charles Leclerc,Ferrari,1,19,R,Accident,0.0,0,0
2022,12,French Grand Prix,2022-07-24,France,Le Castellet,Circuit Paul Ricard,tsunoda,TSU,22,Yuki Tsunoda,AlphaTauri,8,20,R,Undertray,0.0,0,0
2022,13,Hungarian Grand Prix,2022-07-31,Hungary,Budapest,Hungaroring,max_verstappen,VER,1,Max Verstappen,Red Bull,10,1,1,Finished,25.0,1,1
2022,13,Hungarian Grand Prix,2022-07-31,Hungary,Budapest,Hungaroring,hamilton,HAM,44,Lewis Hamilton,Mercedes,7,2,2,Finished,19.0,1,1
2022,13,Hungarian Grand Prix,2022-07-31,Hungary,Budapest,Hungaroring,russell,RUS,63,George Russell,Mercedes,1,3,3,Finished,15.0,1,1
2022,13,Hungarian Grand Prix,2022-07-31,Hungary,Budapest,Hungaroring,sainz,SAI,55,Carlos Sainz,Ferrari,2,4,4,Finished,12.0,0,1
2022,13,Hungarian Grand Prix,2022-07-31,Hungary,Budapest,Hungaroring,perez,PER,11,Sergio Pérez,Red Bull,11,5,5,Finished,10.0,0,1
2022,13,Hungarian Grand Prix,2022-07-31,Hungary,Budapest,Hungaroring,leclerc,LEC,16,Charles Leclerc,Ferrari,3,6,6,Finished,8.0,0,1
2022,13,Hungarian Grand Prix,2022-07-31,Hungary,Budapest,Hungaroring,norris,NOR,4,Lando Norris,McLaren,4,7,7,Finished,6.0,0,1
2022,13,Hungarian Grand Prix,2022-07-31,Hungary,Budapest,Hungaroring,alonso,ALO,14,Fernando Alonso,Alpine F1 Team,6,8,8,+1 Lap,4.0,0,1
2022,13,Hungarian Grand Prix,2022-07-31,Hungary,Budapest,Hungaroring,ocon,OCO,31,Esteban Ocon,Alpine F1 Team,5,9,9,+1 Lap,2.0,0,1
2022,13,Hungarian Grand Prix,2022-07-31,Hungary,Budapest,Hungaroring,vettel,VET,5,Sebastian Vettel,Aston Martin,18,10,10,+1 Lap,1.0,0,1
2022,13,Hungarian Grand Prix,2022-07-31,Hungary,Budapest,Hungaroring,stroll,STR,18,Lance Stroll,Aston Martin,14,11,11,+1 Lap,0.0,0,0
2022,13,Hungarian Grand Prix,2022-07-31,Hungary,Budapest,Hungaroring,gasly,GAS,10,Pierre Gasly,AlphaTauri,0,12,12,+1 Lap,0.0,0,0
2022,13,Hungarian Grand Prix,2022-07-31,Hungary,Budapest,Hungaroring,zhou,ZHO,24,Guanyu Zhou,Alfa Romeo,12,13,13,+1 Lap,0.0,0,0
2022,13,Hungarian Grand Prix,2022-07-31,Hungary,Budapest,Hungaroring,mick_schumacher,MSC,47,Mick Schumacher,Haas F1 Team,15,14,14,+1 Lap,0.0,0,0
2022,13,Hungarian Grand Prix,2022-07-31,Hungary,Budapest,Hungaroring,ricciardo,RIC,3,Daniel Ricciardo,McLaren,9,15,15,+1 Lap,0.0,0,0
2022,13,Hungarian Grand Prix,2022-07-31,Hungary,Budapest,Hungaroring,kevin_magnussen,MAG,20,Kevin Magnussen,Haas F1 Team,13,16,16,+1 Lap,0.0,0,0
2022,13,Hungarian Grand Prix,2022-07-31,Hungary,Budapest,Hungaroring,albon,ALB,23,Alexander Albon,Williams,17,17,17,+1 Lap,0.0,0,0
2022,13,Hungarian Grand Prix,2022-07-31,Hungary,Budapest,Hungaroring,latifi,LAT,6,Nicholas Latifi,Williams,19,18,18,+1 Lap,0.0,0,0
2022,13,Hungarian Grand Prix,2022-07-31,Hungary,Budapest,Hungaroring,tsunoda,TSU,22,Yuki Tsunoda,AlphaTauri,16,19,19,+2 Laps,0.0,0,0
2022,13,Hungarian Grand Prix,2022-07-31,Hungary,Budapest,Hungaroring,bottas,BOT,77,Valtteri Bottas,Alfa Romeo,8,20,20,Power Unit,0.0,0,0
2022,14,Belgian Grand Prix,2022-08-28,Belgium,Spa,Circuit de Spa-Francorchamps,max_verstappen,VER,1,Max Verstappen,Red Bull,14,1,1,Finished,26.0,1,1
2022,14,Belgian Grand Prix,2022-08-28,Belgium,Spa,Circuit de Spa-Francorchamps,perez,PER,11,Sergio Pérez,Red Bull,2,2,2,Finished,18.0,1,1
2022,14,Belgian Grand Prix,2022-08-28,Belgium,Spa,Circuit de Spa-Francorchamps,sainz,SAI,55,Carlos Sainz,Ferrari,1,3,3,Finished,15.0,1,1
2022,14,Belgian Grand Prix,2022-08-28,Belgium,Spa,Circuit de Spa-Francorchamps,russell,RUS,63,George Russell,Mercedes,5,4,4,Finished,12.0,0,1
2022,14,Belgian Grand Prix,2022-08-28,Belgium,Spa,Circuit de Spa-Francorchamps,alonso,ALO,14,Fernando Alonso,Alpine F1 Team,3,5,5,Finished,10.0,0,1
2022,14,Belgian Grand Prix,2022-08-28,Belgium,Spa,Circuit de Spa-Francorchamps,leclerc,LEC,16,Charles Leclerc,Ferrari,15,6,6,Finished,8.0,0,1
2022,14,Belgian Grand Prix,2022-08-28,Belgium,Spa,Circuit de Spa-Francorchamps,ocon,OCO,31,Esteban Ocon,Alpine F1 Team,16,7,7,Finished,6.0,0,1
2022,14,Belgian Grand Prix,2022-08-28,Belgium,Spa,Circuit de Spa-Francorchamps,vettel,VET,5,Sebastian Vettel,Aston Martin,10,8,8,Finished,4.0,0,1
2022,14,Belgian Grand Prix,2022-08-28,Belgium,Spa,Circuit de Spa-Francorchamps,gasly,GAS,10,Pierre Gasly,AlphaTauri,0,9,9,Finished,2.0,0,1
2022,14,Belgian Grand Prix,2022-08-28,Belgium,Spa,Circuit de Spa-Francorchamps,albon,ALB,23,Alexander Albon,Williams,6,10,10,Finished,1.0,0,1
2022,14,Belgian Grand Prix,2022-08-28,Belgium,Spa,Circuit de Spa-Francorchamps,stroll,STR,18,Lance Stroll,Aston Martin,9,11,11,Finished,0.0,0,0
2022,14,Belgian Grand Prix,2022-08-28,Belgium,Spa,Circuit de Spa-Francorchamps,norris,NOR,4,Lando Norris,McLaren,17,12,12,Finished,0.0,0,0
2022,14,Belgian Grand Prix,2022-08-28,Belgium,Spa,Circuit de Spa-Francorchamps,tsunoda,TSU,22,Yuki Tsunoda,AlphaTauri,0,13,13,Finished,0.0,0,0
2022,14,Belgian Grand Prix,2022-08-28,Belgium,Spa,Circuit de Spa-Francorchamps,zhou,ZHO,24,Guanyu Zhou,Alfa Romeo,18,14,14,Finished,0.0,0,0
2022,14,Belgian Grand Prix,2022-08-28,Belgium,Spa,Circuit de Spa-Francorchamps,ricciardo,RIC,3,Daniel Ricciardo,McLaren,7,15,15,Finished,0.0,0,0
2022,14,Belgian Grand Prix,2022-08-28,Belgium,Spa,Circuit de Spa-Francorchamps,kevin_magnussen,MAG,20,Kevin Magnussen,Haas F1 Team,12,16,16,+1 Lap,0.0,0,0
2022,14,Belgian Grand Prix,2022-08-28,Belgium,Spa,Circuit de Spa-Francorchamps,mick_schumacher,MSC,47,Mick Schumacher,Haas F1 Team,19,17,17,+1 Lap,0.0,0,0
2022,14,Belgian Grand Prix,2022-08-28,Belgium,Spa,Circuit de Spa-Francorchamps,latifi,LAT,6,Nicholas Latifi,Williams,11,18,18,+1 Lap,0.0,0,0
2022,14,Belgian Grand Prix,2022-08-28,Belgium,Spa,Circuit de Spa-Francorchamps,bottas,BOT,77,Valtteri Bottas,Alfa Romeo,13,19,R,Accident,0.0,0,0
2022,14,Belgian Grand Prix,2022-08-28,Belgium,Spa,Circuit de Spa-Francorchamps,hamilton,HAM,44,Lewis Hamilton,Mercedes,4,20,R,Collision damage,0.0,0,0
2022,15,Dutch Grand Prix,2022-09-04,Netherlands,Zandvoort,Circuit Park Zandvoort,max_verstappen,VER,1,Max Verstappen,Red Bull,1,1,1,Finished,26.0,1,1
2022,15,Dutch Grand Prix,2022-09-04,Netherlands,Zandvoort,Circuit Park Zandvoort,russell,RUS,63,George Russell,Mercedes,6,2,2,Finished,18.0,1,1
2022,15,Dutch Grand Prix,2022-09-04,Netherlands,Zandvoort,Circuit Park Zandvoort,leclerc,LEC,16,Charles Leclerc,Ferrari,2,3,3,Finished,15.0,1,1
2022,15,Dutch Grand Prix,2022-09-04,Netherlands,Zandvoort,Circuit Park Zandvoort,hamilton,HAM,44,Lewis Hamilton,Mercedes,4,4,4,Finished,12.0,0,1
2022,15,Dutch Grand Prix,2022-09-04,Netherlands,Zandvoort,Circuit Park Zandvoort,perez,PER,11,Sergio Pérez,Red Bull,5,5,5,Finished,10.0,0,1
2022,15,Dutch Grand Prix,2022-09-04,Netherlands,Zandvoort,Circuit Park Zandvoort,alonso,ALO,14,Fernando Alonso,Alpine F1 Team,13,6,6,Finished,8.0,0,1
2022,15,Dutch Grand Prix,2022-09-04,Netherlands,Zandvoort,Circuit Park Zandvoort,norris,NOR,4,Lando Norris,McLaren,7,7,7,Finished,6.0,0,1
2022,15,Dutch Grand Prix,2022-09-04,Netherlands,Zandvoort,Circuit Park Zandvoort,sainz,SAI,55,Carlos Sainz,Ferrari,3,8,8,Finished,4.0,0,1
2022,15,Dutch Grand Prix,2022-09-04,Netherlands,Zandvoort,Circuit Park Zandvoort,ocon,OCO,31,Esteban Ocon,Alpine F1 Team,12,9,9,Finished,2.0,0,1
2022,15,Dutch Grand Prix,2022-09-04,Netherlands,Zandvoort,Circuit Park Zandvoort,stroll,STR,18,Lance Stroll,Aston Martin,10,10,10,Finished,1.0,0,1
2022,15,Dutch Grand Prix,2022-09-04,Netherlands,Zandvoort,Circuit Park Zandvoort,gasly,GAS,10,Pierre Gasly,AlphaTauri,11,11,11,Finished,0.0,0,0
2022,15,Dutch Grand Prix,2022-09-04,Netherlands,Zandvoort,Circuit Park Zandvoort,albon,ALB,23,Alexander Albon,Williams,15,12,12,Finished,0.0,0,0
2022,15,Dutch Grand Prix,2022-09-04,Netherlands,Zandvoort,Circuit Park Zandvoort,mick_schumacher,MSC,47,Mick Schumacher,Haas F1 Team,8,13,13,Finished,0.0,0,0
2022,15,Dutch Grand Prix,2022-09-04,Netherlands,Zandvoort,Circuit Park Zandvoort,vettel,VET,5,Sebastian Vettel,Aston Martin,19,14,14,Finished,0.0,0,0
2022,15,Dutch Grand Prix,2022-09-04,Netherlands,Zandvoort,Circuit Park Zandvoort,kevin_magnussen,MAG,20,Kevin Magnussen,Haas F1 Team,18,15,15,Finished,0.0,0,0
2022,15,Dutch Grand Prix,2022-09-04,Netherlands,Zandvoort,Circuit Park Zandvoort,zhou,ZHO,24,Guanyu Zhou,Alfa Romeo,14,16,16,Finished,0.0,0,0
2022,15,Dutch Grand Prix,2022-09-04,Netherlands,Zandvoort,Circuit Park Zandvoort,ricciardo,RIC,3,Daniel Ricciardo,McLaren,17,17,17,Finished,0.0,0,0
2022,15,Dutch Grand Prix,2022-09-04,Netherlands,Zandvoort,Circuit Park Zandvoort,latifi,LAT,6,Nicholas Latifi,Williams,20,18,18,+1 Lap,0.0,0,0
2022,15,Dutch Grand Prix,2022-09-04,Netherlands,Zandvoort,Circuit Park Zandvoort,bottas,BOT,77,Valtteri Bottas,Alfa Romeo,16,19,R,Engine,0.0,0,0
2022,15,Dutch Grand Prix,2022-09-04,Netherlands,Zandvoort,Circuit Park Zandvoort,tsunoda,TSU,22,Yuki Tsunoda,AlphaTauri,9,20,R,Differential,0.0,0,0
2022,16,Italian Grand Prix,2022-09-11,Italy,Monza,Autodromo Nazionale di Monza,max_verstappen,VER,1,Max Verstappen,Red Bull,7,1,1,Finished,25.0,1,1
2022,16,Italian Grand Prix,2022-09-11,Italy,Monza,Autodromo Nazionale di Monza,leclerc,LEC,16,Charles Leclerc,Ferrari,1,2,2,Finished,18.0,1,1
2022,16,Italian Grand Prix,2022-09-11,Italy,Monza,Autodromo Nazionale di Monza,russell,RUS,63,George Russell,Mercedes,2,3,3,Finished,15.0,1,1
2022,16,Italian Grand Prix,2022-09-11,Italy,Monza,Autodromo Nazionale di Monza,sainz,SAI,55,Carlos Sainz,Ferrari,18,4,4,Finished,12.0,0,1
2022,16,Italian Grand Prix,2022-09-11,Italy,Monza,Autodromo Nazionale di Monza,hamilton,HAM,44,Lewis Hamilton,Mercedes,19,5,5,Finished,10.0,0,1
2022,16,Italian Grand Prix,2022-09-11,Italy,Monza,Autodromo Nazionale di Monza,perez,PER,11,Sergio Pérez,Red Bull,13,6,6,Finished,9.0,0,1
2022,16,Italian Grand Prix,2022-09-11,Italy,Monza,Autodromo Nazionale di Monza,norris,NOR,4,Lando Norris,McLaren,3,7,7,Finished,6.0,0,1
2022,16,Italian Grand Prix,2022-09-11,Italy,Monza,Autodromo Nazionale di Monza,gasly,GAS,10,Pierre Gasly,AlphaTauri,5,8,8,Finished,4.0,0,1
2022,16,Italian Grand Prix,2022-09-11,Italy,Monza,Autodromo Nazionale di Monza,de_vries,DEV,45,Nyck de Vries,Williams,8,9,9,Finished,2.0,0,1
2022,16,Italian Grand Prix,2022-09-11,Italy,Monza,Autodromo Nazionale di Monza,zhou,ZHO,24,Guanyu Zhou,Alfa Romeo,9,10,10,Finished,1.0,0,1
2022,16,Italian Grand Prix,2022-09-11,Italy,Monza,Autodromo Nazionale di Monza,ocon,OCO,31,Esteban Ocon,Alpine F1 Team,14,11,11,Finished,0.0,0,0
2022,16,Italian Grand Prix,2022-09-11,Italy,Monza,Autodromo Nazionale di Monza,mick_schumacher,MSC,47,Mick Schumacher,Haas F1 Team,17,12,12,Finished,0.0,0,0
2022,16,Italian Grand Prix,2022-09-11,Italy,Monza,Autodromo Nazionale di Monza,bottas,BOT,77,Valtteri Bottas,Alfa Romeo,15,13,13,+1 Lap,0.0,0,0
2022,16,Italian Grand Prix,2022-09-11,Italy,Monza,Autodromo Nazionale di Monza,tsunoda,TSU,22,Yuki Tsunoda,AlphaTauri,20,14,14,+1 Lap,0.0,0,0
2022,16,Italian Grand Prix,2022-09-11,Italy,Monza,Autodromo Nazionale di Monza,latifi,LAT,6,Nicholas Latifi,Williams,10,15,15,+1 Lap,0.0,0,0
2022,16,Italian Grand Prix,2022-09-11,Italy,Monza,Autodromo Nazionale di Monza,kevin_magnussen,MAG,20,Kevin Magnussen,Haas F1 Team,16,16,16,+1 Lap,0.0,0,0
2022,16,Italian Grand Prix,2022-09-11,Italy,Monza,Autodromo Nazionale di Monza,ricciardo,RIC,3,Daniel Ricciardo,McLaren,4,17,R,Oil leak,0.0,0,0
2022,16,Italian Grand Prix,2022-09-11,Italy,Monza,Autodromo Nazionale di Monza,stroll,STR,18,Lance Stroll,Aston Martin,12,18,R,Engine,0.0,0,0
2022,16,Italian Grand Prix,2022-09-11,Italy,Monza,Autodromo Nazionale di Monza,alonso,ALO,14,Fernando Alonso,Alpine F1 Team,6,19,R,Water pressure,0.0,0,0
2022,16,Italian Grand Prix,2022-09-11,Italy,Monza,Autodromo Nazionale di Monza,vettel,VET,5,Sebastian Vettel,Aston Martin,11,20,R,Engine,0.0,0,0
2022,17,Singapore Grand Prix,2022-10-02,Singapore,Marina Bay,Marina Bay Street Circuit,perez,PER,11,Sergio Pérez,Red Bull,2,1,1,Finished,25.0,1,1
2022,17,Singapore Grand Prix,2022-10-02,Singapore,Marina Bay,Marina Bay Street Circuit,leclerc,LEC,16,Charles Leclerc,Ferrari,1,2,2,Finished,18.0,1,1
2022,17,Singapore Grand Prix,2022-10-02,Singapore,Marina Bay,Marina Bay Street Circuit,sainz,SAI,55,Carlos Sainz,Ferrari,4,3,3,Finished,15.0,1,1
2022,17,Singapore Grand Prix,2022-10-02,Singapore,Marina Bay,Marina Bay Street Circuit,norris,NOR,4,Lando Norris,McLaren,6,4,4,Finished,12.0,0,1
2022,17,Singapore Grand Prix,2022-10-02,Singapore,Marina Bay,Marina Bay Street Circuit,ricciardo,RIC,3,Daniel Ricciardo,McLaren,16,5,5,Finished,10.0,0,1
2022,17,Singapore Grand Prix,2022-10-02,Singapore,Marina Bay,Marina Bay Street Circuit,stroll,STR,18,Lance Stroll,Aston Martin,11,6,6,Finished,8.0,0,1
2022,17,Singapore Grand Prix,2022-10-02,Singapore,Marina Bay,Marina Bay Street Circuit,max_verstappen,VER,1,Max Verstappen,Red Bull,8,7,7,Finished,6.0,0,1
2022,17,Singapore Grand Prix,2022-10-02,Singapore,Marina Bay,Marina Bay Street Circuit,vettel,VET,5,Sebastian Vettel,Aston Martin,13,8,8,Finished,4.0,0,1
2022,17,Singapore Grand Prix,2022-10-02,Singapore,Marina Bay,Marina Bay Street Circuit,hamilton,HAM,44,Lewis Hamilton,Mercedes,3,9,9,Finished,2.0,0,1
2022,17,Singapore Grand Prix,2022-10-02,Singapore,Marina Bay,Marina Bay Street Circuit,gasly,GAS,10,Pierre Gasly,AlphaTauri,7,10,10,Finished,1.0,0,1
2022,17,Singapore Grand Prix,2022-10-02,Singapore,Marina Bay,Marina Bay Street Circuit,bottas,BOT,77,Valtteri Bottas,Alfa Romeo,15,11,11,Finished,0.0,0,0
2022,17,Singapore Grand Prix,2022-10-02,Singapore,Marina Bay,Marina Bay Street Circuit,kevin_magnussen,MAG,20,Kevin Magnussen,Haas F1 Team,9,12,12,Finished,0.0,0,0
2022,17,Singapore Grand Prix,2022-10-02,Singapore,Marina Bay,Marina Bay Street Circuit,mick_schumacher,MSC,47,Mick Schumacher,Haas F1 Team,12,13,13,+1 Lap,0.0,0,0
2022,17,Singapore Grand Prix,2022-10-02,Singapore,Marina Bay,Marina Bay Street Circuit,russell,RUS,63,George Russell,Mercedes,0,14,14,+2 Laps,0.0,0,0
2022,17,Singapore Grand Prix,2022-10-02,Singapore,Marina Bay,Marina Bay Street Circuit,tsunoda,TSU,22,Yuki Tsunoda,AlphaTauri,10,15,R,Accident,0.0,0,0
2022,17,Singapore Grand Prix,2022-10-02,Singapore,Marina Bay,Marina Bay Street Circuit,ocon,OCO,31,Esteban Ocon,Alpine F1 Team,17,16,R,Engine,0.0,0,0
2022,17,Singapore Grand Prix,2022-10-02,Singapore,Marina Bay,Marina Bay Street Circuit,albon,ALB,23,Alexander Albon,Williams,18,17,R,Collision damage,0.0,0,0
2022,17,Singapore Grand Prix,2022-10-02,Singapore,Marina Bay,Marina Bay Street Circuit,alonso,ALO,14,Fernando Alonso,Alpine F1 Team,5,18,R,Engine,0.0,0,0
2022,17,Singapore Grand Prix,2022-10-02,Singapore,Marina Bay,Marina Bay Street Circuit,latifi,LAT,6,Nicholas Latifi,Williams,19,19,R,Collision damage,0.0,0,0
2022,17,Singapore Grand Prix,2022-10-02,Singapore,Marina Bay,Marina Bay Street Circuit,zhou,ZHO,24,Guanyu Zhou,Alfa Romeo,14,20,R,Collision,0.0,0,0
2022,18,Japanese Grand Prix,2022-10-09,Japan,Suzuka,Suzuka Circuit,max_verstappen,VER,1,Max Verstappen,Red Bull,1,1,1,Finished,25.0,1,1
2022,18,Japanese Grand Prix,2022-10-09,Japan,Suzuka,Suzuka Circuit,perez,PER,11,Sergio Pérez,Red Bull,4,2,2,Finished,18.0,1,1
2022,18,Japanese Grand Prix,2022-10-09,Japan,Suzuka,Suzuka Circuit,leclerc,LEC,16,Charles Leclerc,Ferrari,2,3,3,Finished,15.0,1,1
2022,18,Japanese Grand Prix,2022-10-09,Japan,Suzuka,Suzuka Circuit,ocon,OCO,31,Esteban Ocon,Alpine F1 Team,5,4,4,Finished,12.0,0,1
2022,18,Japanese Grand Prix,2022-10-09,Japan,Suzuka,Suzuka Circuit,hamilton,HAM,44,Lewis Hamilton,Mercedes,6,5,5,Finished,10.0,0,1
2022,18,Japanese Grand Prix,2022-10-09,Japan,Suzuka,Suzuka Circuit,vettel,VET,5,Sebastian Vettel,Aston Martin,9,6,6,Finished,8.0,0,1
2022,18,Japanese Grand Prix,2022-10-09,Japan,Suzuka,Suzuka Circuit,alonso,ALO,14,Fernando Alonso,Alpine F1 Team,7,7,7,Finished,6.0,0,1
2022,18,Japanese Grand Prix,2022-10-09,Japan,Suzuka,Suzuka Circuit,russell,RUS,63,George Russell,Mercedes,8,8,8,Finished,4.0,0,1
2022,18,Japanese Grand Prix,2022-10-09,Japan,Suzuka,Suzuka Circuit,latifi,LAT,6,Nicholas Latifi,Williams,20,9,9,Finished,2.0,0,1
2022,18,Japanese Grand Prix,2022-10-09,Japan,Suzuka,Suzuka Circuit,norris,NOR,4,Lando Norris,McLaren,10,10,10,Finished,1.0,0,1
2022,18,Japanese Grand Prix,2022-10-09,Japan,Suzuka,Suzuka Circuit,ricciardo,RIC,3,Daniel Ricciardo,McLaren,11,11,11,Finished,0.0,0,0
2022,18,Japanese Grand Prix,2022-10-09,Japan,Suzuka,Suzuka Circuit,stroll,STR,18,Lance Stroll,Aston Martin,19,12,12,Finished,0.0,0,0
2022,18,Japanese Grand Prix,2022-10-09,Japan,Suzuka,Suzuka Circuit,tsunoda,TSU,22,Yuki Tsunoda,AlphaTauri,13,13,13,Finished,0.0,0,0
2022,18,Japanese Grand Prix,2022-10-09,Japan,Suzuka,Suzuka Circuit,kevin_magnussen,MAG,20,Kevin Magnussen,Haas F1 Team,18,14,14,Finished,0.0,0,0
2022,18,Japanese Grand Prix,2022-10-09,Japan,Suzuka,Suzuka Circuit,bottas,BOT,77,Valtteri Bottas,Alfa Romeo,12,15,15,Finished,0.0,0,0
2022,18,Japanese Grand Prix,2022-10-09,Japan,Suzuka,Suzuka Circuit,zhou,ZHO,24,Guanyu Zhou,Alfa Romeo,14,16,16,Finished,0.0,0,0
2022,18,Japanese Grand Prix,2022-10-09,Japan,Suzuka,Suzuka Circuit,mick_schumacher,MSC,47,Mick Schumacher,Haas F1 Team,15,17,17,Finished,0.0,0,0
2022,18,Japanese Grand Prix,2022-10-09,Japan,Suzuka,Suzuka Circuit,gasly,GAS,10,Pierre Gasly,AlphaTauri,17,18,18,Finished,0.0,0,0
2022,18,Japanese Grand Prix,2022-10-09,Japan,Suzuka,Suzuka Circuit,sainz,SAI,55,Carlos Sainz,Ferrari,3,19,R,Accident,0.0,0,0
2022,18,Japanese Grand Prix,2022-10-09,Japan,Suzuka,Suzuka Circuit,albon,ALB,23,Alexander Albon,Williams,16,20,R,Hydraulics,0.0,0,0
2022,19,United States Grand Prix,2022-10-23,USA,Austin,Circuit of the Americas,max_verstappen,VER,1,Max Verstappen,Red Bull,2,1,1,Finished,25.0,1,1
2022,19,United States Grand Prix,2022-10-23,USA,Austin,Circuit of the Americas,hamilton,HAM,44,Lewis Hamilton,Mercedes,3,2,2,Finished,18.0,1,1
2022,19,United States Grand Prix,2022-10-23,USA,Austin,Circuit of the Americas,leclerc,LEC,16,Charles Leclerc,Ferrari,12,3,3,Finished,15.0,1,1
2022,19,United States Grand Prix,2022-10-23,USA,Austin,Circuit of the Americas,perez,PER,11,Sergio Pérez,Red Bull,9,4,4,Finished,12.0,0,1
2022,19,United States Grand Prix,2022-10-23,USA,Austin,Circuit of the Americas,russell,RUS,63,George Russell,Mercedes,4,5,5,Finished,11.0,0,1
2022,19,United States Grand Prix,2022-10-23,USA,Austin,Circuit of the Americas,norris,NOR,4,Lando Norris,McLaren,6,6,6,Finished,8.0,0,1
2022,19,United States Grand Prix,2022-10-23,USA,Austin,Circuit of the Americas,alonso,ALO,14,Fernando Alonso,Alpine F1 Team,14,7,7,Finished,6.0,0,1
2022,19,United States Grand Prix,2022-10-23,USA,Austin,Circuit of the Americas,vettel,VET,5,Sebastian Vettel,Aston Martin,10,8,8,Finished,4.0,0,1
2022,19,United States Grand Prix,2022-10-23,USA,Austin,Circuit of the Americas,kevin_magnussen,MAG,20,Kevin Magnussen,Haas F1 Team,13,9,9,Finished,2.0,0,1
2022,19,United States Grand Prix,2022-10-23,USA,Austin,Circuit of the Americas,tsunoda,TSU,22,Yuki Tsunoda,AlphaTauri,19,10,10,Finished,1.0,0,1
2022,19,United States Grand Prix,2022-10-23,USA,Austin,Circuit of the Americas,ocon,OCO,31,Esteban Ocon,Alpine F1 Team,0,11,11,Finished,0.0,0,0
2022,19,United States Grand Prix,2022-10-23,USA,Austin,Circuit of the Americas,zhou,ZHO,24,Guanyu Zhou,Alfa Romeo,18,12,12,Finished,0.0,0,0
2022,19,United States Grand Prix,2022-10-23,USA,Austin,Circuit of the Americas,albon,ALB,23,Alexander Albon,Williams,8,13,13,Finished,0.0,0,0
2022,19,United States Grand Prix,2022-10-23,USA,Austin,Circuit of the Americas,gasly,GAS,10,Pierre Gasly,AlphaTauri,11,14,14,Finished,0.0,0,0
2022,19,United States Grand Prix,2022-10-23,USA,Austin,Circuit of the Americas,mick_schumacher,MSC,47,Mick Schumacher,Haas F1 Team,16,15,15,Finished,0.0,0,0
2022,19,United States Grand Prix,2022-10-23,USA,Austin,Circuit of the Americas,ricciardo,RIC,3,Daniel Ricciardo,McLaren,15,16,16,Finished,0.0,0,0
2022,19,United States Grand Prix,2022-10-23,USA,Austin,Circuit of the Americas,latifi,LAT,6,Nicholas Latifi,Williams,17,17,17,Finished,0.0,0,0
2022,19,United States Grand Prix,2022-10-23,USA,Austin,Circuit of the Americas,stroll,STR,18,Lance Stroll,Aston Martin,5,18,R,Collision,0.0,0,0
2022,19,United States Grand Prix,2022-10-23,USA,Austin,Circuit of the Americas,bottas,BOT,77,Valtteri Bottas,Alfa Romeo,7,19,R,Spun off,0.0,0,0
2022,19,United States Grand Prix,2022-10-23,USA,Austin,Circuit of the Americas,sainz,SAI,55,Carlos Sainz,Ferrari,1,20,R,Collision damage,0.0,0,0
2022,20,Mexico City Grand Prix,2022-10-30,Mexico,Mexico City,Autódromo Hermanos Rodríguez,max_verstappen,VER,1,Max Verstappen,Red Bull,1,1,1,Finished,25.0,1,1
2022,20,Mexico City Grand Prix,2022-10-30,Mexico,Mexico City,Autódromo Hermanos Rodríguez,hamilton,HAM,44,Lewis Hamilton,Mercedes,3,2,2,Finished,18.0,1,1
2022,20,Mexico City Grand Prix,2022-10-30,Mexico,Mexico City,Autódromo Hermanos Rodríguez,perez,PER,11,Sergio Pérez,Red Bull,4,3,3,Finished,15.0,1,1
2022,20,Mexico City Grand Prix,2022-10-30,Mexico,Mexico City,Autódromo Hermanos Rodríguez,russell,RUS,63,George Russell,Mercedes,2,4,4,Finished,13.0,0,1
2022,20,Mexico City Grand Prix,2022-10-30,Mexico,Mexico City,Autódromo Hermanos Rodríguez,sainz,SAI,55,Carlos Sainz,Ferrari,5,5,5,Finished,10.0,0,1
2022,20,Mexico City Grand Prix,2022-10-30,Mexico,Mexico City,Autódromo Hermanos Rodríguez,leclerc,LEC,16,Charles Leclerc,Ferrari,7,6,6,Finished,8.0,0,1
2022,20,Mexico City Grand Prix,2022-10-30,Mexico,Mexico City,Autódromo Hermanos Rodríguez,ricciardo,RIC,3,Daniel Ricciardo,McLaren,11,7,7,+1 Lap,6.0,0,1
2022,20,Mexico City Grand Prix,2022-10-30,Mexico,Mexico City,Autódromo Hermanos Rodríguez,ocon,OCO,31,Esteban Ocon,Alpine F1 Team,10,8,8,+1 Lap,4.0,0,1
2022,20,Mexico City Grand Prix,2022-10-30,Mexico,Mexico City,Autódromo Hermanos Rodríguez,norris,NOR,4,Lando Norris,McLaren,8,9,9,+1 Lap,2.0,0,1
2022,20,Mexico City Grand Prix,2022-10-30,Mexico,Mexico City,Autódromo Hermanos Rodríguez,bottas,BOT,77,Valtteri Bottas,Alfa Romeo,6,10,10,+1 Lap,1.0,0,1
2022,20,Mexico City Grand Prix,2022-10-30,Mexico,Mexico City,Autódromo Hermanos Rodríguez,gasly,GAS,10,Pierre Gasly,AlphaTauri,14,11,11,+1 Lap,0.0,0,0
2022,20,Mexico City Grand Prix,2022-10-30,Mexico,Mexico City,Autódromo Hermanos Rodríguez,albon,ALB,23,Alexander Albon,Williams,17,12,12,+1 Lap,0.0,0,0
2022,20,Mexico City Grand Prix,2022-10-30,Mexico,Mexico City,Autódromo Hermanos Rodríguez,zhou,ZHO,24,Guanyu Zhou,Alfa Romeo,12,13,13,+1 Lap,0.0,0,0
2022,20,Mexico City Grand Prix,2022-10-30,Mexico,Mexico City,Autódromo Hermanos Rodríguez,vettel,VET,5,Sebastian Vettel,Aston Martin,16,14,14,+1 Lap,0.0,0,0
2022,20,Mexico City Grand Prix,2022-10-30,Mexico,Mexico City,Autódromo Hermanos Rodríguez,stroll,STR,18,Lance Stroll,Aston Martin,20,15,15,+1 Lap,0.0,0,0
2022,20,Mexico City Grand Prix,2022-10-30,Mexico,Mexico City,Autódromo Hermanos Rodríguez,mick_schumacher,MSC,47,Mick Schumacher,Haas F1 Team,15,16,16,+1 Lap,0.0,0,0
2022,20,Mexico City Grand Prix,2022-10-30,Mexico,Mexico City,Autódromo Hermanos Rodríguez,kevin_magnussen,MAG,20,Kevin Magnussen,Haas F1 Team,19,17,17,+1 Lap,0.0,0,0
2022,20,Mexico City Grand Prix,2022-10-30,Mexico,Mexico City,Autódromo Hermanos Rodríguez,latifi,LAT,6,Nicholas Latifi,Williams,18,18,18,+2 Laps,0.0,0,0
2022,20,Mexico City Grand Prix,2022-10-30,Mexico,Mexico City,Autódromo Hermanos Rodríguez,alonso,ALO,14,Fernando Alonso,Alpine F1 Team,9,19,19,Engine,0.0,0,0
2022,20,Mexico City Grand Prix,2022-10-30,Mexico,Mexico City,Autódromo Hermanos Rodríguez,tsunoda,TSU,22,Yuki Tsunoda,AlphaTauri,13,20,R,Collision damage,0.0,0,0
2022,21,São Paulo Grand Prix,2022-11-13,Brazil,São Paulo,Autódromo José Carlos Pace,russell,RUS,63,George Russell,Mercedes,1,1,1,Finished,26.0,1,1
2022,21,São Paulo Grand Prix,2022-11-13,Brazil,São Paulo,Autódromo José Carlos Pace,hamilton,HAM,44,Lewis Hamilton,Mercedes,2,2,2,Finished,18.0,1,1
2022,21,São Paulo Grand Prix,2022-11-13,Brazil,São Paulo,Autódromo José Carlos Pace,sainz,SAI,55,Carlos Sainz,Ferrari,7,3,3,Finished,15.0,1,1
2022,21,São Paulo Grand Prix,2022-11-13,Brazil,São Paulo,Autódromo José Carlos Pace,leclerc,LEC,16,Charles Leclerc,Ferrari,5,4,4,Finished,12.0,0,1
2022,21,São Paulo Grand Prix,2022-11-13,Brazil,São Paulo,Autódromo José Carlos Pace,alonso,ALO,14,Fernando Alonso,Alpine F1 Team,17,5,5,Finished,10.0,0,1
2022,21,São Paulo Grand Prix,2022-11-13,Brazil,São Paulo,Autódromo José Carlos Pace,max_verstappen,VER,1,Max Verstappen,Red Bull,3,6,6,Finished,8.0,0,1
2022,21,São Paulo Grand Prix,2022-11-13,Brazil,São Paulo,Autódromo José Carlos Pace,perez,PER,11,Sergio Pérez,Red Bull,4,7,7,Finished,6.0,0,1
2022,21,São Paulo Grand Prix,2022-11-13,Brazil,São Paulo,Autódromo José Carlos Pace,ocon,OCO,31,Esteban Ocon,Alpine F1 Team,16,8,8,Finished,4.0,0,1
2022,21,São Paulo Grand Prix,2022-11-13,Brazil,São Paulo,Autódromo José Carlos Pace,bottas,BOT,77,Valtteri Bottas,Alfa Romeo,14,9,9,Finished,2.0,0,1
2022,21,São Paulo Grand Prix,2022-11-13,Brazil,São Paulo,Autódromo José Carlos Pace,stroll,STR,18,Lance Stroll,Aston Martin,15,10,10,Finished,1.0,0,1
2022,21,São Paulo Grand Prix,2022-11-13,Brazil,São Paulo,Autódromo José Carlos Pace,vettel,VET,5,Sebastian Vettel,Aston Martin,9,11,11,Finished,0.0,0,0
2022,21,São Paulo Grand Prix,2022-11-13,Brazil,São Paulo,Autódromo José Carlos Pace,zhou,ZHO,24,Guanyu Zhou,Alfa Romeo,13,12,12,Finished,0.0,0,0
2022,21,São Paulo Grand Prix,2022-11-13,Brazil,São Paulo,Autódromo José Carlos Pace,mick_schumacher,MSC,47,Mick Schumacher,Haas F1 Team,12,13,13,Finished,0.0,0,0
2022,21,São Paulo Grand Prix,2022-11-13,Brazil,São Paulo,Autódromo José Carlos Pace,gasly,GAS,10,Pierre Gasly,AlphaTauri,10,14,14,Finished,0.0,0,0
2022,21,São Paulo Grand Prix,2022-11-13,Brazil,São Paulo,Autódromo José Carlos Pace,albon,ALB,23,Alexander Albon,Williams,19,15,15,Finished,0.0,0,0
2022,21,São Paulo Grand Prix,2022-11-13,Brazil,São Paulo,Autódromo José Carlos Pace,latifi,LAT,6,Nicholas Latifi,Williams,18,16,16,Finished,0.0,0,0
2022,21,São Paulo Grand Prix,2022-11-13,Brazil,São Paulo,Autódromo José Carlos Pace,tsunoda,TSU,22,Yuki Tsunoda,AlphaTauri,0,17,17,+1 Lap,0.0,0,0
2022,21,São Paulo Grand Prix,2022-11-13,Brazil,São Paulo,Autódromo José Carlos Pace,norris,NOR,4,Lando Norris,McLaren,6,18,R,Gearbox,0.0,0,0
2022,21,São Paulo Grand Prix,2022-11-13,Brazil,São Paulo,Autódromo José Carlos Pace,kevin_magnussen,MAG,20,Kevin Magnussen,Haas F1 Team,8,19,R,Collision,0.0,0,0
2022,21,São Paulo Grand Prix,2022-11-13,Brazil,São Paulo,Autódromo José Carlos Pace,ricciardo,RIC,3,Daniel Ricciardo,McLaren,11,20,R,Collision,0.0,0,0
2022,22,Abu Dhabi Grand Prix,2022-11-20,UAE,Abu Dhabi,Yas Marina Circuit,max_verstappen,VER,1,Max Verstappen,Red Bull,1,1,1,Finished,25.0,1,1
2022,22,Abu Dhabi Grand Prix,2022-11-20,UAE,Abu Dhabi,Yas Marina Circuit,leclerc,LEC,16,Charles Leclerc,Ferrari,3,2,2,Finished,18.0,1,1
2022,22,Abu Dhabi Grand Prix,2022-11-20,UAE,Abu Dhabi,Yas Marina Circuit,perez,PER,11,Sergio Pérez,Red Bull,2,3,3,Finished,15.0,1,1
2022,22,Abu Dhabi Grand Prix,2022-11-20,UAE,Abu Dhabi,Yas Marina Circuit,sainz,SAI,55,Carlos Sainz,Ferrari,4,4,4,Finished,12.0,0,1
2022,22,Abu Dhabi Grand Prix,2022-11-20,UAE,Abu Dhabi,Yas Marina Circuit,russell,RUS,63,George Russell,Mercedes,6,5,5,Finished,10.0,0,1
2022,22,Abu Dhabi Grand Prix,2022-11-20,UAE,Abu Dhabi,Yas Marina Circuit,norris,NOR,4,Lando Norris,McLaren,7,6,6,Finished,9.0,0,1
2022,22,Abu Dhabi Grand Prix,2022-11-20,UAE,Abu Dhabi,Yas Marina Circuit,ocon,OCO,31,Esteban Ocon,Alpine F1 Team,8,7,7,Finished,6.0,0,1
2022,22,Abu Dhabi Grand Prix,2022-11-20,UAE,Abu Dhabi,Yas Marina Circuit,stroll,STR,18,Lance Stroll,Aston Martin,14,8,8,Finished,4.0,0,1
2022,22,Abu Dhabi Grand Prix,2022-11-20,UAE,Abu Dhabi,Yas Marina Circuit,ricciardo,RIC,3,Daniel Ricciardo,McLaren,13,9,9,Finished,2.0,0,1
2022,22,Abu Dhabi Grand Prix,2022-11-20,UAE,Abu Dhabi,Yas Marina Circuit,vettel,VET,5,Sebastian Vettel,Aston Martin,9,10,10,Finished,1.0,0,1
2022,22,Abu Dhabi Grand Prix,2022-11-20,UAE,Abu Dhabi,Yas Marina Circuit,tsunoda,TSU,22,Yuki Tsunoda,AlphaTauri,11,11,11,Finished,0.0,0,0
2022,22,Abu Dhabi Grand Prix,2022-11-20,UAE,Abu Dhabi,Yas Marina Circuit,zhou,ZHO,24,Guanyu Zhou,Alfa Romeo,15,12,12,+1 Lap,0.0,0,0
2022,22,Abu Dhabi Grand Prix,2022-11-20,UAE,Abu Dhabi,Yas Marina Circuit,albon,ALB,23,Alexander Albon,Williams,19,13,13,+1 Lap,0.0,0,0
2022,22,Abu Dhabi Grand Prix,2022-11-20,UAE,Abu Dhabi,Yas Marina Circuit,gasly,GAS,10,Pierre Gasly,AlphaTauri,17,14,14,+1 Lap,0.0,0,0
2022,22,Abu Dhabi Grand Prix,2022-11-20,UAE,Abu Dhabi,Yas Marina Circuit,bottas,BOT,77,Valtteri Bottas,Alfa Romeo,18,15,15,+1 Lap,0.0,0,0
2022,22,Abu Dhabi Grand Prix,2022-11-20,UAE,Abu Dhabi,Yas Marina Circuit,mick_schumacher,MSC,47,Mick Schumacher,Haas F1 Team,12,16,16,+1 Lap,0.0,0,0
2022,22,Abu Dhabi Grand Prix,2022-11-20,UAE,Abu Dhabi,Yas Marina Circuit,kevin_magnussen,MAG,20,Kevin Magnussen,Haas F1 Team,16,17,17,+1 Lap,0.0,0,0
2022,22,Abu Dhabi Grand Prix,2022-11-20,UAE,Abu Dhabi,Yas Marina Circuit,hamilton,HAM,44,Lewis Hamilton,Mercedes,5,18,18,Hydraulics,0.0,0,0
2022,22,Abu Dhabi Grand Prix,2022-11-20,UAE,Abu Dhabi,Yas Marina Circuit,latifi,LAT,6,Nicholas Latifi,Williams,20,19,19,Collision damage,0.0,0,0
2022,22,Abu Dhabi Grand Prix,2022-11-20,UAE,Abu Dhabi,Yas Marina Circuit,alonso,ALO,14,Fernando Alonso,Alpine F1 Team,10,20,R,Water leak,0.0,0,0
2023,1,Bahrain Grand Prix,2023-03-05,Bahrain,Sakhir,Bahrain International Circuit,max_verstappen,VER,1,Max Verstappen,Red Bull,1,1,1,Finished,25.0,1,1
2023,1,Bahrain Grand Prix,2023-03-05,Bahrain,Sakhir,Bahrain International Circuit,perez,PER,11,Sergio Pérez,Red Bull,2,2,2,Finished,18.0,1,1
2023,1,Bahrain Grand Prix,2023-03-05,Bahrain,Sakhir,Bahrain International Circuit,alonso,ALO,14,Fernando Alonso,Aston Martin,5,3,3,Finished,15.0,1,1
2023,1,Bahrain Grand Prix,2023-03-05,Bahrain,Sakhir,Bahrain International Circuit,sainz,SAI,55,Carlos Sainz,Ferrari,4,4,4,Finished,12.0,0,1
2023,1,Bahrain Grand Prix,2023-03-05,Bahrain,Sakhir,Bahrain International Circuit,hamilton,HAM,44,Lewis Hamilton,Mercedes,7,5,5,Finished,10.0,0,1
2023,1,Bahrain Grand Prix,2023-03-05,Bahrain,Sakhir,Bahrain International Circuit,stroll,STR,18,Lance Stroll,Aston Martin,8,6,6,Finished,8.0,0,1
2023,1,Bahrain Grand Prix,2023-03-05,Bahrain,Sakhir,Bahrain International Circuit,russell,RUS,63,George Russell,Mercedes,6,7,7,Finished,6.0,0,1
2023,1,Bahrain Grand Prix,2023-03-05,Bahrain,Sakhir,Bahrain International Circuit,bottas,BOT,77,Valtteri Bottas,Alfa Romeo,12,8,8,Finished,4.0,0,1
2023,1,Bahrain Grand Prix,2023-03-05,Bahrain,Sakhir,Bahrain International Circuit,gasly,GAS,10,Pierre Gasly,Alpine F1 Team,20,9,9,Finished,2.0,0,1
2023,1,Bahrain Grand Prix,2023-03-05,Bahrain,Sakhir,Bahrain International Circuit,albon,ALB,23,Alexander Albon,Williams,15,10,10,Finished,1.0,0,1
2023,1,Bahrain Grand Prix,2023-03-05,Bahrain,Sakhir,Bahrain International Circuit,tsunoda,TSU,22,Yuki Tsunoda,AlphaTauri,14,11,11,Finished,0.0,0,0
2023,1,Bahrain Grand Prix,2023-03-05,Bahrain,Sakhir,Bahrain International Circuit,sargeant,SAR,2,Logan Sargeant,Williams,16,12,12,Lapped,0.0,0,0
2023,1,Bahrain Grand Prix,2023-03-05,Bahrain,Sakhir,Bahrain International Circuit,kevin_magnussen,MAG,20,Kevin Magnussen,Haas F1 Team,17,13,13,Lapped,0.0,0,0
2023,1,Bahrain Grand Prix,2023-03-05,Bahrain,Sakhir,Bahrain International Circuit,de_vries,DEV,21,Nyck de Vries,AlphaTauri,19,14,14,Lapped,0.0,0,0
2023,1,Bahrain Grand Prix,2023-03-05,Bahrain,Sakhir,Bahrain International Circuit,hulkenberg,HUL,27,Nico Hülkenberg,Haas F1 Team,10,15,15,Lapped,0.0,0,0
2023,1,Bahrain Grand Prix,2023-03-05,Bahrain,Sakhir,Bahrain International Circuit,zhou,ZHO,24,Guanyu Zhou,Alfa Romeo,13,16,16,Lapped,0.0,0,0
2023,1,Bahrain Grand Prix,2023-03-05,Bahrain,Sakhir,Bahrain International Circuit,norris,NOR,4,Lando Norris,McLaren,11,17,17,Lapped,0.0,0,0
2023,1,Bahrain Grand Prix,2023-03-05,Bahrain,Sakhir,Bahrain International Circuit,ocon,OCO,31,Esteban Ocon,Alpine F1 Team,9,18,R,Retired,0.0,0,0
2023,1,Bahrain Grand Prix,2023-03-05,Bahrain,Sakhir,Bahrain International Circuit,leclerc,LEC,16,Charles Leclerc,Ferrari,3,19,R,Retired,0.0,0,0
2023,1,Bahrain Grand Prix,2023-03-05,Bahrain,Sakhir,Bahrain International Circuit,piastri,PIA,81,Oscar Piastri,McLaren,18,20,R,Retired,0.0,0,0
2023,2,Saudi Arabian Grand Prix,2023-03-19,Saudi Arabia,Jeddah,Jeddah Corniche Circuit,perez,PER,11,Sergio Pérez,Red Bull,1,1,1,Finished,25.0,1,1
2023,2,Saudi Arabian Grand Prix,2023-03-19,Saudi Arabia,Jeddah,Jeddah Corniche Circuit,max_verstappen,VER,1,Max Verstappen,Red Bull,15,2,2,Finished,19.0,1,1
2023,2,Saudi Arabian Grand Prix,2023-03-19,Saudi Arabia,Jeddah,Jeddah Corniche Circuit,alonso,ALO,14,Fernando Alonso,Aston Martin,2,3,3,Finished,15.0,1,1
2023,2,Saudi Arabian Grand Prix,2023-03-19,Saudi Arabia,Jeddah,Jeddah Corniche Circuit,russell,RUS,63,George Russell,Mercedes,3,4,4,Finished,12.0,0,1
2023,2,Saudi Arabian Grand Prix,2023-03-19,Saudi Arabia,Jeddah,Jeddah Corniche Circuit,hamilton,HAM,44,Lewis Hamilton,Mercedes,7,5,5,Finished,10.0,0,1
2023,2,Saudi Arabian Grand Prix,2023-03-19,Saudi Arabia,Jeddah,Jeddah Corniche Circuit,sainz,SAI,55,Carlos Sainz,Ferrari,4,6,6,Finished,8.0,0,1
2023,2,Saudi Arabian Grand Prix,2023-03-19,Saudi Arabia,Jeddah,Jeddah Corniche Circuit,leclerc,LEC,16,Charles Leclerc,Ferrari,12,7,7,Finished,6.0,0,1
2023,2,Saudi Arabian Grand Prix,2023-03-19,Saudi Arabia,Jeddah,Jeddah Corniche Circuit,ocon,OCO,31,Esteban Ocon,Alpine F1 Team,6,8,8,Finished,4.0,0,1
2023,2,Saudi Arabian Grand Prix,2023-03-19,Saudi Arabia,Jeddah,Jeddah Corniche Circuit,gasly,GAS,10,Pierre Gasly,Alpine F1 Team,9,9,9,Finished,2.0,0,1
2023,2,Saudi Arabian Grand Prix,2023-03-19,Saudi Arabia,Jeddah,Jeddah Corniche Circuit,kevin_magnussen,MAG,20,Kevin Magnussen,Haas F1 Team,13,10,10,Finished,1.0,0,1
2023,2,Saudi Arabian Grand Prix,2023-03-19,Saudi Arabia,Jeddah,Jeddah Corniche Circuit,tsunoda,TSU,22,Yuki Tsunoda,AlphaTauri,16,11,11,Finished,0.0,0,0
2023,2,Saudi Arabian Grand Prix,2023-03-19,Saudi Arabia,Jeddah,Jeddah Corniche Circuit,hulkenberg,HUL,27,Nico Hülkenberg,Haas F1 Team,10,12,12,Finished,0.0,0,0
2023,2,Saudi Arabian Grand Prix,2023-03-19,Saudi Arabia,Jeddah,Jeddah Corniche Circuit,zhou,ZHO,24,Guanyu Zhou,Alfa Romeo,11,13,13,Finished,0.0,0,0
2023,2,Saudi Arabian Grand Prix,2023-03-19,Saudi Arabia,Jeddah,Jeddah Corniche Circuit,de_vries,DEV,21,Nyck de Vries,AlphaTauri,18,14,14,Finished,0.0,0,0
2023,2,Saudi Arabian Grand Prix,2023-03-19,Saudi Arabia,Jeddah,Jeddah Corniche Circuit,piastri,PIA,81,Oscar Piastri,McLaren,8,15,15,Finished,0.0,0,0
2023,2,Saudi Arabian Grand Prix,2023-03-19,Saudi Arabia,Jeddah,Jeddah Corniche Circuit,sargeant,SAR,2,Logan Sargeant,Williams,20,16,16,Finished,0.0,0,0
2023,2,Saudi Arabian Grand Prix,2023-03-19,Saudi Arabia,Jeddah,Jeddah Corniche Circuit,norris,NOR,4,Lando Norris,McLaren,19,17,17,Finished,0.0,0,0
2023,2,Saudi Arabian Grand Prix,2023-03-19,Saudi Arabia,Jeddah,Jeddah Corniche Circuit,bottas,BOT,77,Valtteri Bottas,Alfa Romeo,14,18,18,Lapped,0.0,0,0
2023,2,Saudi Arabian Grand Prix,2023-03-19,Saudi Arabia,Jeddah,Jeddah Corniche Circuit,albon,ALB,23,Alexander Albon,Williams,17,19,R,Retired,0.0,0,0
2023,2,Saudi Arabian Grand Prix,2023-03-19,Saudi Arabia,Jeddah,Jeddah Corniche Circuit,stroll,STR,18,Lance Stroll,Aston Martin,5,20,R,Retired,0.0,0,0
2023,3,Australian Grand Prix,2023-04-02,Australia,Melbourne,Albert Park Grand Prix Circuit,max_verstappen,VER,1,Max Verstappen,Red Bull,1,1,1,Finished,25.0,1,1
2023,3,Australian Grand Prix,2023-04-02,Australia,Melbourne,Albert Park Grand Prix Circuit,hamilton,HAM,44,Lewis Hamilton,Mercedes,3,2,2,Finished,18.0,1,1
2023,3,Australian Grand Prix,2023-04-02,Australia,Melbourne,Albert Park Grand Prix Circuit,alonso,ALO,14,Fernando Alonso,Aston Martin,4,3,3,Finished,15.0,1,1
2023,3,Australian Grand Prix,2023-04-02,Australia,Melbourne,Albert Park Grand Prix Circuit,stroll,STR,18,Lance Stroll,Aston Martin,6,4,4,Finished,12.0,0,1
2023,3,Australian Grand Prix,2023-04-02,Australia,Melbourne,Albert Park Grand Prix Circuit,perez,PER,11,Sergio Pérez,Red Bull,20,5,5,Finished,11.0,0,1
2023,3,Australian Grand Prix,2023-04-02,Australia,Melbourne,Albert Park Grand Prix Circuit,norris,NOR,4,Lando Norris,McLaren,13,6,6,Finished,8.0,0,1
2023,3,Australian Grand Prix,2023-04-02,Australia,Melbourne,Albert Park Grand Prix Circuit,hulkenberg,HUL,27,Nico Hülkenberg,Haas F1 Team,10,7,7,Finished,6.0,0,1
2023,3,Australian Grand Prix,2023-04-02,Australia,Melbourne,Albert Park Grand Prix Circuit,piastri,PIA,81,Oscar Piastri,McLaren,16,8,8,Finished,4.0,0,1
2023,3,Australian Grand Prix,2023-04-02,Australia,Melbourne,Albert Park Grand Prix Circuit,zhou,ZHO,24,Guanyu Zhou,Alfa Romeo,17,9,9,Finished,2.0,0,1
2023,3,Australian Grand Prix,2023-04-02,Australia,Melbourne,Albert Park Grand Prix Circuit,tsunoda,TSU,22,Yuki Tsunoda,AlphaTauri,12,10,10,Finished,1.0,0,1
2023,3,Australian Grand Prix,2023-04-02,Australia,Melbourne,Albert Park Grand Prix Circuit,bottas,BOT,77,Valtteri Bottas,Alfa Romeo,19,11,11,Finished,0.0,0,0
2023,3,Australian Grand Prix,2023-04-02,Australia,Melbourne,Albert Park Grand Prix Circuit,sainz,SAI,55,Carlos Sainz,Ferrari,5,12,12,Finished,0.0,0,0
2023,3,Australian Grand Prix,2023-04-02,Australia,Melbourne,Albert Park Grand Prix Circuit,gasly,GAS,10,Pierre Gasly,Alpine F1 Team,9,13,13,Retired,0.0,0,0
2023,3,Australian Grand Prix,2023-04-02,Australia,Melbourne,Albert Park Grand Prix Circuit,ocon,OCO,31,Esteban Ocon,Alpine F1 Team,11,14,14,Retired,0.0,0,0
2023,3,Australian Grand Prix,2023-04-02,Australia,Melbourne,Albert Park Grand Prix Circuit,de_vries,DEV,21,Nyck de Vries,AlphaTauri,15,15,15,Retired,0.0,0,0
2023,3,Australian Grand Prix,2023-04-02,Australia,Melbourne,Albert Park Grand Prix Circuit,sargeant,SAR,2,Logan Sargeant,Williams,18,16,16,Retired,0.0,0,0
2023,3,Australian Grand Prix,2023-04-02,Australia,Melbourne,Albert Park Grand Prix Circuit,kevin_magnussen,MAG,20,Kevin Magnussen,Haas F1 Team,14,17,17,Retired,0.0,0,0
2023,3,Australian Grand Prix,2023-04-02,Australia,Melbourne,Albert Park Grand Prix Circuit,russell,RUS,63,George Russell,Mercedes,2,18,R,Retired,0.0,0,0
2023,3,Australian Grand Prix,2023-04-02,Australia,Melbourne,Albert Park Grand Prix Circuit,albon,ALB,23,Alexander Albon,Williams,8,19,R,Retired,0.0,0,0
2023,3,Australian Grand Prix,2023-04-02,Australia,Melbourne,Albert Park Grand Prix Circuit,leclerc,LEC,16,Charles Leclerc,Ferrari,7,20,R,Retired,0.0,0,0
2023,4,Azerbaijan Grand Prix,2023-04-30,Azerbaijan,Baku,Baku City Circuit,perez,PER,11,Sergio Pérez,Red Bull,3,1,1,Finished,25.0,1,1
2023,4,Azerbaijan Grand Prix,2023-04-30,Azerbaijan,Baku,Baku City Circuit,max_verstappen,VER,1,Max Verstappen,Red Bull,2,2,2,Finished,18.0,1,1
2023,4,Azerbaijan Grand Prix,2023-04-30,Azerbaijan,Baku,Baku City Circuit,leclerc,LEC,16,Charles Leclerc,Ferrari,1,3,3,Finished,15.0,1,1
2023,4,Azerbaijan Grand Prix,2023-04-30,Azerbaijan,Baku,Baku City Circuit,alonso,ALO,14,Fernando Alonso,Aston Martin,6,4,4,Finished,12.0,0,1
2023,4,Azerbaijan Grand Prix,2023-04-30,Azerbaijan,Baku,Baku City Circuit,sainz,SAI,55,Carlos Sainz,Ferrari,4,5,5,Finished,10.0,0,1
2023,4,Azerbaijan Grand Prix,2023-04-30,Azerbaijan,Baku,Baku City Circuit,hamilton,HAM,44,Lewis Hamilton,Mercedes,5,6,6,Finished,8.0,0,1
2023,4,Azerbaijan Grand Prix,2023-04-30,Azerbaijan,Baku,Baku City Circuit,stroll,STR,18,Lance Stroll,Aston Martin,9,7,7,Finished,6.0,0,1
2023,4,Azerbaijan Grand Prix,2023-04-30,Azerbaijan,Baku,Baku City Circuit,russell,RUS,63,George Russell,Mercedes,11,8,8,Finished,5.0,0,1
2023,4,Azerbaijan Grand Prix,2023-04-30,Azerbaijan,Baku,Baku City Circuit,norris,NOR,4,Lando Norris,McLaren,7,9,9,Finished,2.0,0,1
2023,4,Azerbaijan Grand Prix,2023-04-30,Azerbaijan,Baku,Baku City Circuit,tsunoda,TSU,22,Yuki Tsunoda,AlphaTauri,8,10,10,Finished,1.0,0,1
2023,4,Azerbaijan Grand Prix,2023-04-30,Azerbaijan,Baku,Baku City Circuit,piastri,PIA,81,Oscar Piastri,McLaren,10,11,11,Finished,0.0,0,0
2023,4,Azerbaijan Grand Prix,2023-04-30,Azerbaijan,Baku,Baku City Circuit,albon,ALB,23,Alexander Albon,Williams,12,12,12,Finished,0.0,0,0
2023,4,Azerbaijan Grand Prix,2023-04-30,Azerbaijan,Baku,Baku City Circuit,kevin_magnussen,MAG,20,Kevin Magnussen,Haas F1 Team,16,13,13,Finished,0.0,0,0
2023,4,Azerbaijan Grand Prix,2023-04-30,Azerbaijan,Baku,Baku City Circuit,gasly,GAS,10,Pierre Gasly,Alpine F1 Team,17,14,14,Finished,0.0,0,0
2023,4,Azerbaijan Grand Prix,2023-04-30,Azerbaijan,Baku,Baku City Circuit,ocon,OCO,31,Esteban Ocon,Alpine F1 Team,19,15,15,Finished,0.0,0,0
2023,4,Azerbaijan Grand Prix,2023-04-30,Azerbaijan,Baku,Baku City Circuit,sargeant,SAR,2,Logan Sargeant,Williams,14,16,16,Finished,0.0,0,0
2023,4,Azerbaijan Grand Prix,2023-04-30,Azerbaijan,Baku,Baku City Circuit,hulkenberg,HUL,27,Nico Hülkenberg,Haas F1 Team,20,17,17,Lapped,0.0,0,0
2023,4,Azerbaijan Grand Prix,2023-04-30,Azerbaijan,Baku,Baku City Circuit,bottas,BOT,77,Valtteri Bottas,Alfa Romeo,13,18,18,Lapped,0.0,0,0
2023,4,Azerbaijan Grand Prix,2023-04-30,Azerbaijan,Baku,Baku City Circuit,zhou,ZHO,24,Guanyu Zhou,Alfa Romeo,15,19,R,Retired,0.0,0,0
2023,4,Azerbaijan Grand Prix,2023-04-30,Azerbaijan,Baku,Baku City Circuit,de_vries,DEV,21,Nyck de Vries,AlphaTauri,18,20,R,Retired,0.0,0,0
2023,5,Miami Grand Prix,2023-05-07,USA,Miami,Miami International Autodrome,max_verstappen,VER,1,Max Verstappen,Red Bull,9,1,1,Finished,26.0,1,1
2023,5,Miami Grand Prix,2023-05-07,USA,Miami,Miami International Autodrome,perez,PER,11,Sergio Pérez,Red Bull,1,2,2,Finished,18.0,1,1
2023,5,Miami Grand Prix,2023-05-07,USA,Miami,Miami International Autodrome,alonso,ALO,14,Fernando Alonso,Aston Martin,2,3,3,Finished,15.0,1,1
2023,5,Miami Grand Prix,2023-05-07,USA,Miami,Miami International Autodrome,russell,RUS,63,George Russell,Mercedes,6,4,4,Finished,12.0,0,1
2023,5,Miami Grand Prix,2023-05-07,USA,Miami,Miami International Autodrome,sainz,SAI,55,Carlos Sainz,Ferrari,3,5,5,Finished,10.0,0,1
2023,5,Miami Grand Prix,2023-05-07,USA,Miami,Miami International Autodrome,hamilton,HAM,44,Lewis Hamilton,Mercedes,13,6,6,Finished,8.0,0,1
2023,5,Miami Grand Prix,2023-05-07,USA,Miami,Miami International Autodrome,leclerc,LEC,16,Charles Leclerc,Ferrari,7,7,7,Finished,6.0,0,1
2023,5,Miami Grand Prix,2023-05-07,USA,Miami,Miami International Autodrome,gasly,GAS,10,Pierre Gasly,Alpine F1 Team,5,8,8,Finished,4.0,0,1
2023,5,Miami Grand Prix,2023-05-07,USA,Miami,Miami International Autodrome,ocon,OCO,31,Esteban Ocon,Alpine F1 Team,8,9,9,Finished,2.0,0,1
2023,5,Miami Grand Prix,2023-05-07,USA,Miami,Miami International Autodrome,kevin_magnussen,MAG,20,Kevin Magnussen,Haas F1 Team,4,10,10,Finished,1.0,0,1
2023,5,Miami Grand Prix,2023-05-07,USA,Miami,Miami International Autodrome,tsunoda,TSU,22,Yuki Tsunoda,AlphaTauri,17,11,11,Finished,0.0,0,0
2023,5,Miami Grand Prix,2023-05-07,USA,Miami,Miami International Autodrome,stroll,STR,18,Lance Stroll,Aston Martin,18,12,12,Finished,0.0,0,0
2023,5,Miami Grand Prix,2023-05-07,USA,Miami,Miami International Autodrome,bottas,BOT,77,Valtteri Bottas,Alfa Romeo,10,13,13,Finished,0.0,0,0
2023,5,Miami Grand Prix,2023-05-07,USA,Miami,Miami International Autodrome,albon,ALB,23,Alexander Albon,Williams,11,14,14,Finished,0.0,0,0
2023,5,Miami Grand Prix,2023-05-07,USA,Miami,Miami International Autodrome,hulkenberg,HUL,27,Nico Hülkenberg,Haas F1 Team,12,15,15,Finished,0.0,0,0
2023,5,Miami Grand Prix,2023-05-07,USA,Miami,Miami International Autodrome,zhou,ZHO,24,Guanyu Zhou,Alfa Romeo,14,16,16,Finished,0.0,0,0
2023,5,Miami Grand Prix,2023-05-07,USA,Miami,Miami International Autodrome,norris,NOR,4,Lando Norris,McLaren,16,17,17,Finished,0.0,0,0
2023,5,Miami Grand Prix,2023-05-07,USA,Miami,Miami International Autodrome,de_vries,DEV,21,Nyck de Vries,AlphaTauri,15,18,18,Finished,0.0,0,0
2023,5,Miami Grand Prix,2023-05-07,USA,Miami,Miami International Autodrome,piastri,PIA,81,Oscar Piastri,McLaren,19,19,19,Lapped,0.0,0,0
2023,5,Miami Grand Prix,2023-05-07,USA,Miami,Miami International Autodrome,sargeant,SAR,2,Logan Sargeant,Williams,20,20,20,Lapped,0.0,0,0
2023,6,Monaco Grand Prix,2023-05-28,Monaco,Monte Carlo,Circuit de Monaco,max_verstappen,VER,1,Max Verstappen,Red Bull,1,1,1,Finished,25.0,1,1
2023,6,Monaco Grand Prix,2023-05-28,Monaco,Monte Carlo,Circuit de Monaco,alonso,ALO,14,Fernando Alonso,Aston Martin,2,2,2,Finished,18.0,1,1
2023,6,Monaco Grand Prix,2023-05-28,Monaco,Monte Carlo,Circuit de Monaco,ocon,OCO,31,Esteban Ocon,Alpine F1 Team,3,3,3,Finished,15.0,1,1
2023,6,Monaco Grand Prix,2023-05-28,Monaco,Monte Carlo,Circuit de Monaco,hamilton,HAM,44,Lewis Hamilton,Mercedes,5,4,4,Finished,13.0,0,1
2023,6,Monaco Grand Prix,2023-05-28,Monaco,Monte Carlo,Circuit de Monaco,russell,RUS,63,George Russell,Mercedes,8,5,5,Finished,10.0,0,1
2023,6,Monaco Grand Prix,2023-05-28,Monaco,Monte Carlo,Circuit de Monaco,leclerc,LEC,16,Charles Leclerc,Ferrari,6,6,6,Finished,8.0,0,1
2023,6,Monaco Grand Prix,2023-05-28,Monaco,Monte Carlo,Circuit de Monaco,gasly,GAS,10,Pierre Gasly,Alpine F1 Team,7,7,7,Finished,6.0,0,1
2023,6,Monaco Grand Prix,2023-05-28,Monaco,Monte Carlo,Circuit de Monaco,sainz,SAI,55,Carlos Sainz,Ferrari,4,8,8,Finished,4.0,0,1
2023,6,Monaco Grand Prix,2023-05-28,Monaco,Monte Carlo,Circuit de Monaco,norris,NOR,4,Lando Norris,McLaren,10,9,9,Lapped,2.0,0,1
2023,6,Monaco Grand Prix,2023-05-28,Monaco,Monte Carlo,Circuit de Monaco,piastri,PIA,81,Oscar Piastri,McLaren,11,10,10,Lapped,1.0,0,1
2023,6,Monaco Grand Prix,2023-05-28,Monaco,Monte Carlo,Circuit de Monaco,bottas,BOT,77,Valtteri Bottas,Alfa Romeo,15,11,11,Lapped,0.0,0,0
2023,6,Monaco Grand Prix,2023-05-28,Monaco,Monte Carlo,Circuit de Monaco,de_vries,DEV,21,Nyck de Vries,AlphaTauri,12,12,12,Lapped,0.0,0,0
2023,6,Monaco Grand Prix,2023-05-28,Monaco,Monte Carlo,Circuit de Monaco,zhou,ZHO,24,Guanyu Zhou,Alfa Romeo,19,13,13,Lapped,0.0,0,0
2023,6,Monaco Grand Prix,2023-05-28,Monaco,Monte Carlo,Circuit de Monaco,albon,ALB,23,Alexander Albon,Williams,13,14,14,Lapped,0.0,0,0
2023,6,Monaco Grand Prix,2023-05-28,Monaco,Monte Carlo,Circuit de Monaco,tsunoda,TSU,22,Yuki Tsunoda,AlphaTauri,9,15,15,Lapped,0.0,0,0
2023,6,Monaco Grand Prix,2023-05-28,Monaco,Monte Carlo,Circuit de Monaco,perez,PER,11,Sergio Pérez,Red Bull,20,16,16,Lapped,0.0,0,0
2023,6,Monaco Grand Prix,2023-05-28,Monaco,Monte Carlo,Circuit de Monaco,hulkenberg,HUL,27,Nico Hülkenberg,Haas F1 Team,18,17,17,Lapped,0.0,0,0
2023,6,Monaco Grand Prix,2023-05-28,Monaco,Monte Carlo,Circuit de Monaco,sargeant,SAR,2,Logan Sargeant,Williams,16,18,18,Lapped,0.0,0,0
2023,6,Monaco Grand Prix,2023-05-28,Monaco,Monte Carlo,Circuit de Monaco,kevin_magnussen,MAG,20,Kevin Magnussen,Haas F1 Team,17,19,19,Retired,0.0,0,0
2023,6,Monaco Grand Prix,2023-05-28,Monaco,Monte Carlo,Circuit de Monaco,stroll,STR,18,Lance Stroll,Aston Martin,14,20,R,Retired,0.0,0,0
2023,7,Spanish Grand Prix,2023-06-04,Spain,Barcelona,Circuit de Barcelona-Catalunya,max_verstappen,VER,1,Max Verstappen,Red Bull,1,1,1,Finished,26.0,1,1
2023,7,Spanish Grand Prix,2023-06-04,Spain,Barcelona,Circuit de Barcelona-Catalunya,hamilton,HAM,44,Lewis Hamilton,Mercedes,4,2,2,Finished,18.0,1,1
2023,7,Spanish Grand Prix,2023-06-04,Spain,Barcelona,Circuit de Barcelona-Catalunya,russell,RUS,63,George Russell,Mercedes,12,3,3,Finished,15.0,1,1
2023,7,Spanish Grand Prix,2023-06-04,Spain,Barcelona,Circuit de Barcelona-Catalunya,perez,PER,11,Sergio Pérez,Red Bull,11,4,4,Finished,12.0,0,1
2023,7,Spanish Grand Prix,2023-06-04,Spain,Barcelona,Circuit de Barcelona-Catalunya,sainz,SAI,55,Carlos Sainz,Ferrari,2,5,5,Finished,10.0,0,1
2023,7,Spanish Grand Prix,2023-06-04,Spain,Barcelona,Circuit de Barcelona-Catalunya,stroll,STR,18,Lance Stroll,Aston Martin,5,6,6,Finished,8.0,0,1
2023,7,Spanish Grand Prix,2023-06-04,Spain,Barcelona,Circuit de Barcelona-Catalunya,alonso,ALO,14,Fernando Alonso,Aston Martin,8,7,7,Finished,6.0,0,1
2023,7,Spanish Grand Prix,2023-06-04,Spain,Barcelona,Circuit de Barcelona-Catalunya,ocon,OCO,31,Esteban Ocon,Alpine F1 Team,6,8,8,Finished,4.0,0,1
2023,7,Spanish Grand Prix,2023-06-04,Spain,Barcelona,Circuit de Barcelona-Catalunya,zhou,ZHO,24,Guanyu Zhou,Alfa Romeo,13,9,9,Finished,2.0,0,1
2023,7,Spanish Grand Prix,2023-06-04,Spain,Barcelona,Circuit de Barcelona-Catalunya,gasly,GAS,10,Pierre Gasly,Alpine F1 Team,10,10,10,Finished,1.0,0,1
2023,7,Spanish Grand Prix,2023-06-04,Spain,Barcelona,Circuit de Barcelona-Catalunya,leclerc,LEC,16,Charles Leclerc,Ferrari,19,11,11,Finished,0.0,0,0
2023,7,Spanish Grand Prix,2023-06-04,Spain,Barcelona,Circuit de Barcelona-Catalunya,tsunoda,TSU,22,Yuki Tsunoda,AlphaTauri,15,12,12,Finished,0.0,0,0
2023,7,Spanish Grand Prix,2023-06-04,Spain,Barcelona,Circuit de Barcelona-Catalunya,piastri,PIA,81,Oscar Piastri,McLaren,9,13,13,Lapped,0.0,0,0
2023,7,Spanish Grand Prix,2023-06-04,Spain,Barcelona,Circuit de Barcelona-Catalunya,de_vries,DEV,21,Nyck de Vries,AlphaTauri,14,14,14,Lapped,0.0,0,0
2023,7,Spanish Grand Prix,2023-06-04,Spain,Barcelona,Circuit de Barcelona-Catalunya,hulkenberg,HUL,27,Nico Hülkenberg,Haas F1 Team,7,15,15,Lapped,0.0,0,0
2023,7,Spanish Grand Prix,2023-06-04,Spain,Barcelona,Circuit de Barcelona-Catalunya,albon,ALB,23,Alexander Albon,Williams,18,16,16,Lapped,0.0,0,0
2023,7,Spanish Grand Prix,2023-06-04,Spain,Barcelona,Circuit de Barcelona-Catalunya,norris,NOR,4,Lando Norris,McLaren,3,17,17,Lapped,0.0,0,0
2023,7,Spanish Grand Prix,2023-06-04,Spain,Barcelona,Circuit de Barcelona-Catalunya,kevin_magnussen,MAG,20,Kevin Magnussen,Haas F1 Team,17,18,18,Lapped,0.0,0,0
2023,7,Spanish Grand Prix,2023-06-04,Spain,Barcelona,Circuit de Barcelona-Catalunya,bottas,BOT,77,Valtteri Bottas,Alfa Romeo,16,19,19,Lapped,0.0,0,0
2023,7,Spanish Grand Prix,2023-06-04,Spain,Barcelona,Circuit de Barcelona-Catalunya,sargeant,SAR,2,Logan Sargeant,Williams,20,20,20,Lapped,0.0,0,0
2023,8,Canadian Grand Prix,2023-06-18,Canada,Montreal,Circuit Gilles Villeneuve,max_verstappen,VER,1,Max Verstappen,Red Bull,1,1,1,Finished,25.0,1,1
2023,8,Canadian Grand Prix,2023-06-18,Canada,Montreal,Circuit Gilles Villeneuve,alonso,ALO,14,Fernando Alonso,Aston Martin,2,2,2,Finished,18.0,1,1
2023,8,Canadian Grand Prix,2023-06-18,Canada,Montreal,Circuit Gilles Villeneuve,hamilton,HAM,44,Lewis Hamilton,Mercedes,3,3,3,Finished,15.0,1,1
2023,8,Canadian Grand Prix,2023-06-18,Canada,Montreal,Circuit Gilles Villeneuve,leclerc,LEC,16,Charles Leclerc,Ferrari,10,4,4,Finished,12.0,0,1
2023,8,Canadian Grand Prix,2023-06-18,Canada,Montreal,Circuit Gilles Villeneuve,sainz,SAI,55,Carlos Sainz,Ferrari,11,5,5,Finished,10.0,0,1
2023,8,Canadian Grand Prix,2023-06-18,Canada,Montreal,Circuit Gilles Villeneuve,perez,PER,11,Sergio Pérez,Red Bull,12,6,6,Finished,9.0,0,1
2023,8,Canadian Grand Prix,2023-06-18,Canada,Montreal,Circuit Gilles Villeneuve,albon,ALB,23,Alexander Albon,Williams,9,7,7,Finished,6.0,0,1
2023,8,Canadian Grand Prix,2023-06-18,Canada,Montreal,Circuit Gilles Villeneuve,ocon,OCO,31,Esteban Ocon,Alpine F1 Team,6,8,8,Finished,4.0,0,1
2023,8,Canadian Grand Prix,2023-06-18,Canada,Montreal,Circuit Gilles Villeneuve,stroll,STR,18,Lance Stroll,Aston Martin,16,9,9,Finished,2.0,0,1
2023,8,Canadian Grand Prix,2023-06-18,Canada,Montreal,Circuit Gilles Villeneuve,bottas,BOT,77,Valtteri Bottas,Alfa Romeo,14,10,10,Finished,1.0,0,1
2023,8,Canadian Grand Prix,2023-06-18,Canada,Montreal,Circuit Gilles Villeneuve,piastri,PIA,81,Oscar Piastri,McLaren,8,11,11,Finished,0.0,0,0
2023,8,Canadian Grand Prix,2023-06-18,Canada,Montreal,Circuit Gilles Villeneuve,gasly,GAS,10,Pierre Gasly,Alpine F1 Team,15,12,12,Finished,0.0,0,0
2023,8,Canadian Grand Prix,2023-06-18,Canada,Montreal,Circuit Gilles Villeneuve,norris,NOR,4,Lando Norris,McLaren,7,13,13,Finished,0.0,0,0
2023,8,Canadian Grand Prix,2023-06-18,Canada,Montreal,Circuit Gilles Villeneuve,tsunoda,TSU,22,Yuki Tsunoda,AlphaTauri,19,14,14,Finished,0.0,0,0
2023,8,Canadian Grand Prix,2023-06-18,Canada,Montreal,Circuit Gilles Villeneuve,hulkenberg,HUL,27,Nico Hülkenberg,Haas F1 Team,5,15,15,Lapped,0.0,0,0
2023,8,Canadian Grand Prix,2023-06-18,Canada,Montreal,Circuit Gilles Villeneuve,zhou,ZHO,24,Guanyu Zhou,Alfa Romeo,20,16,16,Lapped,0.0,0,0
2023,8,Canadian Grand Prix,2023-06-18,Canada,Montreal,Circuit Gilles Villeneuve,kevin_magnussen,MAG,20,Kevin Magnussen,Haas F1 Team,13,17,17,Lapped,0.0,0,0
2023,8,Canadian Grand Prix,2023-06-18,Canada,Montreal,Circuit Gilles Villeneuve,de_vries,DEV,21,Nyck de Vries,AlphaTauri,17,18,18,Lapped,0.0,0,0
2023,8,Canadian Grand Prix,2023-06-18,Canada,Montreal,Circuit Gilles Villeneuve,russell,RUS,63,George Russell,Mercedes,4,19,R,Retired,0.0,0,0
2023,8,Canadian Grand Prix,2023-06-18,Canada,Montreal,Circuit Gilles Villeneuve,sargeant,SAR,2,Logan Sargeant,Williams,18,20,R,Retired,0.0,0,0
2023,9,Austrian Grand Prix,2023-07-02,Austria,Spielberg,Red Bull Ring,max_verstappen,VER,1,Max Verstappen,Red Bull,1,1,1,Finished,26.0,1,1
2023,9,Austrian Grand Prix,2023-07-02,Austria,Spielberg,Red Bull Ring,leclerc,LEC,16,Charles Leclerc,Ferrari,2,2,2,Finished,18.0,1,1
2023,9,Austrian Grand Prix,2023-07-02,Austria,Spielberg,Red Bull Ring,perez,PER,11,Sergio Pérez,Red Bull,15,3,3,Finished,15.0,1,1
2023,9,Austrian Grand Prix,2023-07-02,Austria,Spielberg,Red Bull Ring,norris,NOR,4,Lando Norris,McLaren,4,4,4,Finished,12.0,0,1
2023,9,Austrian Grand Prix,2023-07-02,Austria,Spielberg,Red Bull Ring,alonso,ALO,14,Fernando Alonso,Aston Martin,7,5,5,Finished,10.0,0,1
2023,9,Austrian Grand Prix,2023-07-02,Austria,Spielberg,Red Bull Ring,sainz,SAI,55,Carlos Sainz,Ferrari,3,6,6,Finished,8.0,0,1
2023,9,Austrian Grand Prix,2023-07-02,Austria,Spielberg,Red Bull Ring,russell,RUS,63,George Russell,Mercedes,11,7,7,Finished,6.0,0,1
2023,9,Austrian Grand Prix,2023-07-02,Austria,Spielberg,Red Bull Ring,hamilton,HAM,44,Lewis Hamilton,Mercedes,5,8,8,Finished,4.0,0,1
2023,9,Austrian Grand Prix,2023-07-02,Austria,Spielberg,Red Bull Ring,stroll,STR,18,Lance Stroll,Aston Martin,6,9,9,Finished,2.0,0,1
2023,9,Austrian Grand Prix,2023-07-02,Austria,Spielberg,Red Bull Ring,gasly,GAS,10,Pierre Gasly,Alpine F1 Team,9,10,10,Finished,1.0,0,1
2023,9,Austrian Grand Prix,2023-07-02,Austria,Spielberg,Red Bull Ring,albon,ALB,23,Alexander Albon,Williams,10,11,11,Finished,0.0,0,0
2023,9,Austrian Grand Prix,2023-07-02,Austria,Spielberg,Red Bull Ring,zhou,ZHO,24,Guanyu Zhou,Alfa Romeo,17,12,12,Lapped,0.0,0,0
2023,9,Austrian Grand Prix,2023-07-02,Austria,Spielberg,Red Bull Ring,sargeant,SAR,2,Logan Sargeant,Williams,18,13,13,Lapped,0.0,0,0
2023,9,Austrian Grand Prix,2023-07-02,Austria,Spielberg,Red Bull Ring,ocon,OCO,31,Esteban Ocon,Alpine F1 Team,12,14,14,Lapped,0.0,0,0
2023,9,Austrian Grand Prix,2023-07-02,Austria,Spielberg,Red Bull Ring,bottas,BOT,77,Valtteri Bottas,Alfa Romeo,14,15,15,Lapped,0.0,0,0
2023,9,Austrian Grand Prix,2023-07-02,Austria,Spielberg,Red Bull Ring,piastri,PIA,81,Oscar Piastri,McLaren,13,16,16,Lapped,0.0,0,0
2023,9,Austrian Grand Prix,2023-07-02,Austria,Spielberg,Red Bull Ring,de_vries,DEV,21,Nyck de Vries,AlphaTauri,20,17,17,Lapped,0.0,0,0
2023,9,Austrian Grand Prix,2023-07-02,Austria,Spielberg,Red Bull Ring,kevin_magnussen,MAG,20,Kevin Magnussen,Haas F1 Team,19,18,18,Lapped,0.0,0,0
2023,9,Austrian Grand Prix,2023-07-02,Austria,Spielberg,Red Bull Ring,tsunoda,TSU,22,Yuki Tsunoda,AlphaTauri,16,19,19,Lapped,0.0,0,0
2023,9,Austrian Grand Prix,2023-07-02,Austria,Spielberg,Red Bull Ring,hulkenberg,HUL,27,Nico Hülkenberg,Haas F1 Team,8,20,R,Retired,0.0,0,0
2023,10,British Grand Prix,2023-07-09,UK,Silverstone,Silverstone Circuit,max_verstappen,VER,1,Max Verstappen,Red Bull,1,1,1,Finished,26.0,1,1
2023,10,British Grand Prix,2023-07-09,UK,Silverstone,Silverstone Circuit,norris,NOR,4,Lando Norris,McLaren,2,2,2,Finished,18.0,1,1
2023,10,British Grand Prix,2023-07-09,UK,Silverstone,Silverstone Circuit,hamilton,HAM,44,Lewis Hamilton,Mercedes,7,3,3,Finished,15.0,1,1
2023,10,British Grand Prix,2023-07-09,UK,Silverstone,Silverstone Circuit,piastri,PIA,81,Oscar Piastri,McLaren,3,4,4,Finished,12.0,0,1
2023,10,British Grand Prix,2023-07-09,UK,Silverstone,Silverstone Circuit,russell,RUS,63,George Russell,Mercedes,6,5,5,Finished,10.0,0,1
2023,10,British Grand Prix,2023-07-09,UK,Silverstone,Silverstone Circuit,perez,PER,11,Sergio Pérez,Red Bull,15,6,6,Finished,8.0,0,1
2023,10,British Grand Prix,2023-07-09,UK,Silverstone,Silverstone Circuit,alonso,ALO,14,Fernando Alonso,Aston Martin,9,7,7,Finished,6.0,0,1
2023,10,British Grand Prix,2023-07-09,UK,Silverstone,Silverstone Circuit,albon,ALB,23,Alexander Albon,Williams,8,8,8,Finished,4.0,0,1
2023,10,British Grand Prix,2023-07-09,UK,Silverstone,Silverstone Circuit,leclerc,LEC,16,Charles Leclerc,Ferrari,4,9,9,Finished,2.0,0,1
2023,10,British Grand Prix,2023-07-09,UK,Silverstone,Silverstone Circuit,sainz,SAI,55,Carlos Sainz,Ferrari,5,10,10,Finished,1.0,0,1
2023,10,British Grand Prix,2023-07-09,UK,Silverstone,Silverstone Circuit,sargeant,SAR,2,Logan Sargeant,Williams,14,11,11,Finished,0.0,0,0
2023,10,British Grand Prix,2023-07-09,UK,Silverstone,Silverstone Circuit,bottas,BOT,77,Valtteri Bottas,Alfa Romeo,20,12,12,Finished,0.0,0,0
2023,10,British Grand Prix,2023-07-09,UK,Silverstone,Silverstone Circuit,hulkenberg,HUL,27,Nico Hülkenberg,Haas F1 Team,11,13,13,Finished,0.0,0,0
2023,10,British Grand Prix,2023-07-09,UK,Silverstone,Silverstone Circuit,stroll,STR,18,Lance Stroll,Aston Martin,12,14,14,Finished,0.0,0,0
2023,10,British Grand Prix,2023-07-09,UK,Silverstone,Silverstone Circuit,zhou,ZHO,24,Guanyu Zhou,Alfa Romeo,17,15,15,Finished,0.0,0,0
2023,10,British Grand Prix,2023-07-09,UK,Silverstone,Silverstone Circuit,tsunoda,TSU,22,Yuki Tsunoda,AlphaTauri,16,16,16,Finished,0.0,0,0
2023,10,British Grand Prix,2023-07-09,UK,Silverstone,Silverstone Circuit,de_vries,DEV,21,Nyck de Vries,AlphaTauri,18,17,17,Finished,0.0,0,0
2023,10,British Grand Prix,2023-07-09,UK,Silverstone,Silverstone Circuit,gasly,GAS,10,Pierre Gasly,Alpine F1 Team,10,18,18,Retired,0.0,0,0
2023,10,British Grand Prix,2023-07-09,UK,Silverstone,Silverstone Circuit,kevin_magnussen,MAG,20,Kevin Magnussen,Haas F1 Team,19,19,R,Retired,0.0,0,0
2023,10,British Grand Prix,2023-07-09,UK,Silverstone,Silverstone Circuit,ocon,OCO,31,Esteban Ocon,Alpine F1 Team,13,20,R,Retired,0.0,0,0
2023,11,Hungarian Grand Prix,2023-07-23,Hungary,Budapest,Hungaroring,max_verstappen,VER,1,Max Verstappen,Red Bull,2,1,1,Finished,26.0,1,1
2023,11,Hungarian Grand Prix,2023-07-23,Hungary,Budapest,Hungaroring,norris,NOR,4,Lando Norris,McLaren,3,2,2,Finished,18.0,1,1
2023,11,Hungarian Grand Prix,2023-07-23,Hungary,Budapest,Hungaroring,perez,PER,11,Sergio Pérez,Red Bull,9,3,3,Finished,15.0,1,1
2023,11,Hungarian Grand Prix,2023-07-23,Hungary,Budapest,Hungaroring,hamilton,HAM,44,Lewis Hamilton,Mercedes,1,4,4,Finished,12.0,0,1
2023,11,Hungarian Grand Prix,2023-07-23,Hungary,Budapest,Hungaroring,piastri,PIA,81,Oscar Piastri,McLaren,4,5,5,Finished,10.0,0,1
2023,11,Hungarian Grand Prix,2023-07-23,Hungary,Budapest,Hungaroring,russell,RUS,63,George Russell,Mercedes,18,6,6,Finished,8.0,0,1
2023,11,Hungarian Grand Prix,2023-07-23,Hungary,Budapest,Hungaroring,leclerc,LEC,16,Charles Leclerc,Ferrari,6,7,7,Finished,6.0,0,1
2023,11,Hungarian Grand Prix,2023-07-23,Hungary,Budapest,Hungaroring,sainz,SAI,55,Carlos Sainz,Ferrari,11,8,8,Finished,4.0,0,1
2023,11,Hungarian Grand Prix,2023-07-23,Hungary,Budapest,Hungaroring,alonso,ALO,14,Fernando Alonso,Aston Martin,8,9,9,Finished,2.0,0,1
2023,11,Hungarian Grand Prix,2023-07-23,Hungary,Budapest,Hungaroring,stroll,STR,18,Lance Stroll,Aston Martin,14,10,10,Lapped,1.0,0,1
2023,11,Hungarian Grand Prix,2023-07-23,Hungary,Budapest,Hungaroring,albon,ALB,23,Alexander Albon,Williams,16,11,11,Lapped,0.0,0,0
2023,11,Hungarian Grand Prix,2023-07-23,Hungary,Budapest,Hungaroring,bottas,BOT,77,Valtteri Bottas,Alfa Romeo,7,12,12,Lapped,0.0,0,0
2023,11,Hungarian Grand Prix,2023-07-23,Hungary,Budapest,Hungaroring,ricciardo,RIC,3,Daniel Ricciardo,AlphaTauri,13,13,13,Lapped,0.0,0,0
2023,11,Hungarian Grand Prix,2023-07-23,Hungary,Budapest,Hungaroring,hulkenberg,HUL,27,Nico Hülkenberg,Haas F1 Team,10,14,14,Lapped,0.0,0,0
2023,11,Hungarian Grand Prix,2023-07-23,Hungary,Budapest,Hungaroring,tsunoda,TSU,22,Yuki Tsunoda,AlphaTauri,17,15,15,Lapped,0.0,0,0
2023,11,Hungarian Grand Prix,2023-07-23,Hungary,Budapest,Hungaroring,zhou,ZHO,24,Guanyu Zhou,Alfa Romeo,5,16,16,Lapped,0.0,0,0
2023,11,Hungarian Grand Prix,2023-07-23,Hungary,Budapest,Hungaroring,kevin_magnussen,MAG,20,Kevin Magnussen,Haas F1 Team,19,17,17,Lapped,0.0,0,0
2023,11,Hungarian Grand Prix,2023-07-23,Hungary,Budapest,Hungaroring,sargeant,SAR,2,Logan Sargeant,Williams,20,18,18,Retired,0.0,0,0
2023,11,Hungarian Grand Prix,2023-07-23,Hungary,Budapest,Hungaroring,ocon,OCO,31,Esteban Ocon,Alpine F1 Team,12,19,R,Retired,0.0,0,0
2023,11,Hungarian Grand Prix,2023-07-23,Hungary,Budapest,Hungaroring,gasly,GAS,10,Pierre Gasly,Alpine F1 Team,15,20,R,Retired,0.0,0,0
2023,12,Belgian Grand Prix,2023-07-30,Belgium,Spa,Circuit de Spa-Francorchamps,max_verstappen,VER,1,Max Verstappen,Red Bull,6,1,1,Finished,25.0,1,1
2023,12,Belgian Grand Prix,2023-07-30,Belgium,Spa,Circuit de Spa-Francorchamps,perez,PER,11,Sergio Pérez,Red Bull,2,2,2,Finished,18.0,1,1
2023,12,Belgian Grand Prix,2023-07-30,Belgium,Spa,Circuit de Spa-Francorchamps,leclerc,LEC,16,Charles Leclerc,Ferrari,1,3,3,Finished,15.0,1,1
2023,12,Belgian Grand Prix,2023-07-30,Belgium,Spa,Circuit de Spa-Francorchamps,hamilton,HAM,44,Lewis Hamilton,Mercedes,3,4,4,Finished,13.0,0,1
2023,12,Belgian Grand Prix,2023-07-30,Belgium,Spa,Circuit de Spa-Francorchamps,alonso,ALO,14,Fernando Alonso,Aston Martin,9,5,5,Finished,10.0,0,1
2023,12,Belgian Grand Prix,2023-07-30,Belgium,Spa,Circuit de Spa-Francorchamps,russell,RUS,63,George Russell,Mercedes,8,6,6,Finished,8.0,0,1
2023,12,Belgian Grand Prix,2023-07-30,Belgium,Spa,Circuit de Spa-Francorchamps,norris,NOR,4,Lando Norris,McLaren,7,7,7,Finished,6.0,0,1
2023,12,Belgian Grand Prix,2023-07-30,Belgium,Spa,Circuit de Spa-Francorchamps,ocon,OCO,31,Esteban Ocon,Alpine F1 Team,14,8,8,Finished,4.0,0,1
2023,12,Belgian Grand Prix,2023-07-30,Belgium,Spa,Circuit de Spa-Francorchamps,stroll,STR,18,Lance Stroll,Aston Martin,10,9,9,Finished,2.0,0,1
2023,12,Belgian Grand Prix,2023-07-30,Belgium,Spa,Circuit de Spa-Francorchamps,tsunoda,TSU,22,Yuki Tsunoda,AlphaTauri,11,10,10,Finished,1.0,0,1
2023,12,Belgian Grand Prix,2023-07-30,Belgium,Spa,Circuit de Spa-Francorchamps,gasly,GAS,10,Pierre Gasly,Alpine F1 Team,12,11,11,Finished,0.0,0,0
2023,12,Belgian Grand Prix,2023-07-30,Belgium,Spa,Circuit de Spa-Francorchamps,bottas,BOT,77,Valtteri Bottas,Alfa Romeo,13,12,12,Finished,0.0,0,0
2023,12,Belgian Grand Prix,2023-07-30,Belgium,Spa,Circuit de Spa-Francorchamps,zhou,ZHO,24,Guanyu Zhou,Alfa Romeo,17,13,13,Finished,0.0,0,0
2023,12,Belgian Grand Prix,2023-07-30,Belgium,Spa,Circuit de Spa-Francorchamps,albon,ALB,23,Alexander Albon,Williams,15,14,14,Finished,0.0,0,0
2023,12,Belgian Grand Prix,2023-07-30,Belgium,Spa,Circuit de Spa-Francorchamps,kevin_magnussen,MAG,20,Kevin Magnussen,Haas F1 Team,16,15,15,Finished,0.0,0,0
2023,12,Belgian Grand Prix,2023-07-30,Belgium,Spa,Circuit de Spa-Francorchamps,ricciardo,RIC,3,Daniel Ricciardo,AlphaTauri,19,16,16,Finished,0.0,0,0
2023,12,Belgian Grand Prix,2023-07-30,Belgium,Spa,Circuit de Spa-Francorchamps,sargeant,SAR,2,Logan Sargeant,Williams,18,17,17,Finished,0.0,0,0
2023,12,Belgian Grand Prix,2023-07-30,Belgium,Spa,Circuit de Spa-Francorchamps,hulkenberg,HUL,27,Nico Hülkenberg,Haas F1 Team,20,18,18,Finished,0.0,0,0
2023,12,Belgian Grand Prix,2023-07-30,Belgium,Spa,Circuit de Spa-Francorchamps,sainz,SAI,55,Carlos Sainz,Ferrari,4,19,R,Retired,0.0,0,0
2023,12,Belgian Grand Prix,2023-07-30,Belgium,Spa,Circuit de Spa-Francorchamps,piastri,PIA,81,Oscar Piastri,McLaren,5,20,R,Retired,0.0,0,0
2023,13,Dutch Grand Prix,2023-08-27,Netherlands,Zandvoort,Circuit Park Zandvoort,max_verstappen,VER,1,Max Verstappen,Red Bull,1,1,1,Finished,25.0,1,1
2023,13,Dutch Grand Prix,2023-08-27,Netherlands,Zandvoort,Circuit Park Zandvoort,alonso,ALO,14,Fernando Alonso,Aston Martin,5,2,2,Finished,19.0,1,1
2023,13,Dutch Grand Prix,2023-08-27,Netherlands,Zandvoort,Circuit Park Zandvoort,gasly,GAS,10,Pierre Gasly,Alpine F1 Team,12,3,3,Finished,15.0,1,1
2023,13,Dutch Grand Prix,2023-08-27,Netherlands,Zandvoort,Circuit Park Zandvoort,perez,PER,11,Sergio Pérez,Red Bull,7,4,4,Finished,12.0,0,1
2023,13,Dutch Grand Prix,2023-08-27,Netherlands,Zandvoort,Circuit Park Zandvoort,sainz,SAI,55,Carlos Sainz,Ferrari,6,5,5,Finished,10.0,0,1
2023,13,Dutch Grand Prix,2023-08-27,Netherlands,Zandvoort,Circuit Park Zandvoort,hamilton,HAM,44,Lewis Hamilton,Mercedes,13,6,6,Finished,8.0,0,1
2023,13,Dutch Grand Prix,2023-08-27,Netherlands,Zandvoort,Circuit Park Zandvoort,norris,NOR,4,Lando Norris,McLaren,2,7,7,Finished,6.0,0,1
2023,13,Dutch Grand Prix,2023-08-27,Netherlands,Zandvoort,Circuit Park Zandvoort,albon,ALB,23,Alexander Albon,Williams,4,8,8,Finished,4.0,0,1
2023,13,Dutch Grand Prix,2023-08-27,Netherlands,Zandvoort,Circuit Park Zandvoort,piastri,PIA,81,Oscar Piastri,McLaren,8,9,9,Finished,2.0,0,1
2023,13,Dutch Grand Prix,2023-08-27,Netherlands,Zandvoort,Circuit Park Zandvoort,ocon,OCO,31,Esteban Ocon,Alpine F1 Team,16,10,10,Finished,1.0,0,1
2023,13,Dutch Grand Prix,2023-08-27,Netherlands,Zandvoort,Circuit Park Zandvoort,stroll,STR,18,Lance Stroll,Aston Martin,11,11,11,Finished,0.0,0,0
2023,13,Dutch Grand Prix,2023-08-27,Netherlands,Zandvoort,Circuit Park Zandvoort,hulkenberg,HUL,27,Nico Hülkenberg,Haas F1 Team,14,12,12,Finished,0.0,0,0
2023,13,Dutch Grand Prix,2023-08-27,Netherlands,Zandvoort,Circuit Park Zandvoort,lawson,LAW,40,Liam Lawson,AlphaTauri,19,13,13,Finished,0.0,0,0
2023,13,Dutch Grand Prix,2023-08-27,Netherlands,Zandvoort,Circuit Park Zandvoort,bottas,BOT,77,Valtteri Bottas,Alfa Romeo,18,14,14,Finished,0.0,0,0
2023,13,Dutch Grand Prix,2023-08-27,Netherlands,Zandvoort,Circuit Park Zandvoort,tsunoda,TSU,22,Yuki Tsunoda,AlphaTauri,17,15,15,Finished,0.0,0,0
2023,13,Dutch Grand Prix,2023-08-27,Netherlands,Zandvoort,Circuit Park Zandvoort,kevin_magnussen,MAG,20,Kevin Magnussen,Haas F1 Team,0,16,16,Finished,0.0,0,0
2023,13,Dutch Grand Prix,2023-08-27,Netherlands,Zandvoort,Circuit Park Zandvoort,russell,RUS,63,George Russell,Mercedes,3,17,17,Finished,0.0,0,0
2023,13,Dutch Grand Prix,2023-08-27,Netherlands,Zandvoort,Circuit Park Zandvoort,zhou,ZHO,24,Guanyu Zhou,Alfa Romeo,15,18,R,Accident,0.0,0,0
2023,13,Dutch Grand Prix,2023-08-27,Netherlands,Zandvoort,Circuit Park Zandvoort,leclerc,LEC,16,Charles Leclerc,Ferrari,9,19,R,Undertray,0.0,0,0
2023,13,Dutch Grand Prix,2023-08-27,Netherlands,Zandvoort,Circuit Park Zandvoort,sargeant,SAR,2,Logan Sargeant,Williams,10,20,R,Accident,0.0,0,0
2023,14,Italian Grand Prix,2023-09-03,Italy,Monza,Autodromo Nazionale di Monza,max_verstappen,VER,1,Max Verstappen,Red Bull,2,1,1,Finished,25.0,1,1
2023,14,Italian Grand Prix,2023-09-03,Italy,Monza,Autodromo Nazionale di Monza,perez,PER,11,Sergio Pérez,Red Bull,5,2,2,Finished,18.0,1,1
2023,14,Italian Grand Prix,2023-09-03,Italy,Monza,Autodromo Nazionale di Monza,sainz,SAI,55,Carlos Sainz,Ferrari,1,3,3,Finished,15.0,1,1
2023,14,Italian Grand Prix,2023-09-03,Italy,Monza,Autodromo Nazionale di Monza,leclerc,LEC,16,Charles Leclerc,Ferrari,3,4,4,Finished,12.0,0,1
2023,14,Italian Grand Prix,2023-09-03,Italy,Monza,Autodromo Nazionale di Monza,russell,RUS,63,George Russell,Mercedes,4,5,5,Finished,10.0,0,1
2023,14,Italian Grand Prix,2023-09-03,Italy,Monza,Autodromo Nazionale di Monza,hamilton,HAM,44,Lewis Hamilton,Mercedes,8,6,6,Finished,8.0,0,1
2023,14,Italian Grand Prix,2023-09-03,Italy,Monza,Autodromo Nazionale di Monza,albon,ALB,23,Alexander Albon,Williams,6,7,7,Finished,6.0,0,1
2023,14,Italian Grand Prix,2023-09-03,Italy,Monza,Autodromo Nazionale di Monza,norris,NOR,4,Lando Norris,McLaren,9,8,8,Finished,4.0,0,1
2023,14,Italian Grand Prix,2023-09-03,Italy,Monza,Autodromo Nazionale di Monza,alonso,ALO,14,Fernando Alonso,Aston Martin,10,9,9,Finished,2.0,0,1
2023,14,Italian Grand Prix,2023-09-03,Italy,Monza,Autodromo Nazionale di Monza,bottas,BOT,77,Valtteri Bottas,Alfa Romeo,14,10,10,Finished,1.0,0,1
2023,14,Italian Grand Prix,2023-09-03,Italy,Monza,Autodromo Nazionale di Monza,lawson,LAW,40,Liam Lawson,AlphaTauri,12,11,11,Finished,0.0,0,0
2023,14,Italian Grand Prix,2023-09-03,Italy,Monza,Autodromo Nazionale di Monza,piastri,PIA,81,Oscar Piastri,McLaren,7,12,12,Finished,0.0,0,0
2023,14,Italian Grand Prix,2023-09-03,Italy,Monza,Autodromo Nazionale di Monza,sargeant,SAR,2,Logan Sargeant,Williams,15,13,13,Finished,0.0,0,0
2023,14,Italian Grand Prix,2023-09-03,Italy,Monza,Autodromo Nazionale di Monza,zhou,ZHO,24,Guanyu Zhou,Alfa Romeo,16,14,14,Finished,0.0,0,0
2023,14,Italian Grand Prix,2023-09-03,Italy,Monza,Autodromo Nazionale di Monza,gasly,GAS,10,Pierre Gasly,Alpine F1 Team,17,15,15,Finished,0.0,0,0
2023,14,Italian Grand Prix,2023-09-03,Italy,Monza,Autodromo Nazionale di Monza,stroll,STR,18,Lance Stroll,Aston Martin,20,16,16,Finished,0.0,0,0
2023,14,Italian Grand Prix,2023-09-03,Italy,Monza,Autodromo Nazionale di Monza,hulkenberg,HUL,27,Nico Hülkenberg,Haas F1 Team,13,17,17,Lapped,0.0,0,0
2023,14,Italian Grand Prix,2023-09-03,Italy,Monza,Autodromo Nazionale di Monza,kevin_magnussen,MAG,20,Kevin Magnussen,Haas F1 Team,19,18,18,Lapped,0.0,0,0
2023,14,Italian Grand Prix,2023-09-03,Italy,Monza,Autodromo Nazionale di Monza,ocon,OCO,31,Esteban Ocon,Alpine F1 Team,18,19,R,Retired,0.0,0,0
2023,14,Italian Grand Prix,2023-09-03,Italy,Monza,Autodromo Nazionale di Monza,tsunoda,TSU,22,Yuki Tsunoda,AlphaTauri,11,20,W,Did not start,0.0,0,0
2023,15,Singapore Grand Prix,2023-09-17,Singapore,Marina Bay,Marina Bay Street Circuit,sainz,SAI,55,Carlos Sainz,Ferrari,1,1,1,Finished,25.0,1,1
2023,15,Singapore Grand Prix,2023-09-17,Singapore,Marina Bay,Marina Bay Street Circuit,norris,NOR,4,Lando Norris,McLaren,4,2,2,Finished,18.0,1,1
2023,15,Singapore Grand Prix,2023-09-17,Singapore,Marina Bay,Marina Bay Street Circuit,hamilton,HAM,44,Lewis Hamilton,Mercedes,5,3,3,Finished,16.0,1,1
2023,15,Singapore Grand Prix,2023-09-17,Singapore,Marina Bay,Marina Bay Street Circuit,leclerc,LEC,16,Charles Leclerc,Ferrari,3,4,4,Finished,12.0,0,1
2023,15,Singapore Grand Prix,2023-09-17,Singapore,Marina Bay,Marina Bay Street Circuit,max_verstappen,VER,1,Max Verstappen,Red Bull,11,5,5,Finished,10.0,0,1
2023,15,Singapore Grand Prix,2023-09-17,Singapore,Marina Bay,Marina Bay Street Circuit,gasly,GAS,10,Pierre Gasly,Alpine F1 Team,12,6,6,Finished,8.0,0,1
2023,15,Singapore Grand Prix,2023-09-17,Singapore,Marina Bay,Marina Bay Street Circuit,piastri,PIA,81,Oscar Piastri,McLaren,17,7,7,Finished,6.0,0,1
2023,15,Singapore Grand Prix,2023-09-17,Singapore,Marina Bay,Marina Bay Street Circuit,perez,PER,11,Sergio Pérez,Red Bull,13,8,8,Finished,4.0,0,1
2023,15,Singapore Grand Prix,2023-09-17,Singapore,Marina Bay,Marina Bay Street Circuit,lawson,LAW,40,Liam Lawson,AlphaTauri,10,9,9,Finished,2.0,0,1
2023,15,Singapore Grand Prix,2023-09-17,Singapore,Marina Bay,Marina Bay Street Circuit,kevin_magnussen,MAG,20,Kevin Magnussen,Haas F1 Team,6,10,10,Finished,1.0,0,1
2023,15,Singapore Grand Prix,2023-09-17,Singapore,Marina Bay,Marina Bay Street Circuit,albon,ALB,23,Alexander Albon,Williams,14,11,11,Finished,0.0,0,0
2023,15,Singapore Grand Prix,2023-09-17,Singapore,Marina Bay,Marina Bay Street Circuit,zhou,ZHO,24,Guanyu Zhou,Alfa Romeo,19,12,12,Finished,0.0,0,0
2023,15,Singapore Grand Prix,2023-09-17,Singapore,Marina Bay,Marina Bay Street Circuit,hulkenberg,HUL,27,Nico Hülkenberg,Haas F1 Team,9,13,13,Finished,0.0,0,0
2023,15,Singapore Grand Prix,2023-09-17,Singapore,Marina Bay,Marina Bay Street Circuit,sargeant,SAR,2,Logan Sargeant,Williams,18,14,14,Finished,0.0,0,0
2023,15,Singapore Grand Prix,2023-09-17,Singapore,Marina Bay,Marina Bay Street Circuit,alonso,ALO,14,Fernando Alonso,Aston Martin,7,15,15,Finished,0.0,0,0
2023,15,Singapore Grand Prix,2023-09-17,Singapore,Marina Bay,Marina Bay Street Circuit,russell,RUS,63,George Russell,Mercedes,2,16,16,Retired,0.0,0,0
2023,15,Singapore Grand Prix,2023-09-17,Singapore,Marina Bay,Marina Bay Street Circuit,bottas,BOT,77,Valtteri Bottas,Alfa Romeo,16,17,R,Retired,0.0,0,0
2023,15,Singapore Grand Prix,2023-09-17,Singapore,Marina Bay,Marina Bay Street Circuit,ocon,OCO,31,Esteban Ocon,Alpine F1 Team,8,18,R,Retired,0.0,0,0
2023,15,Singapore Grand Prix,2023-09-17,Singapore,Marina Bay,Marina Bay Street Circuit,tsunoda,TSU,22,Yuki Tsunoda,AlphaTauri,15,19,R,Retired,0.0,0,0
2023,15,Singapore Grand Prix,2023-09-17,Singapore,Marina Bay,Marina Bay Street Circuit,stroll,STR,18,Lance Stroll,Aston Martin,0,20,W,Withdrew,0.0,0,0
2023,16,Japanese Grand Prix,2023-09-24,Japan,Suzuka,Suzuka Circuit,max_verstappen,VER,1,Max Verstappen,Red Bull,1,1,1,Finished,26.0,1,1
2023,16,Japanese Grand Prix,2023-09-24,Japan,Suzuka,Suzuka Circuit,norris,NOR,4,Lando Norris,McLaren,3,2,2,Finished,18.0,1,1
2023,16,Japanese Grand Prix,2023-09-24,Japan,Suzuka,Suzuka Circuit,piastri,PIA,81,Oscar Piastri,McLaren,2,3,3,Finished,15.0,1,1
2023,16,Japanese Grand Prix,2023-09-24,Japan,Suzuka,Suzuka Circuit,leclerc,LEC,16,Charles Leclerc,Ferrari,4,4,4,Finished,12.0,0,1
2023,16,Japanese Grand Prix,2023-09-24,Japan,Suzuka,Suzuka Circuit,hamilton,HAM,44,Lewis Hamilton,Mercedes,7,5,5,Finished,10.0,0,1
2023,16,Japanese Grand Prix,2023-09-24,Japan,Suzuka,Suzuka Circuit,sainz,SAI,55,Carlos Sainz,Ferrari,6,6,6,Finished,8.0,0,1
2023,16,Japanese Grand Prix,2023-09-24,Japan,Suzuka,Suzuka Circuit,russell,RUS,63,George Russell,Mercedes,8,7,7,Finished,6.0,0,1
2023,16,Japanese Grand Prix,2023-09-24,Japan,Suzuka,Suzuka Circuit,alonso,ALO,14,Fernando Alonso,Aston Martin,10,8,8,Finished,4.0,0,1
2023,16,Japanese Grand Prix,2023-09-24,Japan,Suzuka,Suzuka Circuit,ocon,OCO,31,Esteban Ocon,Alpine F1 Team,14,9,9,Finished,2.0,0,1
2023,16,Japanese Grand Prix,2023-09-24,Japan,Suzuka,Suzuka Circuit,gasly,GAS,10,Pierre Gasly,Alpine F1 Team,12,10,10,Finished,1.0,0,1
2023,16,Japanese Grand Prix,2023-09-24,Japan,Suzuka,Suzuka Circuit,lawson,LAW,40,Liam Lawson,AlphaTauri,11,11,11,Lapped,0.0,0,0
2023,16,Japanese Grand Prix,2023-09-24,Japan,Suzuka,Suzuka Circuit,tsunoda,TSU,22,Yuki Tsunoda,AlphaTauri,9,12,12,Lapped,0.0,0,0
2023,16,Japanese Grand Prix,2023-09-24,Japan,Suzuka,Suzuka Circuit,zhou,ZHO,24,Guanyu Zhou,Alfa Romeo,19,13,13,Lapped,0.0,0,0
2023,16,Japanese Grand Prix,2023-09-24,Japan,Suzuka,Suzuka Circuit,hulkenberg,HUL,27,Nico Hülkenberg,Haas F1 Team,18,14,14,Lapped,0.0,0,0
2023,16,Japanese Grand Prix,2023-09-24,Japan,Suzuka,Suzuka Circuit,kevin_magnussen,MAG,20,Kevin Magnussen,Haas F1 Team,15,15,15,Lapped,0.0,0,0
2023,16,Japanese Grand Prix,2023-09-24,Japan,Suzuka,Suzuka Circuit,albon,ALB,23,Alexander Albon,Williams,13,16,R,Retired,0.0,0,0
2023,16,Japanese Grand Prix,2023-09-24,Japan,Suzuka,Suzuka Circuit,sargeant,SAR,2,Logan Sargeant,Williams,20,17,R,Retired,0.0,0,0
2023,16,Japanese Grand Prix,2023-09-24,Japan,Suzuka,Suzuka Circuit,stroll,STR,18,Lance Stroll,Aston Martin,17,18,R,Retired,0.0,0,0
2023,16,Japanese Grand Prix,2023-09-24,Japan,Suzuka,Suzuka Circuit,perez,PER,11,Sergio Pérez,Red Bull,5,19,R,Retired,0.0,0,0
2023,16,Japanese Grand Prix,2023-09-24,Japan,Suzuka,Suzuka Circuit,bottas,BOT,77,Valtteri Bottas,Alfa Romeo,16,20,R,Retired,0.0,0,0
2023,17,Qatar Grand Prix,2023-10-08,Qatar,Lusail,Losail International Circuit,max_verstappen,VER,1,Max Verstappen,Red Bull,1,1,1,Finished,26.0,1,1
2023,17,Qatar Grand Prix,2023-10-08,Qatar,Lusail,Losail International Circuit,piastri,PIA,81,Oscar Piastri,McLaren,6,2,2,Finished,18.0,1,1
2023,17,Qatar Grand Prix,2023-10-08,Qatar,Lusail,Losail International Circuit,norris,NOR,4,Lando Norris,McLaren,10,3,3,Finished,15.0,1,1
2023,17,Qatar Grand Prix,2023-10-08,Qatar,Lusail,Losail International Circuit,russell,RUS,63,George Russell,Mercedes,2,4,4,Finished,12.0,0,1
2023,17,Qatar Grand Prix,2023-10-08,Qatar,Lusail,Losail International Circuit,leclerc,LEC,16,Charles Leclerc,Ferrari,5,5,5,Finished,10.0,0,1
2023,17,Qatar Grand Prix,2023-10-08,Qatar,Lusail,Losail International Circuit,alonso,ALO,14,Fernando Alonso,Aston Martin,4,6,6,Finished,8.0,0,1
2023,17,Qatar Grand Prix,2023-10-08,Qatar,Lusail,Losail International Circuit,ocon,OCO,31,Esteban Ocon,Alpine F1 Team,8,7,7,Finished,6.0,0,1
2023,17,Qatar Grand Prix,2023-10-08,Qatar,Lusail,Losail International Circuit,bottas,BOT,77,Valtteri Bottas,Alfa Romeo,9,8,8,Finished,4.0,0,1
2023,17,Qatar Grand Prix,2023-10-08,Qatar,Lusail,Losail International Circuit,zhou,ZHO,24,Guanyu Zhou,Alfa Romeo,19,9,9,Finished,2.0,0,1
2023,17,Qatar Grand Prix,2023-10-08,Qatar,Lusail,Losail International Circuit,perez,PER,11,Sergio Pérez,Red Bull,20,10,10,Finished,1.0,0,1
2023,17,Qatar Grand Prix,2023-10-08,Qatar,Lusail,Losail International Circuit,stroll,STR,18,Lance Stroll,Aston Martin,16,11,11,Finished,0.0,0,0
2023,17,Qatar Grand Prix,2023-10-08,Qatar,Lusail,Losail International Circuit,gasly,GAS,10,Pierre Gasly,Alpine F1 Team,7,12,12,Finished,0.0,0,0
2023,17,Qatar Grand Prix,2023-10-08,Qatar,Lusail,Losail International Circuit,albon,ALB,23,Alexander Albon,Williams,13,13,13,Finished,0.0,0,0
2023,17,Qatar Grand Prix,2023-10-08,Qatar,Lusail,Losail International Circuit,kevin_magnussen,MAG,20,Kevin Magnussen,Haas F1 Team,18,14,14,Lapped,0.0,0,0
2023,17,Qatar Grand Prix,2023-10-08,Qatar,Lusail,Losail International Circuit,tsunoda,TSU,22,Yuki Tsunoda,AlphaTauri,11,15,15,Lapped,0.0,0,0
2023,17,Qatar Grand Prix,2023-10-08,Qatar,Lusail,Losail International Circuit,hulkenberg,HUL,27,Nico Hülkenberg,Haas F1 Team,14,16,16,Lapped,0.0,0,0
2023,17,Qatar Grand Prix,2023-10-08,Qatar,Lusail,Losail International Circuit,lawson,LAW,40,Liam Lawson,AlphaTauri,17,17,17,Lapped,0.0,0,0
2023,17,Qatar Grand Prix,2023-10-08,Qatar,Lusail,Losail International Circuit,sargeant,SAR,2,Logan Sargeant,Williams,15,18,R,Retired,0.0,0,0
2023,17,Qatar Grand Prix,2023-10-08,Qatar,Lusail,Losail International Circuit,hamilton,HAM,44,Lewis Hamilton,Mercedes,3,19,R,Retired,0.0,0,0
2023,17,Qatar Grand Prix,2023-10-08,Qatar,Lusail,Losail International Circuit,sainz,SAI,55,Carlos Sainz,Ferrari,12,20,W,Did not start,0.0,0,0
2023,18,United States Grand Prix,2023-10-22,USA,Austin,Circuit of the Americas,max_verstappen,VER,1,Max Verstappen,Red Bull,6,1,1,Finished,25.0,1,1
2023,18,United States Grand Prix,2023-10-22,USA,Austin,Circuit of the Americas,norris,NOR,4,Lando Norris,McLaren,2,2,2,Finished,18.0,1,1
2023,18,United States Grand Prix,2023-10-22,USA,Austin,Circuit of the Americas,sainz,SAI,55,Carlos Sainz,Ferrari,4,3,3,Finished,15.0,1,1
2023,18,United States Grand Prix,2023-10-22,USA,Austin,Circuit of the Americas,perez,PER,11,Sergio Pérez,Red Bull,9,4,4,Finished,12.0,0,1
2023,18,United States Grand Prix,2023-10-22,USA,Austin,Circuit of the Americas,russell,RUS,63,George Russell,Mercedes,5,5,5,Finished,10.0,0,1
2023,18,United States Grand Prix,2023-10-22,USA,Austin,Circuit of the Americas,gasly,GAS,10,Pierre Gasly,Alpine F1 Team,7,6,6,Finished,8.0,0,1
2023,18,United States Grand Prix,2023-10-22,USA,Austin,Circuit of the Americas,stroll,STR,18,Lance Stroll,Aston Martin,20,7,7,Finished,6.0,0,1
2023,18,United States Grand Prix,2023-10-22,USA,Austin,Circuit of the Americas,tsunoda,TSU,22,Yuki Tsunoda,AlphaTauri,11,8,8,Finished,5.0,0,1
2023,18,United States Grand Prix,2023-10-22,USA,Austin,Circuit of the Americas,albon,ALB,23,Alexander Albon,Williams,15,9,9,Finished,2.0,0,1
2023,18,United States Grand Prix,2023-10-22,USA,Austin,Circuit of the Americas,sargeant,SAR,2,Logan Sargeant,Williams,16,10,10,Finished,1.0,0,1
2023,18,United States Grand Prix,2023-10-22,USA,Austin,Circuit of the Americas,hulkenberg,HUL,27,Nico Hülkenberg,Haas F1 Team,18,11,11,Finished,0.0,0,0
2023,18,United States Grand Prix,2023-10-22,USA,Austin,Circuit of the Americas,bottas,BOT,77,Valtteri Bottas,Alfa Romeo,13,12,12,Finished,0.0,0,0
2023,18,United States Grand Prix,2023-10-22,USA,Austin,Circuit of the Americas,zhou,ZHO,24,Guanyu Zhou,Alfa Romeo,12,13,13,Lapped,0.0,0,0
2023,18,United States Grand Prix,2023-10-22,USA,Austin,Circuit of the Americas,kevin_magnussen,MAG,20,Kevin Magnussen,Haas F1 Team,17,14,14,Lapped,0.0,0,0
2023,18,United States Grand Prix,2023-10-22,USA,Austin,Circuit of the Americas,ricciardo,RIC,3,Daniel Ricciardo,AlphaTauri,14,15,15,Lapped,0.0,0,0
2023,18,United States Grand Prix,2023-10-22,USA,Austin,Circuit of the Americas,alonso,ALO,14,Fernando Alonso,Aston Martin,19,16,R,Retired,0.0,0,0
2023,18,United States Grand Prix,2023-10-22,USA,Austin,Circuit of the Americas,piastri,PIA,81,Oscar Piastri,McLaren,10,17,R,Retired,0.0,0,0
2023,18,United States Grand Prix,2023-10-22,USA,Austin,Circuit of the Americas,ocon,OCO,31,Esteban Ocon,Alpine F1 Team,8,18,R,Retired,0.0,0,0
2023,18,United States Grand Prix,2023-10-22,USA,Austin,Circuit of the Americas,hamilton,HAM,44,Lewis Hamilton,Mercedes,3,19,19,Disqualified,0.0,0,0
2023,18,United States Grand Prix,2023-10-22,USA,Austin,Circuit of the Americas,leclerc,LEC,16,Charles Leclerc,Ferrari,1,20,20,Disqualified,0.0,0,0
2023,19,Mexico City Grand Prix,2023-10-29,Mexico,Mexico City,Autódromo Hermanos Rodríguez,max_verstappen,VER,1,Max Verstappen,Red Bull,3,1,1,Finished,25.0,1,1
2023,19,Mexico City Grand Prix,2023-10-29,Mexico,Mexico City,Autódromo Hermanos Rodríguez,hamilton,HAM,44,Lewis Hamilton,Mercedes,6,2,2,Finished,19.0,1,1
2023,19,Mexico City Grand Prix,2023-10-29,Mexico,Mexico City,Autódromo Hermanos Rodríguez,leclerc,LEC,16,Charles Leclerc,Ferrari,1,3,3,Finished,15.0,1,1
2023,19,Mexico City Grand Prix,2023-10-29,Mexico,Mexico City,Autódromo Hermanos Rodríguez,sainz,SAI,55,Carlos Sainz,Ferrari,2,4,4,Finished,12.0,0,1
2023,19,Mexico City Grand Prix,2023-10-29,Mexico,Mexico City,Autódromo Hermanos Rodríguez,norris,NOR,4,Lando Norris,McLaren,17,5,5,Finished,10.0,0,1
2023,19,Mexico City Grand Prix,2023-10-29,Mexico,Mexico City,Autódromo Hermanos Rodríguez,russell,RUS,63,George Russell,Mercedes,8,6,6,Finished,8.0,0,1
2023,19,Mexico City Grand Prix,2023-10-29,Mexico,Mexico City,Autódromo Hermanos Rodríguez,ricciardo,RIC,3,Daniel Ricciardo,AlphaTauri,4,7,7,Finished,6.0,0,1
2023,19,Mexico City Grand Prix,2023-10-29,Mexico,Mexico City,Autódromo Hermanos Rodríguez,piastri,PIA,81,Oscar Piastri,McLaren,7,8,8,Finished,4.0,0,1
2023,19,Mexico City Grand Prix,2023-10-29,Mexico,Mexico City,Autódromo Hermanos Rodríguez,albon,ALB,23,Alexander Albon,Williams,14,9,9,Finished,2.0,0,1
2023,19,Mexico City Grand Prix,2023-10-29,Mexico,Mexico City,Autódromo Hermanos Rodríguez,ocon,OCO,31,Esteban Ocon,Alpine F1 Team,15,10,10,Finished,1.0,0,1
2023,19,Mexico City Grand Prix,2023-10-29,Mexico,Mexico City,Autódromo Hermanos Rodríguez,gasly,GAS,10,Pierre Gasly,Alpine F1 Team,11,11,11,Finished,0.0,0,0
2023,19,Mexico City Grand Prix,2023-10-29,Mexico,Mexico City,Autódromo Hermanos Rodríguez,tsunoda,TSU,22,Yuki Tsunoda,AlphaTauri,18,12,12,Finished,0.0,0,0
2023,19,Mexico City Grand Prix,2023-10-29,Mexico,Mexico City,Autódromo Hermanos Rodríguez,hulkenberg,HUL,27,Nico Hülkenberg,Haas F1 Team,12,13,13,Finished,0.0,0,0
2023,19,Mexico City Grand Prix,2023-10-29,Mexico,Mexico City,Autódromo Hermanos Rodríguez,zhou,ZHO,24,Guanyu Zhou,Alfa Romeo,10,14,14,Finished,0.0,0,0
2023,19,Mexico City Grand Prix,2023-10-29,Mexico,Mexico City,Autódromo Hermanos Rodríguez,bottas,BOT,77,Valtteri Bottas,Alfa Romeo,9,15,15,Finished,0.0,0,0
2023,19,Mexico City Grand Prix,2023-10-29,Mexico,Mexico City,Autódromo Hermanos Rodríguez,sargeant,SAR,2,Logan Sargeant,Williams,19,16,16,Retired,0.0,0,0
2023,19,Mexico City Grand Prix,2023-10-29,Mexico,Mexico City,Autódromo Hermanos Rodríguez,stroll,STR,18,Lance Stroll,Aston Martin,0,17,17,Collision damage,0.0,0,0
2023,19,Mexico City Grand Prix,2023-10-29,Mexico,Mexico City,Autódromo Hermanos Rodríguez,alonso,ALO,14,Fernando Alonso,Aston Martin,13,18,W,Withdrew,0.0,0,0
2023,19,Mexico City Grand Prix,2023-10-29,Mexico,Mexico City,Autódromo Hermanos Rodríguez,kevin_magnussen,MAG,20,Kevin Magnussen,Haas F1 Team,16,19,R,Accident,0.0,0,0
2023,19,Mexico City Grand Prix,2023-10-29,Mexico,Mexico City,Autódromo Hermanos Rodríguez,perez,PER,11,Sergio Pérez,Red Bull,5,20,R,Collision damage,0.0,0,0
2023,20,São Paulo Grand Prix,2023-11-05,Brazil,São Paulo,Autódromo José Carlos Pace,max_verstappen,VER,1,Max Verstappen,Red Bull,1,1,1,Finished,25.0,1,1
2023,20,São Paulo Grand Prix,2023-11-05,Brazil,São Paulo,Autódromo José Carlos Pace,norris,NOR,4,Lando Norris,McLaren,6,2,2,Finished,19.0,1,1
2023,20,São Paulo Grand Prix,2023-11-05,Brazil,São Paulo,Autódromo José Carlos Pace,alonso,ALO,14,Fernando Alonso,Aston Martin,4,3,3,Finished,15.0,1,1
2023,20,São Paulo Grand Prix,2023-11-05,Brazil,São Paulo,Autódromo José Carlos Pace,perez,PER,11,Sergio Pérez,Red Bull,9,4,4,Finished,12.0,0,1
2023,20,São Paulo Grand Prix,2023-11-05,Brazil,São Paulo,Autódromo José Carlos Pace,stroll,STR,18,Lance Stroll,Aston Martin,3,5,5,Finished,10.0,0,1
2023,20,São Paulo Grand Prix,2023-11-05,Brazil,São Paulo,Autódromo José Carlos Pace,sainz,SAI,55,Carlos Sainz,Ferrari,7,6,6,Finished,8.0,0,1
2023,20,São Paulo Grand Prix,2023-11-05,Brazil,São Paulo,Autódromo José Carlos Pace,gasly,GAS,10,Pierre Gasly,Alpine F1 Team,15,7,7,Finished,6.0,0,1
2023,20,São Paulo Grand Prix,2023-11-05,Brazil,São Paulo,Autódromo José Carlos Pace,hamilton,HAM,44,Lewis Hamilton,Mercedes,5,8,8,Finished,4.0,0,1
2023,20,São Paulo Grand Prix,2023-11-05,Brazil,São Paulo,Autódromo José Carlos Pace,tsunoda,TSU,22,Yuki Tsunoda,AlphaTauri,16,9,9,Finished,2.0,0,1
2023,20,São Paulo Grand Prix,2023-11-05,Brazil,São Paulo,Autódromo José Carlos Pace,ocon,OCO,31,Esteban Ocon,Alpine F1 Team,14,10,10,Lapped,1.0,0,1
2023,20,São Paulo Grand Prix,2023-11-05,Brazil,São Paulo,Autódromo José Carlos Pace,sargeant,SAR,2,Logan Sargeant,Williams,19,11,11,Lapped,0.0,0,0
2023,20,São Paulo Grand Prix,2023-11-05,Brazil,São Paulo,Autódromo José Carlos Pace,hulkenberg,HUL,27,Nico Hülkenberg,Haas F1 Team,11,12,12,Lapped,0.0,0,0
2023,20,São Paulo Grand Prix,2023-11-05,Brazil,São Paulo,Autódromo José Carlos Pace,ricciardo,RIC,3,Daniel Ricciardo,AlphaTauri,17,13,13,Lapped,0.0,0,0
2023,20,São Paulo Grand Prix,2023-11-05,Brazil,São Paulo,Autódromo José Carlos Pace,piastri,PIA,81,Oscar Piastri,McLaren,10,14,14,Lapped,0.0,0,0
2023,20,São Paulo Grand Prix,2023-11-05,Brazil,São Paulo,Autódromo José Carlos Pace,russell,RUS,63,George Russell,Mercedes,8,15,R,Retired,0.0,0,0
2023,20,São Paulo Grand Prix,2023-11-05,Brazil,São Paulo,Autódromo José Carlos Pace,bottas,BOT,77,Valtteri Bottas,Alfa Romeo,18,16,R,Retired,0.0,0,0
2023,20,São Paulo Grand Prix,2023-11-05,Brazil,São Paulo,Autódromo José Carlos Pace,zhou,ZHO,24,Guanyu Zhou,Alfa Romeo,20,17,R,Retired,0.0,0,0
2023,20,São Paulo Grand Prix,2023-11-05,Brazil,São Paulo,Autódromo José Carlos Pace,kevin_magnussen,MAG,20,Kevin Magnussen,Haas F1 Team,12,18,R,Retired,0.0,0,0
2023,20,São Paulo Grand Prix,2023-11-05,Brazil,São Paulo,Autódromo José Carlos Pace,albon,ALB,23,Alexander Albon,Williams,13,19,R,Retired,0.0,0,0
2023,20,São Paulo Grand Prix,2023-11-05,Brazil,São Paulo,Autódromo José Carlos Pace,leclerc,LEC,16,Charles Leclerc,Ferrari,2,20,W,Did not start,0.0,0,0
2023,21,Las Vegas Grand Prix,2023-11-19,USA,Las Vegas,Las Vegas Strip Street Circuit,max_verstappen,VER,1,Max Verstappen,Red Bull,2,1,1,Finished,25.0,1,1
2023,21,Las Vegas Grand Prix,2023-11-19,USA,Las Vegas,Las Vegas Strip Street Circuit,leclerc,LEC,16,Charles Leclerc,Ferrari,1,2,2,Finished,18.0,1,1
2023,21,Las Vegas Grand Prix,2023-11-19,USA,Las Vegas,Las Vegas Strip Street Circuit,perez,PER,11,Sergio Pérez,Red Bull,11,3,3,Finished,15.0,1,1
2023,21,Las Vegas Grand Prix,2023-11-19,USA,Las Vegas,Las Vegas Strip Street Circuit,ocon,OCO,31,Esteban Ocon,Alpine F1 Team,16,4,4,Finished,12.0,0,1
2023,21,Las Vegas Grand Prix,2023-11-19,USA,Las Vegas,Las Vegas Strip Street Circuit,stroll,STR,18,Lance Stroll,Aston Martin,19,5,5,Finished,10.0,0,1
2023,21,Las Vegas Grand Prix,2023-11-19,USA,Las Vegas,Las Vegas Strip Street Circuit,sainz,SAI,55,Carlos Sainz,Ferrari,12,6,6,Finished,8.0,0,1
2023,21,Las Vegas Grand Prix,2023-11-19,USA,Las Vegas,Las Vegas Strip Street Circuit,hamilton,HAM,44,Lewis Hamilton,Mercedes,10,7,7,Finished,6.0,0,1
2023,21,Las Vegas Grand Prix,2023-11-19,USA,Las Vegas,Las Vegas Strip Street Circuit,russell,RUS,63,George Russell,Mercedes,3,8,8,Finished,4.0,0,1
2023,21,Las Vegas Grand Prix,2023-11-19,USA,Las Vegas,Las Vegas Strip Street Circuit,alonso,ALO,14,Fernando Alonso,Aston Martin,9,9,9,Finished,2.0,0,1
2023,21,Las Vegas Grand Prix,2023-11-19,USA,Las Vegas,Las Vegas Strip Street Circuit,piastri,PIA,81,Oscar Piastri,McLaren,18,10,10,Finished,2.0,0,1
2023,21,Las Vegas Grand Prix,2023-11-19,USA,Las Vegas,Las Vegas Strip Street Circuit,gasly,GAS,10,Pierre Gasly,Alpine F1 Team,4,11,11,Finished,0.0,0,0
2023,21,Las Vegas Grand Prix,2023-11-19,USA,Las Vegas,Las Vegas Strip Street Circuit,albon,ALB,23,Alexander Albon,Williams,5,12,12,Finished,0.0,0,0
2023,21,Las Vegas Grand Prix,2023-11-19,USA,Las Vegas,Las Vegas Strip Street Circuit,kevin_magnussen,MAG,20,Kevin Magnussen,Haas F1 Team,8,13,13,Finished,0.0,0,0
2023,21,Las Vegas Grand Prix,2023-11-19,USA,Las Vegas,Las Vegas Strip Street Circuit,ricciardo,RIC,3,Daniel Ricciardo,AlphaTauri,14,14,14,Finished,0.0,0,0
2023,21,Las Vegas Grand Prix,2023-11-19,USA,Las Vegas,Las Vegas Strip Street Circuit,zhou,ZHO,24,Guanyu Zhou,Alfa Romeo,17,15,15,Finished,0.0,0,0
2023,21,Las Vegas Grand Prix,2023-11-19,USA,Las Vegas,Las Vegas Strip Street Circuit,sargeant,SAR,2,Logan Sargeant,Williams,6,16,16,Finished,0.0,0,0
2023,21,Las Vegas Grand Prix,2023-11-19,USA,Las Vegas,Las Vegas Strip Street Circuit,bottas,BOT,77,Valtteri Bottas,Alfa Romeo,7,17,17,Finished,0.0,0,0
2023,21,Las Vegas Grand Prix,2023-11-19,USA,Las Vegas,Las Vegas Strip Street Circuit,tsunoda,TSU,22,Yuki Tsunoda,AlphaTauri,20,18,18,Retired,0.0,0,0
2023,21,Las Vegas Grand Prix,2023-11-19,USA,Las Vegas,Las Vegas Strip Street Circuit,hulkenberg,HUL,27,Nico Hülkenberg,Haas F1 Team,13,19,19,Retired,0.0,0,0
2023,21,Las Vegas Grand Prix,2023-11-19,USA,Las Vegas,Las Vegas Strip Street Circuit,norris,NOR,4,Lando Norris,McLaren,15,20,R,Retired,0.0,0,0
2023,22,Abu Dhabi Grand Prix,2023-11-26,UAE,Abu Dhabi,Yas Marina Circuit,max_verstappen,VER,1,Max Verstappen,Red Bull,1,1,1,Finished,26.0,1,1
2023,22,Abu Dhabi Grand Prix,2023-11-26,UAE,Abu Dhabi,Yas Marina Circuit,leclerc,LEC,16,Charles Leclerc,Ferrari,2,2,2,Finished,18.0,1,1
2023,22,Abu Dhabi Grand Prix,2023-11-26,UAE,Abu Dhabi,Yas Marina Circuit,russell,RUS,63,George Russell,Mercedes,4,3,3,Finished,15.0,1,1
2023,22,Abu Dhabi Grand Prix,2023-11-26,UAE,Abu Dhabi,Yas Marina Circuit,perez,PER,11,Sergio Pérez,Red Bull,9,4,4,Finished,12.0,0,1
2023,22,Abu Dhabi Grand Prix,2023-11-26,UAE,Abu Dhabi,Yas Marina Circuit,norris,NOR,4,Lando Norris,McLaren,5,5,5,Finished,10.0,0,1
2023,22,Abu Dhabi Grand Prix,2023-11-26,UAE,Abu Dhabi,Yas Marina Circuit,piastri,PIA,81,Oscar Piastri,McLaren,3,6,6,Finished,8.0,0,1
2023,22,Abu Dhabi Grand Prix,2023-11-26,UAE,Abu Dhabi,Yas Marina Circuit,alonso,ALO,14,Fernando Alonso,Aston Martin,7,7,7,Finished,6.0,0,1
2023,22,Abu Dhabi Grand Prix,2023-11-26,UAE,Abu Dhabi,Yas Marina Circuit,tsunoda,TSU,22,Yuki Tsunoda,AlphaTauri,6,8,8,Finished,4.0,0,1
2023,22,Abu Dhabi Grand Prix,2023-11-26,UAE,Abu Dhabi,Yas Marina Circuit,hamilton,HAM,44,Lewis Hamilton,Mercedes,11,9,9,Finished,2.0,0,1
2023,22,Abu Dhabi Grand Prix,2023-11-26,UAE,Abu Dhabi,Yas Marina Circuit,stroll,STR,18,Lance Stroll,Aston Martin,13,10,10,Finished,1.0,0,1
2023,22,Abu Dhabi Grand Prix,2023-11-26,UAE,Abu Dhabi,Yas Marina Circuit,ricciardo,RIC,3,Daniel Ricciardo,AlphaTauri,15,11,11,Finished,0.0,0,0
2023,22,Abu Dhabi Grand Prix,2023-11-26,UAE,Abu Dhabi,Yas Marina Circuit,ocon,OCO,31,Esteban Ocon,Alpine F1 Team,12,12,12,Finished,0.0,0,0
2023,22,Abu Dhabi Grand Prix,2023-11-26,UAE,Abu Dhabi,Yas Marina Circuit,gasly,GAS,10,Pierre Gasly,Alpine F1 Team,10,13,13,Finished,0.0,0,0
2023,22,Abu Dhabi Grand Prix,2023-11-26,UAE,Abu Dhabi,Yas Marina Circuit,albon,ALB,23,Alexander Albon,Williams,14,14,14,Finished,0.0,0,0
2023,22,Abu Dhabi Grand Prix,2023-11-26,UAE,Abu Dhabi,Yas Marina Circuit,hulkenberg,HUL,27,Nico Hülkenberg,Haas F1 Team,8,15,15,Finished,0.0,0,0
2023,22,Abu Dhabi Grand Prix,2023-11-26,UAE,Abu Dhabi,Yas Marina Circuit,sargeant,SAR,2,Logan Sargeant,Williams,20,16,16,Finished,0.0,0,0
2023,22,Abu Dhabi Grand Prix,2023-11-26,UAE,Abu Dhabi,Yas Marina Circuit,zhou,ZHO,24,Guanyu Zhou,Alfa Romeo,19,17,17,Finished,0.0,0,0
2023,22,Abu Dhabi Grand Prix,2023-11-26,UAE,Abu Dhabi,Yas Marina Circuit,sainz,SAI,55,Carlos Sainz,Ferrari,16,18,18,Retired,0.0,0,0
2023,22,Abu Dhabi Grand Prix,2023-11-26,UAE,Abu Dhabi,Yas Marina Circuit,bottas,BOT,77,Valtteri Bottas,Alfa Romeo,18,19,19,Lapped,0.0,0,0
2023,22,Abu Dhabi Grand Prix,2023-11-26,UAE,Abu Dhabi,Yas Marina Circuit,kevin_magnussen,MAG,20,Kevin Magnussen,Haas F1 Team,17,20,20,Lapped,0.0,0,0
2024,1,Bahrain Grand Prix,2024-03-02,Bahrain,Sakhir,Bahrain International Circuit,max_verstappen,VER,1,Max Verstappen,Red Bull,1,1,1,Finished,26.0,1,1
2024,1,Bahrain Grand Prix,2024-03-02,Bahrain,Sakhir,Bahrain International Circuit,perez,PER,11,Sergio Pérez,Red Bull,5,2,2,Finished,18.0,1,1
2024,1,Bahrain Grand Prix,2024-03-02,Bahrain,Sakhir,Bahrain International Circuit,sainz,SAI,55,Carlos Sainz,Ferrari,4,3,3,Finished,15.0,1,1
2024,1,Bahrain Grand Prix,2024-03-02,Bahrain,Sakhir,Bahrain International Circuit,leclerc,LEC,16,Charles Leclerc,Ferrari,2,4,4,Finished,12.0,0,1
2024,1,Bahrain Grand Prix,2024-03-02,Bahrain,Sakhir,Bahrain International Circuit,russell,RUS,63,George Russell,Mercedes,3,5,5,Finished,10.0,0,1
2024,1,Bahrain Grand Prix,2024-03-02,Bahrain,Sakhir,Bahrain International Circuit,norris,NOR,4,Lando Norris,McLaren,7,6,6,Finished,8.0,0,1
2024,1,Bahrain Grand Prix,2024-03-02,Bahrain,Sakhir,Bahrain International Circuit,hamilton,HAM,44,Lewis Hamilton,Mercedes,9,7,7,Finished,6.0,0,1
2024,1,Bahrain Grand Prix,2024-03-02,Bahrain,Sakhir,Bahrain International Circuit,piastri,PIA,81,Oscar Piastri,McLaren,8,8,8,Finished,4.0,0,1
2024,1,Bahrain Grand Prix,2024-03-02,Bahrain,Sakhir,Bahrain International Circuit,alonso,ALO,14,Fernando Alonso,Aston Martin,6,9,9,Finished,2.0,0,1
2024,1,Bahrain Grand Prix,2024-03-02,Bahrain,Sakhir,Bahrain International Circuit,stroll,STR,18,Lance Stroll,Aston Martin,12,10,10,Finished,1.0,0,1
2024,1,Bahrain Grand Prix,2024-03-02,Bahrain,Sakhir,Bahrain International Circuit,zhou,ZHO,24,Guanyu Zhou,Sauber,17,11,11,Lapped,0.0,0,0
2024,1,Bahrain Grand Prix,2024-03-02,Bahrain,Sakhir,Bahrain International Circuit,kevin_magnussen,MAG,20,Kevin Magnussen,Haas F1 Team,15,12,12,Lapped,0.0,0,0
2024,1,Bahrain Grand Prix,2024-03-02,Bahrain,Sakhir,Bahrain International Circuit,ricciardo,RIC,3,Daniel Ricciardo,RB F1 Team,14,13,13,Lapped,0.0,0,0
2024,1,Bahrain Grand Prix,2024-03-02,Bahrain,Sakhir,Bahrain International Circuit,tsunoda,TSU,22,Yuki Tsunoda,RB F1 Team,11,14,14,Lapped,0.0,0,0
2024,1,Bahrain Grand Prix,2024-03-02,Bahrain,Sakhir,Bahrain International Circuit,albon,ALB,23,Alexander Albon,Williams,13,15,15,Lapped,0.0,0,0
2024,1,Bahrain Grand Prix,2024-03-02,Bahrain,Sakhir,Bahrain International Circuit,hulkenberg,HUL,27,Nico Hülkenberg,Haas F1 Team,10,16,16,Lapped,0.0,0,0
2024,1,Bahrain Grand Prix,2024-03-02,Bahrain,Sakhir,Bahrain International Circuit,ocon,OCO,31,Esteban Ocon,Alpine F1 Team,19,17,17,Lapped,0.0,0,0
2024,1,Bahrain Grand Prix,2024-03-02,Bahrain,Sakhir,Bahrain International Circuit,gasly,GAS,10,Pierre Gasly,Alpine F1 Team,20,18,18,Lapped,0.0,0,0
2024,1,Bahrain Grand Prix,2024-03-02,Bahrain,Sakhir,Bahrain International Circuit,bottas,BOT,77,Valtteri Bottas,Sauber,16,19,19,Lapped,0.0,0,0
2024,1,Bahrain Grand Prix,2024-03-02,Bahrain,Sakhir,Bahrain International Circuit,sargeant,SAR,2,Logan Sargeant,Williams,18,20,20,Lapped,0.0,0,0
2024,2,Saudi Arabian Grand Prix,2024-03-09,Saudi Arabia,Jeddah,Jeddah Corniche Circuit,max_verstappen,VER,1,Max Verstappen,Red Bull,1,1,1,Finished,25.0,1,1
2024,2,Saudi Arabian Grand Prix,2024-03-09,Saudi Arabia,Jeddah,Jeddah Corniche Circuit,perez,PER,11,Sergio Pérez,Red Bull,3,2,2,Finished,18.0,1,1
2024,2,Saudi Arabian Grand Prix,2024-03-09,Saudi Arabia,Jeddah,Jeddah Corniche Circuit,leclerc,LEC,16,Charles Leclerc,Ferrari,2,3,3,Finished,16.0,1,1
2024,2,Saudi Arabian Grand Prix,2024-03-09,Saudi Arabia,Jeddah,Jeddah Corniche Circuit,piastri,PIA,81,Oscar Piastri,McLaren,5,4,4,Finished,12.0,0,1
2024,2,Saudi Arabian Grand Prix,2024-03-09,Saudi Arabia,Jeddah,Jeddah Corniche Circuit,alonso,ALO,14,Fernando Alonso,Aston Martin,4,5,5,Finished,10.0,0,1
2024,2,Saudi Arabian Grand Prix,2024-03-09,Saudi Arabia,Jeddah,Jeddah Corniche Circuit,russell,RUS,63,George Russell,Mercedes,7,6,6,Finished,8.0,0,1
2024,2,Saudi Arabian Grand Prix,2024-03-09,Saudi Arabia,Jeddah,Jeddah Corniche Circuit,bearman,BEA,38,Oliver Bearman,Ferrari,11,7,7,Finished,6.0,0,1
2024,2,Saudi Arabian Grand Prix,2024-03-09,Saudi Arabia,Jeddah,Jeddah Corniche Circuit,norris,NOR,4,Lando Norris,McLaren,6,8,8,Finished,4.0,0,1
2024,2,Saudi Arabian Grand Prix,2024-03-09,Saudi Arabia,Jeddah,Jeddah Corniche Circuit,hamilton,HAM,44,Lewis Hamilton,Mercedes,8,9,9,Finished,2.0,0,1
2024,2,Saudi Arabian Grand Prix,2024-03-09,Saudi Arabia,Jeddah,Jeddah Corniche Circuit,hulkenberg,HUL,27,Nico Hülkenberg,Haas F1 Team,15,10,10,Finished,1.0,0,1
2024,2,Saudi Arabian Grand Prix,2024-03-09,Saudi Arabia,Jeddah,Jeddah Corniche Circuit,albon,ALB,23,Alexander Albon,Williams,12,11,11,Finished,0.0,0,0
2024,2,Saudi Arabian Grand Prix,2024-03-09,Saudi Arabia,Jeddah,Jeddah Corniche Circuit,kevin_magnussen,MAG,20,Kevin Magnussen,Haas F1 Team,13,12,12,Finished,0.0,0,0
2024,2,Saudi Arabian Grand Prix,2024-03-09,Saudi Arabia,Jeddah,Jeddah Corniche Circuit,ocon,OCO,31,Esteban Ocon,Alpine F1 Team,17,13,13,Lapped,0.0,0,0
2024,2,Saudi Arabian Grand Prix,2024-03-09,Saudi Arabia,Jeddah,Jeddah Corniche Circuit,sargeant,SAR,2,Logan Sargeant,Williams,19,14,14,Lapped,0.0,0,0
2024,2,Saudi Arabian Grand Prix,2024-03-09,Saudi Arabia,Jeddah,Jeddah Corniche Circuit,tsunoda,TSU,22,Yuki Tsunoda,RB F1 Team,9,15,15,Lapped,0.0,0,0
2024,2,Saudi Arabian Grand Prix,2024-03-09,Saudi Arabia,Jeddah,Jeddah Corniche Circuit,ricciardo,RIC,3,Daniel Ricciardo,RB F1 Team,14,16,16,Lapped,0.0,0,0
2024,2,Saudi Arabian Grand Prix,2024-03-09,Saudi Arabia,Jeddah,Jeddah Corniche Circuit,bottas,BOT,77,Valtteri Bottas,Sauber,16,17,17,Lapped,0.0,0,0
2024,2,Saudi Arabian Grand Prix,2024-03-09,Saudi Arabia,Jeddah,Jeddah Corniche Circuit,zhou,ZHO,24,Guanyu Zhou,Sauber,20,18,18,Lapped,0.0,0,0
2024,2,Saudi Arabian Grand Prix,2024-03-09,Saudi Arabia,Jeddah,Jeddah Corniche Circuit,stroll,STR,18,Lance Stroll,Aston Martin,10,19,R,Retired,0.0,0,0
2024,2,Saudi Arabian Grand Prix,2024-03-09,Saudi Arabia,Jeddah,Jeddah Corniche Circuit,gasly,GAS,10,Pierre Gasly,Alpine F1 Team,18,20,R,Retired,0.0,0,0
2024,3,Australian Grand Prix,2024-03-24,Australia,Melbourne,Albert Park Grand Prix Circuit,sainz,SAI,55,Carlos Sainz,Ferrari,2,1,1,Finished,25.0,1,1
2024,3,Australian Grand Prix,2024-03-24,Australia,Melbourne,Albert Park Grand Prix Circuit,leclerc,LEC,16,Charles Leclerc,Ferrari,4,2,2,Finished,19.0,1,1
2024,3,Australian Grand Prix,2024-03-24,Australia,Melbourne,Albert Park Grand Prix Circuit,norris,NOR,4,Lando Norris,McLaren,3,3,3,Finished,15.0,1,1
2024,3,Australian Grand Prix,2024-03-24,Australia,Melbourne,Albert Park Grand Prix Circuit,piastri,PIA,81,Oscar Piastri,McLaren,5,4,4,Finished,12.0,0,1
2024,3,Australian Grand Prix,2024-03-24,Australia,Melbourne,Albert Park Grand Prix Circuit,perez,PER,11,Sergio Pérez,Red Bull,6,5,5,Finished,10.0,0,1
2024,3,Australian Grand Prix,2024-03-24,Australia,Melbourne,Albert Park Grand Prix Circuit,stroll,STR,18,Lance Stroll,Aston Martin,9,6,6,Finished,8.0,0,1
2024,3,Australian Grand Prix,2024-03-24,Australia,Melbourne,Albert Park Grand Prix Circuit,tsunoda,TSU,22,Yuki Tsunoda,RB F1 Team,8,7,7,Finished,6.0,0,1
2024,3,Australian Grand Prix,2024-03-24,Australia,Melbourne,Albert Park Grand Prix Circuit,alonso,ALO,14,Fernando Alonso,Aston Martin,10,8,8,Finished,4.0,0,1
2024,3,Australian Grand Prix,2024-03-24,Australia,Melbourne,Albert Park Grand Prix Circuit,hulkenberg,HUL,27,Nico Hülkenberg,Haas F1 Team,16,9,9,Finished,2.0,0,1
2024,3,Australian Grand Prix,2024-03-24,Australia,Melbourne,Albert Park Grand Prix Circuit,kevin_magnussen,MAG,20,Kevin Magnussen,Haas F1 Team,14,10,10,Lapped,1.0,0,1
2024,3,Australian Grand Prix,2024-03-24,Australia,Melbourne,Albert Park Grand Prix Circuit,albon,ALB,23,Alexander Albon,Williams,12,11,11,Lapped,0.0,0,0
2024,3,Australian Grand Prix,2024-03-24,Australia,Melbourne,Albert Park Grand Prix Circuit,ricciardo,RIC,3,Daniel Ricciardo,RB F1 Team,18,12,12,Lapped,0.0,0,0
2024,3,Australian Grand Prix,2024-03-24,Australia,Melbourne,Albert Park Grand Prix Circuit,gasly,GAS,10,Pierre Gasly,Alpine F1 Team,17,13,13,Lapped,0.0,0,0
2024,3,Australian Grand Prix,2024-03-24,Australia,Melbourne,Albert Park Grand Prix Circuit,bottas,BOT,77,Valtteri Bottas,Sauber,13,14,14,Lapped,0.0,0,0
2024,3,Australian Grand Prix,2024-03-24,Australia,Melbourne,Albert Park Grand Prix Circuit,zhou,ZHO,24,Guanyu Zhou,Sauber,19,15,15,Lapped,0.0,0,0
2024,3,Australian Grand Prix,2024-03-24,Australia,Melbourne,Albert Park Grand Prix Circuit,ocon,OCO,31,Esteban Ocon,Alpine F1 Team,15,16,16,Lapped,0.0,0,0
2024,3,Australian Grand Prix,2024-03-24,Australia,Melbourne,Albert Park Grand Prix Circuit,russell,RUS,63,George Russell,Mercedes,7,17,17,Retired,0.0,0,0
2024,3,Australian Grand Prix,2024-03-24,Australia,Melbourne,Albert Park Grand Prix Circuit,hamilton,HAM,44,Lewis Hamilton,Mercedes,11,18,R,Retired,0.0,0,0
2024,3,Australian Grand Prix,2024-03-24,Australia,Melbourne,Albert Park Grand Prix Circuit,max_verstappen,VER,1,Max Verstappen,Red Bull,1,19,R,Retired,0.0,0,0
2024,4,Japanese Grand Prix,2024-04-07,Japan,Suzuka,Suzuka Circuit,max_verstappen,VER,1,Max Verstappen,Red Bull,1,1,1,Finished,26.0,1,1
2024,4,Japanese Grand Prix,2024-04-07,Japan,Suzuka,Suzuka Circuit,perez,PER,11,Sergio Pérez,Red Bull,2,2,2,Finished,18.0,1,1
2024,4,Japanese Grand Prix,2024-04-07,Japan,Suzuka,Suzuka Circuit,sainz,SAI,55,Carlos Sainz,Ferrari,4,3,3,Finished,15.0,1,1
2024,4,Japanese Grand Prix,2024-04-07,Japan,Suzuka,Suzuka Circuit,leclerc,LEC,16,Charles Leclerc,Ferrari,8,4,4,Finished,12.0,0,1
2024,4,Japanese Grand Prix,2024-04-07,Japan,Suzuka,Suzuka Circuit,norris,NOR,4,Lando Norris,McLaren,3,5,5,Finished,10.0,0,1
2024,4,Japanese Grand Prix,2024-04-07,Japan,Suzuka,Suzuka Circuit,alonso,ALO,14,Fernando Alonso,Aston Martin,5,6,6,Finished,8.0,0,1
2024,4,Japanese Grand Prix,2024-04-07,Japan,Suzuka,Suzuka Circuit,russell,RUS,63,George Russell,Mercedes,9,7,7,Finished,6.0,0,1
2024,4,Japanese Grand Prix,2024-04-07,Japan,Suzuka,Suzuka Circuit,piastri,PIA,81,Oscar Piastri,McLaren,6,8,8,Finished,4.0,0,1
2024,4,Japanese Grand Prix,2024-04-07,Japan,Suzuka,Suzuka Circuit,hamilton,HAM,44,Lewis Hamilton,Mercedes,7,9,9,Finished,2.0,0,1
2024,4,Japanese Grand Prix,2024-04-07,Japan,Suzuka,Suzuka Circuit,tsunoda,TSU,22,Yuki Tsunoda,RB F1 Team,10,10,10,Lapped,1.0,0,1
2024,4,Japanese Grand Prix,2024-04-07,Japan,Suzuka,Suzuka Circuit,hulkenberg,HUL,27,Nico Hülkenberg,Haas F1 Team,12,11,11,Lapped,0.0,0,0
2024,4,Japanese Grand Prix,2024-04-07,Japan,Suzuka,Suzuka Circuit,stroll,STR,18,Lance Stroll,Aston Martin,16,12,12,Lapped,0.0,0,0
2024,4,Japanese Grand Prix,2024-04-07,Japan,Suzuka,Suzuka Circuit,kevin_magnussen,MAG,20,Kevin Magnussen,Haas F1 Team,18,13,13,Lapped,0.0,0,0
2024,4,Japanese Grand Prix,2024-04-07,Japan,Suzuka,Suzuka Circuit,bottas,BOT,77,Valtteri Bottas,Sauber,13,14,14,Lapped,0.0,0,0
2024,4,Japanese Grand Prix,2024-04-07,Japan,Suzuka,Suzuka Circuit,ocon,OCO,31,Esteban Ocon,Alpine F1 Team,15,15,15,Lapped,0.0,0,0
2024,4,Japanese Grand Prix,2024-04-07,Japan,Suzuka,Suzuka Circuit,gasly,GAS,10,Pierre Gasly,Alpine F1 Team,17,16,16,Lapped,0.0,0,0
2024,4,Japanese Grand Prix,2024-04-07,Japan,Suzuka,Suzuka Circuit,sargeant,SAR,2,Logan Sargeant,Williams,19,17,17,Lapped,0.0,0,0
2024,4,Japanese Grand Prix,2024-04-07,Japan,Suzuka,Suzuka Circuit,zhou,ZHO,24,Guanyu Zhou,Sauber,20,18,R,Retired,0.0,0,0
2024,4,Japanese Grand Prix,2024-04-07,Japan,Suzuka,Suzuka Circuit,ricciardo,RIC,3,Daniel Ricciardo,RB F1 Team,11,19,R,Retired,0.0,0,0
2024,4,Japanese Grand Prix,2024-04-07,Japan,Suzuka,Suzuka Circuit,albon,ALB,23,Alexander Albon,Williams,14,20,R,Retired,0.0,0,0
2024,5,Chinese Grand Prix,2024-04-21,China,Shanghai,Shanghai International Circuit,max_verstappen,VER,1,Max Verstappen,Red Bull,1,1,1,Finished,25.0,1,1
2024,5,Chinese Grand Prix,2024-04-21,China,Shanghai,Shanghai International Circuit,norris,NOR,4,Lando Norris,McLaren,4,2,2,Finished,18.0,1,1
2024,5,Chinese Grand Prix,2024-04-21,China,Shanghai,Shanghai International Circuit,perez,PER,11,Sergio Pérez,Red Bull,2,3,3,Finished,15.0,1,1
2024,5,Chinese Grand Prix,2024-04-21,China,Shanghai,Shanghai International Circuit,leclerc,LEC,16,Charles Leclerc,Ferrari,6,4,4,Finished,12.0,0,1
2024,5,Chinese Grand Prix,2024-04-21,China,Shanghai,Shanghai International Circuit,sainz,SAI,55,Carlos Sainz,Ferrari,7,5,5,Finished,10.0,0,1
2024,5,Chinese Grand Prix,2024-04-21,China,Shanghai,Shanghai International Circuit,russell,RUS,63,George Russell,Mercedes,8,6,6,Finished,8.0,0,1
2024,5,Chinese Grand Prix,2024-04-21,China,Shanghai,Shanghai International Circuit,alonso,ALO,14,Fernando Alonso,Aston Martin,3,7,7,Finished,7.0,0,1
2024,5,Chinese Grand Prix,2024-04-21,China,Shanghai,Shanghai International Circuit,piastri,PIA,81,Oscar Piastri,McLaren,5,8,8,Finished,4.0,0,1
2024,5,Chinese Grand Prix,2024-04-21,China,Shanghai,Shanghai International Circuit,hamilton,HAM,44,Lewis Hamilton,Mercedes,18,9,9,Finished,2.0,0,1
2024,5,Chinese Grand Prix,2024-04-21,China,Shanghai,Shanghai International Circuit,hulkenberg,HUL,27,Nico Hülkenberg,Haas F1 Team,9,10,10,Finished,1.0,0,1
2024,5,Chinese Grand Prix,2024-04-21,China,Shanghai,Shanghai International Circuit,ocon,OCO,31,Esteban Ocon,Alpine F1 Team,13,11,11,Finished,0.0,0,0
2024,5,Chinese Grand Prix,2024-04-21,China,Shanghai,Shanghai International Circuit,albon,ALB,23,Alexander Albon,Williams,14,12,12,Finished,0.0,0,0
2024,5,Chinese Grand Prix,2024-04-21,China,Shanghai,Shanghai International Circuit,gasly,GAS,10,Pierre Gasly,Alpine F1 Team,15,13,13,Finished,0.0,0,0
2024,5,Chinese Grand Prix,2024-04-21,China,Shanghai,Shanghai International Circuit,zhou,ZHO,24,Guanyu Zhou,Sauber,16,14,14,Finished,0.0,0,0
2024,5,Chinese Grand Prix,2024-04-21,China,Shanghai,Shanghai International Circuit,stroll,STR,18,Lance Stroll,Aston Martin,11,15,15,Finished,0.0,0,0
2024,5,Chinese Grand Prix,2024-04-21,China,Shanghai,Shanghai International Circuit,kevin_magnussen,MAG,20,Kevin Magnussen,Haas F1 Team,17,16,16,Finished,0.0,0,0
2024,5,Chinese Grand Prix,2024-04-21,China,Shanghai,Shanghai International Circuit,sargeant,SAR,2,Logan Sargeant,Williams,20,17,17,Finished,0.0,0,0
2024,5,Chinese Grand Prix,2024-04-21,China,Shanghai,Shanghai International Circuit,ricciardo,RIC,3,Daniel Ricciardo,RB F1 Team,12,18,R,Retired,0.0,0,0
2024,5,Chinese Grand Prix,2024-04-21,China,Shanghai,Shanghai International Circuit,tsunoda,TSU,22,Yuki Tsunoda,RB F1 Team,19,19,R,Retired,0.0,0,0
2024,5,Chinese Grand Prix,2024-04-21,China,Shanghai,Shanghai International Circuit,bottas,BOT,77,Valtteri Bottas,Sauber,10,20,R,Retired,0.0,0,0
2024,6,Miami Grand Prix,2024-05-05,USA,Miami,Miami International Autodrome,norris,NOR,4,Lando Norris,McLaren,5,1,1,Finished,25.0,1,1
2024,6,Miami Grand Prix,2024-05-05,USA,Miami,Miami International Autodrome,max_verstappen,VER,1,Max Verstappen,Red Bull,1,2,2,Finished,18.0,1,1
2024,6,Miami Grand Prix,2024-05-05,USA,Miami,Miami International Autodrome,leclerc,LEC,16,Charles Leclerc,Ferrari,2,3,3,Finished,15.0,1,1
2024,6,Miami Grand Prix,2024-05-05,USA,Miami,Miami International Autodrome,perez,PER,11,Sergio Pérez,Red Bull,4,4,4,Finished,12.0,0,1
2024,6,Miami Grand Prix,2024-05-05,USA,Miami,Miami International Autodrome,sainz,SAI,55,Carlos Sainz,Ferrari,3,5,5,Finished,10.0,0,1
2024,6,Miami Grand Prix,2024-05-05,USA,Miami,Miami International Autodrome,hamilton,HAM,44,Lewis Hamilton,Mercedes,8,6,6,Finished,8.0,0,1
2024,6,Miami Grand Prix,2024-05-05,USA,Miami,Miami International Autodrome,tsunoda,TSU,22,Yuki Tsunoda,RB F1 Team,10,7,7,Finished,6.0,0,1
2024,6,Miami Grand Prix,2024-05-05,USA,Miami,Miami International Autodrome,russell,RUS,63,George Russell,Mercedes,7,8,8,Finished,4.0,0,1
2024,6,Miami Grand Prix,2024-05-05,USA,Miami,Miami International Autodrome,alonso,ALO,14,Fernando Alonso,Aston Martin,15,9,9,Finished,2.0,0,1
2024,6,Miami Grand Prix,2024-05-05,USA,Miami,Miami International Autodrome,ocon,OCO,31,Esteban Ocon,Alpine F1 Team,13,10,10,Finished,1.0,0,1
2024,6,Miami Grand Prix,2024-05-05,USA,Miami,Miami International Autodrome,hulkenberg,HUL,27,Nico Hülkenberg,Haas F1 Team,9,11,11,Finished,0.0,0,0
2024,6,Miami Grand Prix,2024-05-05,USA,Miami,Miami International Autodrome,gasly,GAS,10,Pierre Gasly,Alpine F1 Team,12,12,12,Finished,0.0,0,0
2024,6,Miami Grand Prix,2024-05-05,USA,Miami,Miami International Autodrome,piastri,PIA,81,Oscar Piastri,McLaren,6,13,13,Finished,0.0,0,0
2024,6,Miami Grand Prix,2024-05-05,USA,Miami,Miami International Autodrome,zhou,ZHO,24,Guanyu Zhou,Sauber,19,14,14,Finished,0.0,0,0
2024,6,Miami Grand Prix,2024-05-05,USA,Miami,Miami International Autodrome,ricciardo,RIC,3,Daniel Ricciardo,RB F1 Team,20,15,15,Finished,0.0,0,0
2024,6,Miami Grand Prix,2024-05-05,USA,Miami,Miami International Autodrome,bottas,BOT,77,Valtteri Bottas,Sauber,16,16,16,Finished,0.0,0,0
2024,6,Miami Grand Prix,2024-05-05,USA,Miami,Miami International Autodrome,stroll,STR,18,Lance Stroll,Aston Martin,11,17,17,Finished,0.0,0,0
2024,6,Miami Grand Prix,2024-05-05,USA,Miami,Miami International Autodrome,albon,ALB,23,Alexander Albon,Williams,14,18,18,Finished,0.0,0,0
2024,6,Miami Grand Prix,2024-05-05,USA,Miami,Miami International Autodrome,kevin_magnussen,MAG,20,Kevin Magnussen,Haas F1 Team,18,19,19,Finished,0.0,0,0
2024,6,Miami Grand Prix,2024-05-05,USA,Miami,Miami International Autodrome,sargeant,SAR,2,Logan Sargeant,Williams,17,20,R,Retired,0.0,0,0
2024,7,Emilia Romagna Grand Prix,2024-05-19,Italy,Imola,Autodromo Enzo e Dino Ferrari,max_verstappen,VER,1,Max Verstappen,Red Bull,1,1,1,Finished,25.0,1,1
2024,7,Emilia Romagna Grand Prix,2024-05-19,Italy,Imola,Autodromo Enzo e Dino Ferrari,norris,NOR,4,Lando Norris,McLaren,2,2,2,Finished,18.0,1,1
2024,7,Emilia Romagna Grand Prix,2024-05-19,Italy,Imola,Autodromo Enzo e Dino Ferrari,leclerc,LEC,16,Charles Leclerc,Ferrari,3,3,3,Finished,15.0,1,1
2024,7,Emilia Romagna Grand Prix,2024-05-19,Italy,Imola,Autodromo Enzo e Dino Ferrari,piastri,PIA,81,Oscar Piastri,McLaren,5,4,4,Finished,12.0,0,1
2024,7,Emilia Romagna Grand Prix,2024-05-19,Italy,Imola,Autodromo Enzo e Dino Ferrari,sainz,SAI,55,Carlos Sainz,Ferrari,4,5,5,Finished,10.0,0,1
2024,7,Emilia Romagna Grand Prix,2024-05-19,Italy,Imola,Autodromo Enzo e Dino Ferrari,hamilton,HAM,44,Lewis Hamilton,Mercedes,8,6,6,Finished,8.0,0,1
2024,7,Emilia Romagna Grand Prix,2024-05-19,Italy,Imola,Autodromo Enzo e Dino Ferrari,russell,RUS,63,George Russell,Mercedes,6,7,7,Finished,7.0,0,1
2024,7,Emilia Romagna Grand Prix,2024-05-19,Italy,Imola,Autodromo Enzo e Dino Ferrari,perez,PER,11,Sergio Pérez,Red Bull,11,8,8,Finished,4.0,0,1
2024,7,Emilia Romagna Grand Prix,2024-05-19,Italy,Imola,Autodromo Enzo e Dino Ferrari,stroll,STR,18,Lance Stroll,Aston Martin,13,9,9,Finished,2.0,0,1
2024,7,Emilia Romagna Grand Prix,2024-05-19,Italy,Imola,Autodromo Enzo e Dino Ferrari,tsunoda,TSU,22,Yuki Tsunoda,RB F1 Team,7,10,10,Lapped,1.0,0,1
2024,7,Emilia Romagna Grand Prix,2024-05-19,Italy,Imola,Autodromo Enzo e Dino Ferrari,hulkenberg,HUL,27,Nico Hülkenberg,Haas F1 Team,10,11,11,Lapped,0.0,0,0
2024,7,Emilia Romagna Grand Prix,2024-05-19,Italy,Imola,Autodromo Enzo e Dino Ferrari,kevin_magnussen,MAG,20,Kevin Magnussen,Haas F1 Team,18,12,12,Lapped,0.0,0,0
2024,7,Emilia Romagna Grand Prix,2024-05-19,Italy,Imola,Autodromo Enzo e Dino Ferrari,ricciardo,RIC,3,Daniel Ricciardo,RB F1 Team,9,13,13,Lapped,0.0,0,0
2024,7,Emilia Romagna Grand Prix,2024-05-19,Italy,Imola,Autodromo Enzo e Dino Ferrari,ocon,OCO,31,Esteban Ocon,Alpine F1 Team,12,14,14,Lapped,0.0,0,0
2024,7,Emilia Romagna Grand Prix,2024-05-19,Italy,Imola,Autodromo Enzo e Dino Ferrari,zhou,ZHO,24,Guanyu Zhou,Sauber,17,15,15,Lapped,0.0,0,0
2024,7,Emilia Romagna Grand Prix,2024-05-19,Italy,Imola,Autodromo Enzo e Dino Ferrari,gasly,GAS,10,Pierre Gasly,Alpine F1 Team,15,16,16,Lapped,0.0,0,0
2024,7,Emilia Romagna Grand Prix,2024-05-19,Italy,Imola,Autodromo Enzo e Dino Ferrari,sargeant,SAR,2,Logan Sargeant,Williams,19,17,17,Lapped,0.0,0,0
2024,7,Emilia Romagna Grand Prix,2024-05-19,Italy,Imola,Autodromo Enzo e Dino Ferrari,bottas,BOT,77,Valtteri Bottas,Sauber,16,18,18,Lapped,0.0,0,0
2024,7,Emilia Romagna Grand Prix,2024-05-19,Italy,Imola,Autodromo Enzo e Dino Ferrari,alonso,ALO,14,Fernando Alonso,Aston Martin,20,19,19,Lapped,0.0,0,0
2024,7,Emilia Romagna Grand Prix,2024-05-19,Italy,Imola,Autodromo Enzo e Dino Ferrari,albon,ALB,23,Alexander Albon,Williams,14,20,R,Retired,0.0,0,0
2024,8,Monaco Grand Prix,2024-05-26,Monaco,Monte Carlo,Circuit de Monaco,leclerc,LEC,16,Charles Leclerc,Ferrari,1,1,1,Finished,25.0,1,1
2024,8,Monaco Grand Prix,2024-05-26,Monaco,Monte Carlo,Circuit de Monaco,piastri,PIA,81,Oscar Piastri,McLaren,2,2,2,Finished,18.0,1,1
2024,8,Monaco Grand Prix,2024-05-26,Monaco,Monte Carlo,Circuit de Monaco,sainz,SAI,55,Carlos Sainz,Ferrari,3,3,3,Finished,15.0,1,1
2024,8,Monaco Grand Prix,2024-05-26,Monaco,Monte Carlo,Circuit de Monaco,norris,NOR,4,Lando Norris,McLaren,4,4,4,Finished,12.0,0,1
2024,8,Monaco Grand Prix,2024-05-26,Monaco,Monte Carlo,Circuit de Monaco,russell,RUS,63,George Russell,Mercedes,5,5,5,Finished,10.0,0,1
2024,8,Monaco Grand Prix,2024-05-26,Monaco,Monte Carlo,Circuit de Monaco,max_verstappen,VER,1,Max Verstappen,Red Bull,6,6,6,Finished,8.0,0,1
2024,8,Monaco Grand Prix,2024-05-26,Monaco,Monte Carlo,Circuit de Monaco,hamilton,HAM,44,Lewis Hamilton,Mercedes,7,7,7,Finished,7.0,0,1
2024,8,Monaco Grand Prix,2024-05-26,Monaco,Monte Carlo,Circuit de Monaco,tsunoda,TSU,22,Yuki Tsunoda,RB F1 Team,8,8,8,Lapped,4.0,0,1
2024,8,Monaco Grand Prix,2024-05-26,Monaco,Monte Carlo,Circuit de Monaco,albon,ALB,23,Alexander Albon,Williams,9,9,9,Lapped,2.0,0,1
2024,8,Monaco Grand Prix,2024-05-26,Monaco,Monte Carlo,Circuit de Monaco,gasly,GAS,10,Pierre Gasly,Alpine F1 Team,10,10,10,Lapped,1.0,0,1
2024,8,Monaco Grand Prix,2024-05-26,Monaco,Monte Carlo,Circuit de Monaco,alonso,ALO,14,Fernando Alonso,Aston Martin,14,11,11,Lapped,0.0,0,0
2024,8,Monaco Grand Prix,2024-05-26,Monaco,Monte Carlo,Circuit de Monaco,ricciardo,RIC,3,Daniel Ricciardo,RB F1 Team,12,12,12,Lapped,0.0,0,0
2024,8,Monaco Grand Prix,2024-05-26,Monaco,Monte Carlo,Circuit de Monaco,bottas,BOT,77,Valtteri Bottas,Sauber,17,13,13,Lapped,0.0,0,0
2024,8,Monaco Grand Prix,2024-05-26,Monaco,Monte Carlo,Circuit de Monaco,stroll,STR,18,Lance Stroll,Aston Martin,13,14,14,Lapped,0.0,0,0
2024,8,Monaco Grand Prix,2024-05-26,Monaco,Monte Carlo,Circuit de Monaco,sargeant,SAR,2,Logan Sargeant,Williams,15,15,15,Lapped,0.0,0,0
2024,8,Monaco Grand Prix,2024-05-26,Monaco,Monte Carlo,Circuit de Monaco,zhou,ZHO,24,Guanyu Zhou,Sauber,18,16,16,Lapped,0.0,0,0
2024,8,Monaco Grand Prix,2024-05-26,Monaco,Monte Carlo,Circuit de Monaco,ocon,OCO,31,Esteban Ocon,Alpine F1 Team,11,17,R,Retired,0.0,0,0
2024,8,Monaco Grand Prix,2024-05-26,Monaco,Monte Carlo,Circuit de Monaco,perez,PER,11,Sergio Pérez,Red Bull,16,18,R,Retired,0.0,0,0
2024,8,Monaco Grand Prix,2024-05-26,Monaco,Monte Carlo,Circuit de Monaco,hulkenberg,HUL,27,Nico Hülkenberg,Haas F1 Team,19,19,R,Retired,0.0,0,0
2024,8,Monaco Grand Prix,2024-05-26,Monaco,Monte Carlo,Circuit de Monaco,kevin_magnussen,MAG,20,Kevin Magnussen,Haas F1 Team,20,20,R,Retired,0.0,0,0
2024,9,Canadian Grand Prix,2024-06-09,Canada,Montreal,Circuit Gilles Villeneuve,max_verstappen,VER,1,Max Verstappen,Red Bull,2,1,1,Finished,25.0,1,1
2024,9,Canadian Grand Prix,2024-06-09,Canada,Montreal,Circuit Gilles Villeneuve,norris,NOR,4,Lando Norris,McLaren,3,2,2,Finished,18.0,1,1
2024,9,Canadian Grand Prix,2024-06-09,Canada,Montreal,Circuit Gilles Villeneuve,russell,RUS,63,George Russell,Mercedes,1,3,3,Finished,15.0,1,1
2024,9,Canadian Grand Prix,2024-06-09,Canada,Montreal,Circuit Gilles Villeneuve,hamilton,HAM,44,Lewis Hamilton,Mercedes,7,4,4,Finished,13.0,0,1
2024,9,Canadian Grand Prix,2024-06-09,Canada,Montreal,Circuit Gilles Villeneuve,piastri,PIA,81,Oscar Piastri,McLaren,4,5,5,Finished,10.0,0,1
2024,9,Canadian Grand Prix,2024-06-09,Canada,Montreal,Circuit Gilles Villeneuve,alonso,ALO,14,Fernando Alonso,Aston Martin,6,6,6,Finished,8.0,0,1
2024,9,Canadian Grand Prix,2024-06-09,Canada,Montreal,Circuit Gilles Villeneuve,stroll,STR,18,Lance Stroll,Aston Martin,9,7,7,Finished,6.0,0,1
2024,9,Canadian Grand Prix,2024-06-09,Canada,Montreal,Circuit Gilles Villeneuve,ricciardo,RIC,3,Daniel Ricciardo,RB F1 Team,5,8,8,Finished,4.0,0,1
2024,9,Canadian Grand Prix,2024-06-09,Canada,Montreal,Circuit Gilles Villeneuve,gasly,GAS,10,Pierre Gasly,Alpine F1 Team,15,9,9,Finished,2.0,0,1
2024,9,Canadian Grand Prix,2024-06-09,Canada,Montreal,Circuit Gilles Villeneuve,ocon,OCO,31,Esteban Ocon,Alpine F1 Team,18,10,10,Finished,1.0,0,1
2024,9,Canadian Grand Prix,2024-06-09,Canada,Montreal,Circuit Gilles Villeneuve,hulkenberg,HUL,27,Nico Hülkenberg,Haas F1 Team,17,11,11,Finished,0.0,0,0
2024,9,Canadian Grand Prix,2024-06-09,Canada,Montreal,Circuit Gilles Villeneuve,kevin_magnussen,MAG,20,Kevin Magnussen,Haas F1 Team,14,12,12,Finished,0.0,0,0
2024,9,Canadian Grand Prix,2024-06-09,Canada,Montreal,Circuit Gilles Villeneuve,bottas,BOT,77,Valtteri Bottas,Sauber,19,13,13,Finished,0.0,0,0
2024,9,Canadian Grand Prix,2024-06-09,Canada,Montreal,Circuit Gilles Villeneuve,tsunoda,TSU,22,Yuki Tsunoda,RB F1 Team,8,14,14,Finished,0.0,0,0
2024,9,Canadian Grand Prix,2024-06-09,Canada,Montreal,Circuit Gilles Villeneuve,zhou,ZHO,24,Guanyu Zhou,Sauber,20,15,15,Lapped,0.0,0,0
2024,9,Canadian Grand Prix,2024-06-09,Canada,Montreal,Circuit Gilles Villeneuve,sainz,SAI,55,Carlos Sainz,Ferrari,12,16,R,Retired,0.0,0,0
2024,9,Canadian Grand Prix,2024-06-09,Canada,Montreal,Circuit Gilles Villeneuve,albon,ALB,23,Alexander Albon,Williams,10,17,R,Retired,0.0,0,0
2024,9,Canadian Grand Prix,2024-06-09,Canada,Montreal,Circuit Gilles Villeneuve,perez,PER,11,Sergio Pérez,Red Bull,16,18,R,Retired,0.0,0,0
2024,9,Canadian Grand Prix,2024-06-09,Canada,Montreal,Circuit Gilles Villeneuve,leclerc,LEC,16,Charles Leclerc,Ferrari,11,19,R,Retired,0.0,0,0
2024,9,Canadian Grand Prix,2024-06-09,Canada,Montreal,Circuit Gilles Villeneuve,sargeant,SAR,2,Logan Sargeant,Williams,13,20,R,Retired,0.0,0,0
2024,10,Spanish Grand Prix,2024-06-23,Spain,Barcelona,Circuit de Barcelona-Catalunya,max_verstappen,VER,1,Max Verstappen,Red Bull,2,1,1,Finished,25.0,1,1
2024,10,Spanish Grand Prix,2024-06-23,Spain,Barcelona,Circuit de Barcelona-Catalunya,norris,NOR,4,Lando Norris,McLaren,1,2,2,Finished,19.0,1,1
2024,10,Spanish Grand Prix,2024-06-23,Spain,Barcelona,Circuit de Barcelona-Catalunya,hamilton,HAM,44,Lewis Hamilton,Mercedes,3,3,3,Finished,15.0,1,1
2024,10,Spanish Grand Prix,2024-06-23,Spain,Barcelona,Circuit de Barcelona-Catalunya,russell,RUS,63,George Russell,Mercedes,4,4,4,Finished,12.0,0,1
2024,10,Spanish Grand Prix,2024-06-23,Spain,Barcelona,Circuit de Barcelona-Catalunya,leclerc,LEC,16,Charles Leclerc,Ferrari,5,5,5,Finished,10.0,0,1
2024,10,Spanish Grand Prix,2024-06-23,Spain,Barcelona,Circuit de Barcelona-Catalunya,sainz,SAI,55,Carlos Sainz,Ferrari,6,6,6,Finished,8.0,0,1
2024,10,Spanish Grand Prix,2024-06-23,Spain,Barcelona,Circuit de Barcelona-Catalunya,piastri,PIA,81,Oscar Piastri,McLaren,9,7,7,Finished,6.0,0,1
2024,10,Spanish Grand Prix,2024-06-23,Spain,Barcelona,Circuit de Barcelona-Catalunya,perez,PER,11,Sergio Pérez,Red Bull,11,8,8,Finished,4.0,0,1
2024,10,Spanish Grand Prix,2024-06-23,Spain,Barcelona,Circuit de Barcelona-Catalunya,gasly,GAS,10,Pierre Gasly,Alpine F1 Team,7,9,9,Finished,2.0,0,1
2024,10,Spanish Grand Prix,2024-06-23,Spain,Barcelona,Circuit de Barcelona-Catalunya,ocon,OCO,31,Esteban Ocon,Alpine F1 Team,8,10,10,Finished,1.0,0,1
2024,10,Spanish Grand Prix,2024-06-23,Spain,Barcelona,Circuit de Barcelona-Catalunya,hulkenberg,HUL,27,Nico Hülkenberg,Haas F1 Team,13,11,11,Finished,0.0,0,0
2024,10,Spanish Grand Prix,2024-06-23,Spain,Barcelona,Circuit de Barcelona-Catalunya,alonso,ALO,14,Fernando Alonso,Aston Martin,10,12,12,Lapped,0.0,0,0
2024,10,Spanish Grand Prix,2024-06-23,Spain,Barcelona,Circuit de Barcelona-Catalunya,zhou,ZHO,24,Guanyu Zhou,Sauber,15,13,13,Lapped,0.0,0,0
2024,10,Spanish Grand Prix,2024-06-23,Spain,Barcelona,Circuit de Barcelona-Catalunya,stroll,STR,18,Lance Stroll,Aston Martin,14,14,14,Lapped,0.0,0,0
2024,10,Spanish Grand Prix,2024-06-23,Spain,Barcelona,Circuit de Barcelona-Catalunya,ricciardo,RIC,3,Daniel Ricciardo,RB F1 Team,18,15,15,Lapped,0.0,0,0
2024,10,Spanish Grand Prix,2024-06-23,Spain,Barcelona,Circuit de Barcelona-Catalunya,bottas,BOT,77,Valtteri Bottas,Sauber,12,16,16,Lapped,0.0,0,0
2024,10,Spanish Grand Prix,2024-06-23,Spain,Barcelona,Circuit de Barcelona-Catalunya,kevin_magnussen,MAG,20,Kevin Magnussen,Haas F1 Team,16,17,17,Lapped,0.0,0,0
2024,10,Spanish Grand Prix,2024-06-23,Spain,Barcelona,Circuit de Barcelona-Catalunya,albon,ALB,23,Alexander Albon,Williams,20,18,18,Lapped,0.0,0,0
2024,10,Spanish Grand Prix,2024-06-23,Spain,Barcelona,Circuit de Barcelona-Catalunya,tsunoda,TSU,22,Yuki Tsunoda,RB F1 Team,17,19,19,Lapped,0.0,0,0
2024,10,Spanish Grand Prix,2024-06-23,Spain,Barcelona,Circuit de Barcelona-Catalunya,sargeant,SAR,2,Logan Sargeant,Williams,19,20,20,Lapped,0.0,0,0
2024,11,Austrian Grand Prix,2024-06-30,Austria,Spielberg,Red Bull Ring,russell,RUS,63,George Russell,Mercedes,3,1,1,Finished,25.0,1,1
2024,11,Austrian Grand Prix,2024-06-30,Austria,Spielberg,Red Bull Ring,piastri,PIA,81,Oscar Piastri,McLaren,7,2,2,Finished,18.0,1,1
2024,11,Austrian Grand Prix,2024-06-30,Austria,Spielberg,Red Bull Ring,sainz,SAI,55,Carlos Sainz,Ferrari,4,3,3,Finished,15.0,1,1
2024,11,Austrian Grand Prix,2024-06-30,Austria,Spielberg,Red Bull Ring,hamilton,HAM,44,Lewis Hamilton,Mercedes,5,4,4,Finished,12.0,0,1
2024,11,Austrian Grand Prix,2024-06-30,Austria,Spielberg,Red Bull Ring,max_verstappen,VER,1,Max Verstappen,Red Bull,1,5,5,Finished,10.0,0,1
2024,11,Austrian Grand Prix,2024-06-30,Austria,Spielberg,Red Bull Ring,hulkenberg,HUL,27,Nico Hülkenberg,Haas F1 Team,9,6,6,Finished,8.0,0,1
2024,11,Austrian Grand Prix,2024-06-30,Austria,Spielberg,Red Bull Ring,perez,PER,11,Sergio Pérez,Red Bull,8,7,7,Finished,6.0,0,1
2024,11,Austrian Grand Prix,2024-06-30,Austria,Spielberg,Red Bull Ring,kevin_magnussen,MAG,20,Kevin Magnussen,Haas F1 Team,12,8,8,Finished,4.0,0,1
2024,11,Austrian Grand Prix,2024-06-30,Austria,Spielberg,Red Bull Ring,ricciardo,RIC,3,Daniel Ricciardo,RB F1 Team,11,9,9,Finished,2.0,0,1
2024,11,Austrian Grand Prix,2024-06-30,Austria,Spielberg,Red Bull Ring,gasly,GAS,10,Pierre Gasly,Alpine F1 Team,13,10,10,Finished,1.0,0,1
2024,11,Austrian Grand Prix,2024-06-30,Austria,Spielberg,Red Bull Ring,leclerc,LEC,16,Charles Leclerc,Ferrari,6,11,11,Finished,0.0,0,0
2024,11,Austrian Grand Prix,2024-06-30,Austria,Spielberg,Red Bull Ring,ocon,OCO,31,Esteban Ocon,Alpine F1 Team,10,12,12,Finished,0.0,0,0
2024,11,Austrian Grand Prix,2024-06-30,Austria,Spielberg,Red Bull Ring,stroll,STR,18,Lance Stroll,Aston Martin,17,13,13,Lapped,0.0,0,0
2024,11,Austrian Grand Prix,2024-06-30,Austria,Spielberg,Red Bull Ring,tsunoda,TSU,22,Yuki Tsunoda,RB F1 Team,14,14,14,Lapped,0.0,0,0
2024,11,Austrian Grand Prix,2024-06-30,Austria,Spielberg,Red Bull Ring,albon,ALB,23,Alexander Albon,Williams,16,15,15,Lapped,0.0,0,0
2024,11,Austrian Grand Prix,2024-06-30,Austria,Spielberg,Red Bull Ring,bottas,BOT,77,Valtteri Bottas,Sauber,18,16,16,Lapped,0.0,0,0
2024,11,Austrian Grand Prix,2024-06-30,Austria,Spielberg,Red Bull Ring,zhou,ZHO,24,Guanyu Zhou,Sauber,20,17,17,Lapped,0.0,0,0
2024,11,Austrian Grand Prix,2024-06-30,Austria,Spielberg,Red Bull Ring,alonso,ALO,14,Fernando Alonso,Aston Martin,15,18,18,Lapped,0.0,0,0
2024,11,Austrian Grand Prix,2024-06-30,Austria,Spielberg,Red Bull Ring,sargeant,SAR,2,Logan Sargeant,Williams,19,19,19,Lapped,0.0,0,0
2024,11,Austrian Grand Prix,2024-06-30,Austria,Spielberg,Red Bull Ring,norris,NOR,4,Lando Norris,McLaren,2,20,20,Lapped,0.0,0,0
2024,12,British Grand Prix,2024-07-07,UK,Silverstone,Silverstone Circuit,hamilton,HAM,44,Lewis Hamilton,Mercedes,2,1,1,Finished,25.0,1,1
2024,12,British Grand Prix,2024-07-07,UK,Silverstone,Silverstone Circuit,max_verstappen,VER,1,Max Verstappen,Red Bull,4,2,2,Finished,18.0,1,1
2024,12,British Grand Prix,2024-07-07,UK,Silverstone,Silverstone Circuit,norris,NOR,4,Lando Norris,McLaren,3,3,3,Finished,15.0,1,1
2024,12,British Grand Prix,2024-07-07,UK,Silverstone,Silverstone Circuit,piastri,PIA,81,Oscar Piastri,McLaren,5,4,4,Finished,12.0,0,1
2024,12,British Grand Prix,2024-07-07,UK,Silverstone,Silverstone Circuit,sainz,SAI,55,Carlos Sainz,Ferrari,7,5,5,Finished,11.0,0,1
2024,12,British Grand Prix,2024-07-07,UK,Silverstone,Silverstone Circuit,hulkenberg,HUL,27,Nico Hülkenberg,Haas F1 Team,6,6,6,Finished,8.0,0,1
2024,12,British Grand Prix,2024-07-07,UK,Silverstone,Silverstone Circuit,stroll,STR,18,Lance Stroll,Aston Martin,8,7,7,Finished,6.0,0,1
2024,12,British Grand Prix,2024-07-07,UK,Silverstone,Silverstone Circuit,alonso,ALO,14,Fernando Alonso,Aston Martin,10,8,8,Finished,4.0,0,1
2024,12,British Grand Prix,2024-07-07,UK,Silverstone,Silverstone Circuit,albon,ALB,23,Alexander Albon,Williams,9,9,9,Finished,2.0,0,1
2024,12,British Grand Prix,2024-07-07,UK,Silverstone,Silverstone Circuit,tsunoda,TSU,22,Yuki Tsunoda,RB F1 Team,13,10,10,Finished,1.0,0,1
2024,12,British Grand Prix,2024-07-07,UK,Silverstone,Silverstone Circuit,sargeant,SAR,2,Logan Sargeant,Williams,12,11,11,Finished,0.0,0,0
2024,12,British Grand Prix,2024-07-07,UK,Silverstone,Silverstone Circuit,kevin_magnussen,MAG,20,Kevin Magnussen,Haas F1 Team,17,12,12,Finished,0.0,0,0
2024,12,British Grand Prix,2024-07-07,UK,Silverstone,Silverstone Circuit,ricciardo,RIC,3,Daniel Ricciardo,RB F1 Team,15,13,13,Lapped,0.0,0,0
2024,12,British Grand Prix,2024-07-07,UK,Silverstone,Silverstone Circuit,leclerc,LEC,16,Charles Leclerc,Ferrari,11,14,14,Lapped,0.0,0,0
2024,12,British Grand Prix,2024-07-07,UK,Silverstone,Silverstone Circuit,bottas,BOT,77,Valtteri Bottas,Sauber,16,15,15,Lapped,0.0,0,0
2024,12,British Grand Prix,2024-07-07,UK,Silverstone,Silverstone Circuit,ocon,OCO,31,Esteban Ocon,Alpine F1 Team,18,16,16,Lapped,0.0,0,0
2024,12,British Grand Prix,2024-07-07,UK,Silverstone,Silverstone Circuit,perez,PER,11,Sergio Pérez,Red Bull,20,17,17,Lapped,0.0,0,0
2024,12,British Grand Prix,2024-07-07,UK,Silverstone,Silverstone Circuit,zhou,ZHO,24,Guanyu Zhou,Sauber,14,18,18,Lapped,0.0,0,0
2024,12,British Grand Prix,2024-07-07,UK,Silverstone,Silverstone Circuit,russell,RUS,63,George Russell,Mercedes,1,19,R,Retired,0.0,0,0
2024,12,British Grand Prix,2024-07-07,UK,Silverstone,Silverstone Circuit,gasly,GAS,10,Pierre Gasly,Alpine F1 Team,19,20,W,Did not start,0.0,0,0
2024,13,Hungarian Grand Prix,2024-07-21,Hungary,Budapest,Hungaroring,piastri,PIA,81,Oscar Piastri,McLaren,2,1,1,Finished,25.0,1,1
2024,13,Hungarian Grand Prix,2024-07-21,Hungary,Budapest,Hungaroring,norris,NOR,4,Lando Norris,McLaren,1,2,2,Finished,18.0,1,1
2024,13,Hungarian Grand Prix,2024-07-21,Hungary,Budapest,Hungaroring,hamilton,HAM,44,Lewis Hamilton,Mercedes,5,3,3,Finished,15.0,1,1
2024,13,Hungarian Grand Prix,2024-07-21,Hungary,Budapest,Hungaroring,leclerc,LEC,16,Charles Leclerc,Ferrari,6,4,4,Finished,12.0,0,1
2024,13,Hungarian Grand Prix,2024-07-21,Hungary,Budapest,Hungaroring,max_verstappen,VER,1,Max Verstappen,Red Bull,3,5,5,Finished,10.0,0,1
2024,13,Hungarian Grand Prix,2024-07-21,Hungary,Budapest,Hungaroring,sainz,SAI,55,Carlos Sainz,Ferrari,4,6,6,Finished,8.0,0,1
2024,13,Hungarian Grand Prix,2024-07-21,Hungary,Budapest,Hungaroring,perez,PER,11,Sergio Pérez,Red Bull,16,7,7,Finished,6.0,0,1
2024,13,Hungarian Grand Prix,2024-07-21,Hungary,Budapest,Hungaroring,russell,RUS,63,George Russell,Mercedes,17,8,8,Finished,5.0,0,1
2024,13,Hungarian Grand Prix,2024-07-21,Hungary,Budapest,Hungaroring,tsunoda,TSU,22,Yuki Tsunoda,RB F1 Team,10,9,9,Finished,2.0,0,1
2024,13,Hungarian Grand Prix,2024-07-21,Hungary,Budapest,Hungaroring,stroll,STR,18,Lance Stroll,Aston Martin,8,10,10,Finished,1.0,0,1
2024,13,Hungarian Grand Prix,2024-07-21,Hungary,Budapest,Hungaroring,alonso,ALO,14,Fernando Alonso,Aston Martin,7,11,11,Finished,0.0,0,0
2024,13,Hungarian Grand Prix,2024-07-21,Hungary,Budapest,Hungaroring,ricciardo,RIC,3,Daniel Ricciardo,RB F1 Team,9,12,12,Lapped,0.0,0,0
2024,13,Hungarian Grand Prix,2024-07-21,Hungary,Budapest,Hungaroring,hulkenberg,HUL,27,Nico Hülkenberg,Haas F1 Team,11,13,13,Lapped,0.0,0,0
2024,13,Hungarian Grand Prix,2024-07-21,Hungary,Budapest,Hungaroring,albon,ALB,23,Alexander Albon,Williams,13,14,14,Lapped,0.0,0,0
2024,13,Hungarian Grand Prix,2024-07-21,Hungary,Budapest,Hungaroring,kevin_magnussen,MAG,20,Kevin Magnussen,Haas F1 Team,15,15,15,Lapped,0.0,0,0
2024,13,Hungarian Grand Prix,2024-07-21,Hungary,Budapest,Hungaroring,bottas,BOT,77,Valtteri Bottas,Sauber,12,16,16,Lapped,0.0,0,0
2024,13,Hungarian Grand Prix,2024-07-21,Hungary,Budapest,Hungaroring,sargeant,SAR,2,Logan Sargeant,Williams,14,17,17,Lapped,0.0,0,0
2024,13,Hungarian Grand Prix,2024-07-21,Hungary,Budapest,Hungaroring,ocon,OCO,31,Esteban Ocon,Alpine F1 Team,19,18,18,Lapped,0.0,0,0
2024,13,Hungarian Grand Prix,2024-07-21,Hungary,Budapest,Hungaroring,zhou,ZHO,24,Guanyu Zhou,Sauber,18,19,19,Lapped,0.0,0,0
2024,13,Hungarian Grand Prix,2024-07-21,Hungary,Budapest,Hungaroring,gasly,GAS,10,Pierre Gasly,Alpine F1 Team,20,20,R,Retired,0.0,0,0
2024,14,Belgian Grand Prix,2024-07-28,Belgium,Spa,Circuit de Spa-Francorchamps,hamilton,HAM,44,Lewis Hamilton,Mercedes,3,1,1,Finished,25.0,1,1
2024,14,Belgian Grand Prix,2024-07-28,Belgium,Spa,Circuit de Spa-Francorchamps,piastri,PIA,81,Oscar Piastri,McLaren,5,2,2,Finished,18.0,1,1
2024,14,Belgian Grand Prix,2024-07-28,Belgium,Spa,Circuit de Spa-Francorchamps,leclerc,LEC,16,Charles Leclerc,Ferrari,1,3,3,Finished,15.0,1,1
2024,14,Belgian Grand Prix,2024-07-28,Belgium,Spa,Circuit de Spa-Francorchamps,max_verstappen,VER,1,Max Verstappen,Red Bull,11,4,4,Finished,12.0,0,1
2024,14,Belgian Grand Prix,2024-07-28,Belgium,Spa,Circuit de Spa-Francorchamps,norris,NOR,4,Lando Norris,McLaren,4,5,5,Finished,10.0,0,1
2024,14,Belgian Grand Prix,2024-07-28,Belgium,Spa,Circuit de Spa-Francorchamps,sainz,SAI,55,Carlos Sainz,Ferrari,7,6,6,Finished,8.0,0,1
2024,14,Belgian Grand Prix,2024-07-28,Belgium,Spa,Circuit de Spa-Francorchamps,perez,PER,11,Sergio Pérez,Red Bull,2,7,7,Finished,7.0,0,1
2024,14,Belgian Grand Prix,2024-07-28,Belgium,Spa,Circuit de Spa-Francorchamps,alonso,ALO,14,Fernando Alonso,Aston Martin,8,8,8,Finished,4.0,0,1
2024,14,Belgian Grand Prix,2024-07-28,Belgium,Spa,Circuit de Spa-Francorchamps,ocon,OCO,31,Esteban Ocon,Alpine F1 Team,9,9,9,Finished,2.0,0,1
2024,14,Belgian Grand Prix,2024-07-28,Belgium,Spa,Circuit de Spa-Francorchamps,ricciardo,RIC,3,Daniel Ricciardo,RB F1 Team,13,10,10,Finished,1.0,0,1
2024,14,Belgian Grand Prix,2024-07-28,Belgium,Spa,Circuit de Spa-Francorchamps,stroll,STR,18,Lance Stroll,Aston Martin,15,11,11,Finished,0.0,0,0
2024,14,Belgian Grand Prix,2024-07-28,Belgium,Spa,Circuit de Spa-Francorchamps,albon,ALB,23,Alexander Albon,Williams,10,12,12,Finished,0.0,0,0
2024,14,Belgian Grand Prix,2024-07-28,Belgium,Spa,Circuit de Spa-Francorchamps,gasly,GAS,10,Pierre Gasly,Alpine F1 Team,12,13,13,Finished,0.0,0,0
2024,14,Belgian Grand Prix,2024-07-28,Belgium,Spa,Circuit de Spa-Francorchamps,kevin_magnussen,MAG,20,Kevin Magnussen,Haas F1 Team,17,14,14,Finished,0.0,0,0
2024,14,Belgian Grand Prix,2024-07-28,Belgium,Spa,Circuit de Spa-Francorchamps,bottas,BOT,77,Valtteri Bottas,Sauber,14,15,15,Finished,0.0,0,0
2024,14,Belgian Grand Prix,2024-07-28,Belgium,Spa,Circuit de Spa-Francorchamps,tsunoda,TSU,22,Yuki Tsunoda,RB F1 Team,20,16,16,Finished,0.0,0,0
2024,14,Belgian Grand Prix,2024-07-28,Belgium,Spa,Circuit de Spa-Francorchamps,sargeant,SAR,2,Logan Sargeant,Williams,18,17,17,Finished,0.0,0,0
2024,14,Belgian Grand Prix,2024-07-28,Belgium,Spa,Circuit de Spa-Francorchamps,hulkenberg,HUL,27,Nico Hülkenberg,Haas F1 Team,16,18,18,Finished,0.0,0,0
2024,14,Belgian Grand Prix,2024-07-28,Belgium,Spa,Circuit de Spa-Francorchamps,zhou,ZHO,24,Guanyu Zhou,Sauber,19,19,R,Retired,0.0,0,0
2024,14,Belgian Grand Prix,2024-07-28,Belgium,Spa,Circuit de Spa-Francorchamps,russell,RUS,63,George Russell,Mercedes,6,20,20,Disqualified,0.0,0,0
2024,15,Dutch Grand Prix,2024-08-25,Netherlands,Zandvoort,Circuit Park Zandvoort,norris,NOR,4,Lando Norris,McLaren,1,1,1,Finished,26.0,1,1
2024,15,Dutch Grand Prix,2024-08-25,Netherlands,Zandvoort,Circuit Park Zandvoort,max_verstappen,VER,1,Max Verstappen,Red Bull,2,2,2,Finished,18.0,1,1
2024,15,Dutch Grand Prix,2024-08-25,Netherlands,Zandvoort,Circuit Park Zandvoort,leclerc,LEC,16,Charles Leclerc,Ferrari,6,3,3,Finished,15.0,1,1
2024,15,Dutch Grand Prix,2024-08-25,Netherlands,Zandvoort,Circuit Park Zandvoort,piastri,PIA,81,Oscar Piastri,McLaren,3,4,4,Finished,12.0,0,1
2024,15,Dutch Grand Prix,2024-08-25,Netherlands,Zandvoort,Circuit Park Zandvoort,sainz,SAI,55,Carlos Sainz,Ferrari,10,5,5,Finished,10.0,0,1
2024,15,Dutch Grand Prix,2024-08-25,Netherlands,Zandvoort,Circuit Park Zandvoort,perez,PER,11,Sergio Pérez,Red Bull,5,6,6,Finished,8.0,0,1
2024,15,Dutch Grand Prix,2024-08-25,Netherlands,Zandvoort,Circuit Park Zandvoort,russell,RUS,63,George Russell,Mercedes,4,7,7,Finished,6.0,0,1
2024,15,Dutch Grand Prix,2024-08-25,Netherlands,Zandvoort,Circuit Park Zandvoort,hamilton,HAM,44,Lewis Hamilton,Mercedes,14,8,8,Finished,4.0,0,1
2024,15,Dutch Grand Prix,2024-08-25,Netherlands,Zandvoort,Circuit Park Zandvoort,gasly,GAS,10,Pierre Gasly,Alpine F1 Team,9,9,9,Lapped,2.0,0,1
2024,15,Dutch Grand Prix,2024-08-25,Netherlands,Zandvoort,Circuit Park Zandvoort,alonso,ALO,14,Fernando Alonso,Aston Martin,7,10,10,Lapped,1.0,0,1
2024,15,Dutch Grand Prix,2024-08-25,Netherlands,Zandvoort,Circuit Park Zandvoort,hulkenberg,HUL,27,Nico Hülkenberg,Haas F1 Team,12,11,11,Lapped,0.0,0,0
2024,15,Dutch Grand Prix,2024-08-25,Netherlands,Zandvoort,Circuit Park Zandvoort,ricciardo,RIC,3,Daniel Ricciardo,RB F1 Team,13,12,12,Lapped,0.0,0,0
2024,15,Dutch Grand Prix,2024-08-25,Netherlands,Zandvoort,Circuit Park Zandvoort,stroll,STR,18,Lance Stroll,Aston Martin,8,13,13,Lapped,0.0,0,0
2024,15,Dutch Grand Prix,2024-08-25,Netherlands,Zandvoort,Circuit Park Zandvoort,albon,ALB,23,Alexander Albon,Williams,19,14,14,Lapped,0.0,0,0
2024,15,Dutch Grand Prix,2024-08-25,Netherlands,Zandvoort,Circuit Park Zandvoort,ocon,OCO,31,Esteban Ocon,Alpine F1 Team,15,15,15,Lapped,0.0,0,0
2024,15,Dutch Grand Prix,2024-08-25,Netherlands,Zandvoort,Circuit Park Zandvoort,sargeant,SAR,2,Logan Sargeant,Williams,18,16,16,Lapped,0.0,0,0
2024,15,Dutch Grand Prix,2024-08-25,Netherlands,Zandvoort,Circuit Park Zandvoort,tsunoda,TSU,22,Yuki Tsunoda,RB F1 Team,11,17,17,Lapped,0.0,0,0
2024,15,Dutch Grand Prix,2024-08-25,Netherlands,Zandvoort,Circuit Park Zandvoort,kevin_magnussen,MAG,20,Kevin Magnussen,Haas F1 Team,20,18,18,Lapped,0.0,0,0
2024,15,Dutch Grand Prix,2024-08-25,Netherlands,Zandvoort,Circuit Park Zandvoort,bottas,BOT,77,Valtteri Bottas,Sauber,16,19,19,Lapped,0.0,0,0
2024,15,Dutch Grand Prix,2024-08-25,Netherlands,Zandvoort,Circuit Park Zandvoort,zhou,ZHO,24,Guanyu Zhou,Sauber,17,20,20,Lapped,0.0,0,0
2024,16,Italian Grand Prix,2024-09-01,Italy,Monza,Autodromo Nazionale di Monza,leclerc,LEC,16,Charles Leclerc,Ferrari,4,1,1,Finished,25.0,1,1
2024,16,Italian Grand Prix,2024-09-01,Italy,Monza,Autodromo Nazionale di Monza,piastri,PIA,81,Oscar Piastri,McLaren,2,2,2,Finished,18.0,1,1
2024,16,Italian Grand Prix,2024-09-01,Italy,Monza,Autodromo Nazionale di Monza,norris,NOR,4,Lando Norris,McLaren,1,3,3,Finished,16.0,1,1
2024,16,Italian Grand Prix,2024-09-01,Italy,Monza,Autodromo Nazionale di Monza,sainz,SAI,55,Carlos Sainz,Ferrari,5,4,4,Finished,12.0,0,1
2024,16,Italian Grand Prix,2024-09-01,Italy,Monza,Autodromo Nazionale di Monza,hamilton,HAM,44,Lewis Hamilton,Mercedes,6,5,5,Finished,10.0,0,1
2024,16,Italian Grand Prix,2024-09-01,Italy,Monza,Autodromo Nazionale di Monza,max_verstappen,VER,1,Max Verstappen,Red Bull,7,6,6,Finished,8.0,0,1
2024,16,Italian Grand Prix,2024-09-01,Italy,Monza,Autodromo Nazionale di Monza,russell,RUS,63,George Russell,Mercedes,3,7,7,Finished,6.0,0,1
2024,16,Italian Grand Prix,2024-09-01,Italy,Monza,Autodromo Nazionale di Monza,perez,PER,11,Sergio Pérez,Red Bull,8,8,8,Finished,4.0,0,1
2024,16,Italian Grand Prix,2024-09-01,Italy,Monza,Autodromo Nazionale di Monza,albon,ALB,23,Alexander Albon,Williams,9,9,9,Finished,2.0,0,1
2024,16,Italian Grand Prix,2024-09-01,Italy,Monza,Autodromo Nazionale di Monza,kevin_magnussen,MAG,20,Kevin Magnussen,Haas F1 Team,13,10,10,Finished,1.0,0,1
2024,16,Italian Grand Prix,2024-09-01,Italy,Monza,Autodromo Nazionale di Monza,alonso,ALO,14,Fernando Alonso,Aston Martin,11,11,11,Finished,0.0,0,0
2024,16,Italian Grand Prix,2024-09-01,Italy,Monza,Autodromo Nazionale di Monza,colapinto,COL,43,Franco Colapinto,Williams,18,12,12,Finished,0.0,0,0
2024,16,Italian Grand Prix,2024-09-01,Italy,Monza,Autodromo Nazionale di Monza,ricciardo,RIC,3,Daniel Ricciardo,RB F1 Team,12,13,13,Finished,0.0,0,0
2024,16,Italian Grand Prix,2024-09-01,Italy,Monza,Autodromo Nazionale di Monza,ocon,OCO,31,Esteban Ocon,Alpine F1 Team,15,14,14,Lapped,0.0,0,0
2024,16,Italian Grand Prix,2024-09-01,Italy,Monza,Autodromo Nazionale di Monza,gasly,GAS,10,Pierre Gasly,Alpine F1 Team,14,15,15,Lapped,0.0,0,0
2024,16,Italian Grand Prix,2024-09-01,Italy,Monza,Autodromo Nazionale di Monza,bottas,BOT,77,Valtteri Bottas,Sauber,19,16,16,Lapped,0.0,0,0
2024,16,Italian Grand Prix,2024-09-01,Italy,Monza,Autodromo Nazionale di Monza,hulkenberg,HUL,27,Nico Hülkenberg,Haas F1 Team,10,17,17,Lapped,0.0,0,0
2024,16,Italian Grand Prix,2024-09-01,Italy,Monza,Autodromo Nazionale di Monza,zhou,ZHO,24,Guanyu Zhou,Sauber,20,18,18,Lapped,0.0,0,0
2024,16,Italian Grand Prix,2024-09-01,Italy,Monza,Autodromo Nazionale di Monza,stroll,STR,18,Lance Stroll,Aston Martin,17,19,19,Lapped,0.0,0,0
2024,16,Italian Grand Prix,2024-09-01,Italy,Monza,Autodromo Nazionale di Monza,tsunoda,TSU,22,Yuki Tsunoda,RB F1 Team,16,20,R,Retired,0.0,0,0
2024,17,Azerbaijan Grand Prix,2024-09-15,Azerbaijan,Baku,Baku City Circuit,piastri,PIA,81,Oscar Piastri,McLaren,2,1,1,Finished,25.0,1,1
2024,17,Azerbaijan Grand Prix,2024-09-15,Azerbaijan,Baku,Baku City Circuit,leclerc,LEC,16,Charles Leclerc,Ferrari,1,2,2,Finished,18.0,1,1
2024,17,Azerbaijan Grand Prix,2024-09-15,Azerbaijan,Baku,Baku City Circuit,russell,RUS,63,George Russell,Mercedes,5,3,3,Finished,15.0,1,1
2024,17,Azerbaijan Grand Prix,2024-09-15,Azerbaijan,Baku,Baku City Circuit,norris,NOR,4,Lando Norris,McLaren,15,4,4,Finished,13.0,0,1
2024,17,Azerbaijan Grand Prix,2024-09-15,Azerbaijan,Baku,Baku City Circuit,max_verstappen,VER,1,Max Verstappen,Red Bull,6,5,5,Finished,10.0,0,1
2024,17,Azerbaijan Grand Prix,2024-09-15,Azerbaijan,Baku,Baku City Circuit,alonso,ALO,14,Fernando Alonso,Aston Martin,7,6,6,Finished,8.0,0,1
2024,17,Azerbaijan Grand Prix,2024-09-15,Azerbaijan,Baku,Baku City Circuit,albon,ALB,23,Alexander Albon,Williams,9,7,7,Finished,6.0,0,1
2024,17,Azerbaijan Grand Prix,2024-09-15,Azerbaijan,Baku,Baku City Circuit,colapinto,COL,43,Franco Colapinto,Williams,8,8,8,Finished,4.0,0,1
2024,17,Azerbaijan Grand Prix,2024-09-15,Azerbaijan,Baku,Baku City Circuit,hamilton,HAM,44,Lewis Hamilton,Mercedes,19,9,9,Finished,2.0,0,1
2024,17,Azerbaijan Grand Prix,2024-09-15,Azerbaijan,Baku,Baku City Circuit,bearman,BEA,50,Oliver Bearman,Haas F1 Team,10,10,10,Finished,1.0,0,1
2024,17,Azerbaijan Grand Prix,2024-09-15,Azerbaijan,Baku,Baku City Circuit,hulkenberg,HUL,27,Nico Hülkenberg,Haas F1 Team,12,11,11,Finished,0.0,0,0
2024,17,Azerbaijan Grand Prix,2024-09-15,Azerbaijan,Baku,Baku City Circuit,gasly,GAS,10,Pierre Gasly,Alpine F1 Team,18,12,12,Finished,0.0,0,0
2024,17,Azerbaijan Grand Prix,2024-09-15,Azerbaijan,Baku,Baku City Circuit,ricciardo,RIC,3,Daniel Ricciardo,RB F1 Team,14,13,13,Finished,0.0,0,0
2024,17,Azerbaijan Grand Prix,2024-09-15,Azerbaijan,Baku,Baku City Circuit,zhou,ZHO,24,Guanyu Zhou,Sauber,17,14,14,Finished,0.0,0,0
2024,17,Azerbaijan Grand Prix,2024-09-15,Azerbaijan,Baku,Baku City Circuit,ocon,OCO,31,Esteban Ocon,Alpine F1 Team,20,15,15,Lapped,0.0,0,0
2024,17,Azerbaijan Grand Prix,2024-09-15,Azerbaijan,Baku,Baku City Circuit,bottas,BOT,77,Valtteri Bottas,Sauber,16,16,16,Lapped,0.0,0,0
2024,17,Azerbaijan Grand Prix,2024-09-15,Azerbaijan,Baku,Baku City Circuit,perez,PER,11,Sergio Pérez,Red Bull,4,17,17,Retired,0.0,0,0
2024,17,Azerbaijan Grand Prix,2024-09-15,Azerbaijan,Baku,Baku City Circuit,sainz,SAI,55,Carlos Sainz,Ferrari,3,18,18,Retired,0.0,0,0
2024,17,Azerbaijan Grand Prix,2024-09-15,Azerbaijan,Baku,Baku City Circuit,stroll,STR,18,Lance Stroll,Aston Martin,13,19,19,Retired,0.0,0,0
2024,17,Azerbaijan Grand Prix,2024-09-15,Azerbaijan,Baku,Baku City Circuit,tsunoda,TSU,22,Yuki Tsunoda,RB F1 Team,11,20,R,Retired,0.0,0,0
2024,18,Singapore Grand Prix,2024-09-22,Singapore,Marina Bay,Marina Bay Street Circuit,norris,NOR,4,Lando Norris,McLaren,1,1,1,Finished,25.0,1,1
2024,18,Singapore Grand Prix,2024-09-22,Singapore,Marina Bay,Marina Bay Street Circuit,max_verstappen,VER,1,Max Verstappen,Red Bull,2,2,2,Finished,18.0,1,1
2024,18,Singapore Grand Prix,2024-09-22,Singapore,Marina Bay,Marina Bay Street Circuit,piastri,PIA,81,Oscar Piastri,McLaren,5,3,3,Finished,15.0,1,1
2024,18,Singapore Grand Prix,2024-09-22,Singapore,Marina Bay,Marina Bay Street Circuit,russell,RUS,63,George Russell,Mercedes,4,4,4,Finished,12.0,0,1
2024,18,Singapore Grand Prix,2024-09-22,Singapore,Marina Bay,Marina Bay Street Circuit,leclerc,LEC,16,Charles Leclerc,Ferrari,9,5,5,Finished,10.0,0,1
2024,18,Singapore Grand Prix,2024-09-22,Singapore,Marina Bay,Marina Bay Street Circuit,hamilton,HAM,44,Lewis Hamilton,Mercedes,3,6,6,Finished,8.0,0,1
2024,18,Singapore Grand Prix,2024-09-22,Singapore,Marina Bay,Marina Bay Street Circuit,sainz,SAI,55,Carlos Sainz,Ferrari,10,7,7,Finished,6.0,0,1
2024,18,Singapore Grand Prix,2024-09-22,Singapore,Marina Bay,Marina Bay Street Circuit,alonso,ALO,14,Fernando Alonso,Aston Martin,7,8,8,Lapped,4.0,0,1
2024,18,Singapore Grand Prix,2024-09-22,Singapore,Marina Bay,Marina Bay Street Circuit,hulkenberg,HUL,27,Nico Hülkenberg,Haas F1 Team,6,9,9,Lapped,2.0,0,1
2024,18,Singapore Grand Prix,2024-09-22,Singapore,Marina Bay,Marina Bay Street Circuit,perez,PER,11,Sergio Pérez,Red Bull,13,10,10,Lapped,1.0,0,1
2024,18,Singapore Grand Prix,2024-09-22,Singapore,Marina Bay,Marina Bay Street Circuit,colapinto,COL,43,Franco Colapinto,Williams,12,11,11,Lapped,0.0,0,0
2024,18,Singapore Grand Prix,2024-09-22,Singapore,Marina Bay,Marina Bay Street Circuit,tsunoda,TSU,22,Yuki Tsunoda,RB F1 Team,8,12,12,Lapped,0.0,0,0
2024,18,Singapore Grand Prix,2024-09-22,Singapore,Marina Bay,Marina Bay Street Circuit,ocon,OCO,31,Esteban Ocon,Alpine F1 Team,15,13,13,Lapped,0.0,0,0
2024,18,Singapore Grand Prix,2024-09-22,Singapore,Marina Bay,Marina Bay Street Circuit,stroll,STR,18,Lance Stroll,Aston Martin,17,14,14,Lapped,0.0,0,0
2024,18,Singapore Grand Prix,2024-09-22,Singapore,Marina Bay,Marina Bay Street Circuit,zhou,ZHO,24,Guanyu Zhou,Sauber,20,15,15,Lapped,0.0,0,0
2024,18,Singapore Grand Prix,2024-09-22,Singapore,Marina Bay,Marina Bay Street Circuit,bottas,BOT,77,Valtteri Bottas,Sauber,19,16,16,Lapped,0.0,0,0
2024,18,Singapore Grand Prix,2024-09-22,Singapore,Marina Bay,Marina Bay Street Circuit,gasly,GAS,10,Pierre Gasly,Alpine F1 Team,18,17,17,Lapped,0.0,0,0
2024,18,Singapore Grand Prix,2024-09-22,Singapore,Marina Bay,Marina Bay Street Circuit,ricciardo,RIC,3,Daniel Ricciardo,RB F1 Team,16,18,18,Lapped,0.0,0,0
2024,18,Singapore Grand Prix,2024-09-22,Singapore,Marina Bay,Marina Bay Street Circuit,kevin_magnussen,MAG,20,Kevin Magnussen,Haas F1 Team,14,19,19,Retired,0.0,0,0
2024,18,Singapore Grand Prix,2024-09-22,Singapore,Marina Bay,Marina Bay Street Circuit,albon,ALB,23,Alexander Albon,Williams,11,20,R,Retired,0.0,0,0
2024,19,United States Grand Prix,2024-10-20,USA,Austin,Circuit of the Americas,leclerc,LEC,16,Charles Leclerc,Ferrari,4,1,1,Finished,25.0,1,1
2024,19,United States Grand Prix,2024-10-20,USA,Austin,Circuit of the Americas,sainz,SAI,55,Carlos Sainz,Ferrari,3,2,2,Finished,18.0,1,1
2024,19,United States Grand Prix,2024-10-20,USA,Austin,Circuit of the Americas,max_verstappen,VER,1,Max Verstappen,Red Bull,2,3,3,Finished,15.0,1,1
2024,19,United States Grand Prix,2024-10-20,USA,Austin,Circuit of the Americas,norris,NOR,4,Lando Norris,McLaren,1,4,4,Finished,12.0,0,1
2024,19,United States Grand Prix,2024-10-20,USA,Austin,Circuit of the Americas,piastri,PIA,81,Oscar Piastri,McLaren,5,5,5,Finished,10.0,0,1
2024,19,United States Grand Prix,2024-10-20,USA,Austin,Circuit of the Americas,russell,RUS,63,George Russell,Mercedes,20,6,6,Finished,8.0,0,1
2024,19,United States Grand Prix,2024-10-20,USA,Austin,Circuit of the Americas,perez,PER,11,Sergio Pérez,Red Bull,9,7,7,Finished,6.0,0,1
2024,19,United States Grand Prix,2024-10-20,USA,Austin,Circuit of the Americas,hulkenberg,HUL,27,Nico Hülkenberg,Haas F1 Team,11,8,8,Finished,4.0,0,1
2024,19,United States Grand Prix,2024-10-20,USA,Austin,Circuit of the Americas,lawson,LAW,30,Liam Lawson,RB F1 Team,19,9,9,Finished,2.0,0,1
2024,19,United States Grand Prix,2024-10-20,USA,Austin,Circuit of the Americas,colapinto,COL,43,Franco Colapinto,Williams,15,10,10,Finished,1.0,0,1
2024,19,United States Grand Prix,2024-10-20,USA,Austin,Circuit of the Americas,kevin_magnussen,MAG,20,Kevin Magnussen,Haas F1 Team,8,11,11,Finished,0.0,0,0
2024,19,United States Grand Prix,2024-10-20,USA,Austin,Circuit of the Americas,gasly,GAS,10,Pierre Gasly,Alpine F1 Team,6,12,12,Finished,0.0,0,0
2024,19,United States Grand Prix,2024-10-20,USA,Austin,Circuit of the Americas,alonso,ALO,14,Fernando Alonso,Aston Martin,7,13,13,Lapped,0.0,0,0
2024,19,United States Grand Prix,2024-10-20,USA,Austin,Circuit of the Americas,tsunoda,TSU,22,Yuki Tsunoda,RB F1 Team,10,14,14,Lapped,0.0,0,0
2024,19,United States Grand Prix,2024-10-20,USA,Austin,Circuit of the Americas,stroll,STR,18,Lance Stroll,Aston Martin,13,15,15,Lapped,0.0,0,0
2024,19,United States Grand Prix,2024-10-20,USA,Austin,Circuit of the Americas,albon,ALB,23,Alexander Albon,Williams,14,16,16,Lapped,0.0,0,0
2024,19,United States Grand Prix,2024-10-20,USA,Austin,Circuit of the Americas,bottas,BOT,77,Valtteri Bottas,Sauber,16,17,17,Lapped,0.0,0,0
2024,19,United States Grand Prix,2024-10-20,USA,Austin,Circuit of the Americas,ocon,OCO,31,Esteban Ocon,Alpine F1 Team,12,18,18,Lapped,0.0,0,0
2024,19,United States Grand Prix,2024-10-20,USA,Austin,Circuit of the Americas,zhou,ZHO,24,Guanyu Zhou,Sauber,18,19,19,Lapped,0.0,0,0
2024,19,United States Grand Prix,2024-10-20,USA,Austin,Circuit of the Americas,hamilton,HAM,44,Lewis Hamilton,Mercedes,17,20,R,Retired,0.0,0,0
2024,20,Mexico City Grand Prix,2024-10-27,Mexico,Mexico City,Autódromo Hermanos Rodríguez,sainz,SAI,55,Carlos Sainz,Ferrari,1,1,1,Finished,25.0,1,1
2024,20,Mexico City Grand Prix,2024-10-27,Mexico,Mexico City,Autódromo Hermanos Rodríguez,norris,NOR,4,Lando Norris,McLaren,3,2,2,Finished,18.0,1,1
2024,20,Mexico City Grand Prix,2024-10-27,Mexico,Mexico City,Autódromo Hermanos Rodríguez,leclerc,LEC,16,Charles Leclerc,Ferrari,4,3,3,Finished,16.0,1,1
2024,20,Mexico City Grand Prix,2024-10-27,Mexico,Mexico City,Autódromo Hermanos Rodríguez,hamilton,HAM,44,Lewis Hamilton,Mercedes,6,4,4,Finished,12.0,0,1
2024,20,Mexico City Grand Prix,2024-10-27,Mexico,Mexico City,Autódromo Hermanos Rodríguez,russell,RUS,63,George Russell,Mercedes,5,5,5,Finished,10.0,0,1
2024,20,Mexico City Grand Prix,2024-10-27,Mexico,Mexico City,Autódromo Hermanos Rodríguez,max_verstappen,VER,1,Max Verstappen,Red Bull,2,6,6,Finished,8.0,0,1
2024,20,Mexico City Grand Prix,2024-10-27,Mexico,Mexico City,Autódromo Hermanos Rodríguez,kevin_magnussen,MAG,20,Kevin Magnussen,Haas F1 Team,7,7,7,Finished,6.0,0,1
2024,20,Mexico City Grand Prix,2024-10-27,Mexico,Mexico City,Autódromo Hermanos Rodríguez,piastri,PIA,81,Oscar Piastri,McLaren,17,8,8,Finished,4.0,0,1
2024,20,Mexico City Grand Prix,2024-10-27,Mexico,Mexico City,Autódromo Hermanos Rodríguez,hulkenberg,HUL,27,Nico Hülkenberg,Haas F1 Team,10,9,9,Lapped,2.0,0,1
2024,20,Mexico City Grand Prix,2024-10-27,Mexico,Mexico City,Autódromo Hermanos Rodríguez,gasly,GAS,10,Pierre Gasly,Alpine F1 Team,8,10,10,Lapped,1.0,0,1
2024,20,Mexico City Grand Prix,2024-10-27,Mexico,Mexico City,Autódromo Hermanos Rodríguez,stroll,STR,18,Lance Stroll,Aston Martin,14,11,11,Lapped,0.0,0,0
2024,20,Mexico City Grand Prix,2024-10-27,Mexico,Mexico City,Autódromo Hermanos Rodríguez,colapinto,COL,43,Franco Colapinto,Williams,16,12,12,Lapped,0.0,0,0
2024,20,Mexico City Grand Prix,2024-10-27,Mexico,Mexico City,Autódromo Hermanos Rodríguez,ocon,OCO,31,Esteban Ocon,Alpine F1 Team,0,13,13,Lapped,0.0,0,0
2024,20,Mexico City Grand Prix,2024-10-27,Mexico,Mexico City,Autódromo Hermanos Rodríguez,bottas,BOT,77,Valtteri Bottas,Sauber,15,14,14,Lapped,0.0,0,0
2024,20,Mexico City Grand Prix,2024-10-27,Mexico,Mexico City,Autódromo Hermanos Rodríguez,zhou,ZHO,24,Guanyu Zhou,Sauber,19,15,15,Lapped,0.0,0,0
2024,20,Mexico City Grand Prix,2024-10-27,Mexico,Mexico City,Autódromo Hermanos Rodríguez,lawson,LAW,30,Liam Lawson,RB F1 Team,12,16,16,Lapped,0.0,0,0
2024,20,Mexico City Grand Prix,2024-10-27,Mexico,Mexico City,Autódromo Hermanos Rodríguez,perez,PER,11,Sergio Pérez,Red Bull,18,17,17,Lapped,0.0,0,0
2024,20,Mexico City Grand Prix,2024-10-27,Mexico,Mexico City,Autódromo Hermanos Rodríguez,alonso,ALO,14,Fernando Alonso,Aston Martin,13,18,R,Retired,0.0,0,0
2024,20,Mexico City Grand Prix,2024-10-27,Mexico,Mexico City,Autódromo Hermanos Rodríguez,albon,ALB,23,Alexander Albon,Williams,9,19,R,Retired,0.0,0,0
2024,20,Mexico City Grand Prix,2024-10-27,Mexico,Mexico City,Autódromo Hermanos Rodríguez,tsunoda,TSU,22,Yuki Tsunoda,RB F1 Team,11,20,R,Retired,0.0,0,0
2024,21,São Paulo Grand Prix,2024-11-03,Brazil,São Paulo,Autódromo José Carlos Pace,max_verstappen,VER,1,Max Verstappen,Red Bull,17,1,1,Finished,26.0,1,1
2024,21,São Paulo Grand Prix,2024-11-03,Brazil,São Paulo,Autódromo José Carlos Pace,ocon,OCO,31,Esteban Ocon,Alpine F1 Team,4,2,2,Finished,18.0,1,1
2024,21,São Paulo Grand Prix,2024-11-03,Brazil,São Paulo,Autódromo José Carlos Pace,gasly,GAS,10,Pierre Gasly,Alpine F1 Team,13,3,3,Finished,15.0,1,1
2024,21,São Paulo Grand Prix,2024-11-03,Brazil,São Paulo,Autódromo José Carlos Pace,russell,RUS,63,George Russell,Mercedes,2,4,4,Finished,12.0,0,1
2024,21,São Paulo Grand Prix,2024-11-03,Brazil,São Paulo,Autódromo José Carlos Pace,leclerc,LEC,16,Charles Leclerc,Ferrari,6,5,5,Finished,10.0,0,1
2024,21,São Paulo Grand Prix,2024-11-03,Brazil,São Paulo,Autódromo José Carlos Pace,norris,NOR,4,Lando Norris,McLaren,1,6,6,Finished,8.0,0,1
2024,21,São Paulo Grand Prix,2024-11-03,Brazil,São Paulo,Autódromo José Carlos Pace,tsunoda,TSU,22,Yuki Tsunoda,RB F1 Team,3,7,7,Finished,6.0,0,1
2024,21,São Paulo Grand Prix,2024-11-03,Brazil,São Paulo,Autódromo José Carlos Pace,piastri,PIA,81,Oscar Piastri,McLaren,8,8,8,Finished,4.0,0,1
2024,21,São Paulo Grand Prix,2024-11-03,Brazil,São Paulo,Autódromo José Carlos Pace,lawson,LAW,30,Liam Lawson,RB F1 Team,5,9,9,Finished,2.0,0,1
2024,21,São Paulo Grand Prix,2024-11-03,Brazil,São Paulo,Autódromo José Carlos Pace,hamilton,HAM,44,Lewis Hamilton,Mercedes,14,10,10,Finished,1.0,0,1
2024,21,São Paulo Grand Prix,2024-11-03,Brazil,São Paulo,Autódromo José Carlos Pace,perez,PER,11,Sergio Pérez,Red Bull,12,11,11,Finished,0.0,0,0
2024,21,São Paulo Grand Prix,2024-11-03,Brazil,São Paulo,Autódromo José Carlos Pace,bearman,BEA,50,Oliver Bearman,Haas F1 Team,15,12,12,Finished,0.0,0,0
2024,21,São Paulo Grand Prix,2024-11-03,Brazil,São Paulo,Autódromo José Carlos Pace,bottas,BOT,77,Valtteri Bottas,Sauber,11,13,13,Finished,0.0,0,0
2024,21,São Paulo Grand Prix,2024-11-03,Brazil,São Paulo,Autódromo José Carlos Pace,alonso,ALO,14,Fernando Alonso,Aston Martin,9,14,14,Finished,0.0,0,0
2024,21,São Paulo Grand Prix,2024-11-03,Brazil,São Paulo,Autódromo José Carlos Pace,zhou,ZHO,24,Guanyu Zhou,Sauber,19,15,15,Finished,0.0,0,0
2024,21,São Paulo Grand Prix,2024-11-03,Brazil,São Paulo,Autódromo José Carlos Pace,sainz,SAI,55,Carlos Sainz,Ferrari,20,16,R,Retired,0.0,0,0
2024,21,São Paulo Grand Prix,2024-11-03,Brazil,São Paulo,Autódromo José Carlos Pace,colapinto,COL,43,Franco Colapinto,Williams,16,17,R,Retired,0.0,0,0
2024,21,São Paulo Grand Prix,2024-11-03,Brazil,São Paulo,Autódromo José Carlos Pace,albon,ALB,23,Alexander Albon,Williams,7,18,W,Did not start,0.0,0,0
2024,21,São Paulo Grand Prix,2024-11-03,Brazil,São Paulo,Autódromo José Carlos Pace,stroll,STR,18,Lance Stroll,Aston Martin,10,19,W,Did not start,0.0,0,0
2024,21,São Paulo Grand Prix,2024-11-03,Brazil,São Paulo,Autódromo José Carlos Pace,hulkenberg,HUL,27,Nico Hülkenberg,Haas F1 Team,18,20,D,Disqualified,0.0,0,0
2024,22,Las Vegas Grand Prix,2024-11-23,USA,Las Vegas,Las Vegas Strip Street Circuit,russell,RUS,63,George Russell,Mercedes,1,1,1,Finished,25.0,1,1
2024,22,Las Vegas Grand Prix,2024-11-23,USA,Las Vegas,Las Vegas Strip Street Circuit,hamilton,HAM,44,Lewis Hamilton,Mercedes,10,2,2,Finished,18.0,1,1
2024,22,Las Vegas Grand Prix,2024-11-23,USA,Las Vegas,Las Vegas Strip Street Circuit,sainz,SAI,55,Carlos Sainz,Ferrari,2,3,3,Finished,15.0,1,1
2024,22,Las Vegas Grand Prix,2024-11-23,USA,Las Vegas,Las Vegas Strip Street Circuit,leclerc,LEC,16,Charles Leclerc,Ferrari,4,4,4,Finished,12.0,0,1
2024,22,Las Vegas Grand Prix,2024-11-23,USA,Las Vegas,Las Vegas Strip Street Circuit,max_verstappen,VER,1,Max Verstappen,Red Bull,5,5,5,Finished,10.0,0,1
2024,22,Las Vegas Grand Prix,2024-11-23,USA,Las Vegas,Las Vegas Strip Street Circuit,norris,NOR,4,Lando Norris,McLaren,6,6,6,Finished,9.0,0,1
2024,22,Las Vegas Grand Prix,2024-11-23,USA,Las Vegas,Las Vegas Strip Street Circuit,piastri,PIA,81,Oscar Piastri,McLaren,8,7,7,Finished,6.0,0,1
2024,22,Las Vegas Grand Prix,2024-11-23,USA,Las Vegas,Las Vegas Strip Street Circuit,hulkenberg,HUL,27,Nico Hülkenberg,Haas F1 Team,9,8,8,Finished,4.0,0,1
2024,22,Las Vegas Grand Prix,2024-11-23,USA,Las Vegas,Las Vegas Strip Street Circuit,tsunoda,TSU,22,Yuki Tsunoda,RB F1 Team,7,9,9,Finished,2.0,0,1
2024,22,Las Vegas Grand Prix,2024-11-23,USA,Las Vegas,Las Vegas Strip Street Circuit,perez,PER,11,Sergio Pérez,Red Bull,15,10,10,Finished,1.0,0,1
2024,22,Las Vegas Grand Prix,2024-11-23,USA,Las Vegas,Las Vegas Strip Street Circuit,alonso,ALO,14,Fernando Alonso,Aston Martin,16,11,11,Finished,0.0,0,0
2024,22,Las Vegas Grand Prix,2024-11-23,USA,Las Vegas,Las Vegas Strip Street Circuit,kevin_magnussen,MAG,20,Kevin Magnussen,Haas F1 Team,12,12,12,Finished,0.0,0,0
2024,22,Las Vegas Grand Prix,2024-11-23,USA,Las Vegas,Las Vegas Strip Street Circuit,zhou,ZHO,24,Guanyu Zhou,Sauber,13,13,13,Finished,0.0,0,0
2024,22,Las Vegas Grand Prix,2024-11-23,USA,Las Vegas,Las Vegas Strip Street Circuit,colapinto,COL,43,Franco Colapinto,Williams,20,14,14,Finished,0.0,0,0
2024,22,Las Vegas Grand Prix,2024-11-23,USA,Las Vegas,Las Vegas Strip Street Circuit,stroll,STR,18,Lance Stroll,Aston Martin,18,15,15,Finished,0.0,0,0
2024,22,Las Vegas Grand Prix,2024-11-23,USA,Las Vegas,Las Vegas Strip Street Circuit,lawson,LAW,30,Liam Lawson,RB F1 Team,14,16,16,Finished,0.0,0,0
2024,22,Las Vegas Grand Prix,2024-11-23,USA,Las Vegas,Las Vegas Strip Street Circuit,ocon,OCO,31,Esteban Ocon,Alpine F1 Team,11,17,17,Lapped,0.0,0,0
2024,22,Las Vegas Grand Prix,2024-11-23,USA,Las Vegas,Las Vegas Strip Street Circuit,bottas,BOT,77,Valtteri Bottas,Sauber,19,18,18,Lapped,0.0,0,0
2024,22,Las Vegas Grand Prix,2024-11-23,USA,Las Vegas,Las Vegas Strip Street Circuit,albon,ALB,23,Alexander Albon,Williams,17,19,R,Retired,0.0,0,0
2024,22,Las Vegas Grand Prix,2024-11-23,USA,Las Vegas,Las Vegas Strip Street Circuit,gasly,GAS,10,Pierre Gasly,Alpine F1 Team,3,20,R,Retired,0.0,0,0
2024,23,Qatar Grand Prix,2024-12-01,Qatar,Lusail,Losail International Circuit,max_verstappen,VER,1,Max Verstappen,Red Bull,2,1,1,Finished,25.0,1,1
2024,23,Qatar Grand Prix,2024-12-01,Qatar,Lusail,Losail International Circuit,leclerc,LEC,16,Charles Leclerc,Ferrari,5,2,2,Finished,18.0,1,1
2024,23,Qatar Grand Prix,2024-12-01,Qatar,Lusail,Losail International Circuit,piastri,PIA,81,Oscar Piastri,McLaren,4,3,3,Finished,15.0,1,1
2024,23,Qatar Grand Prix,2024-12-01,Qatar,Lusail,Losail International Circuit,russell,RUS,63,George Russell,Mercedes,1,4,4,Finished,12.0,0,1
2024,23,Qatar Grand Prix,2024-12-01,Qatar,Lusail,Losail International Circuit,gasly,GAS,10,Pierre Gasly,Alpine F1 Team,11,5,5,Finished,10.0,0,1
2024,23,Qatar Grand Prix,2024-12-01,Qatar,Lusail,Losail International Circuit,sainz,SAI,55,Carlos Sainz,Ferrari,7,6,6,Finished,8.0,0,1
2024,23,Qatar Grand Prix,2024-12-01,Qatar,Lusail,Losail International Circuit,alonso,ALO,14,Fernando Alonso,Aston Martin,8,7,7,Finished,6.0,0,1
2024,23,Qatar Grand Prix,2024-12-01,Qatar,Lusail,Losail International Circuit,zhou,ZHO,24,Guanyu Zhou,Sauber,12,8,8,Finished,4.0,0,1
2024,23,Qatar Grand Prix,2024-12-01,Qatar,Lusail,Losail International Circuit,kevin_magnussen,MAG,20,Kevin Magnussen,Haas F1 Team,10,9,9,Finished,2.0,0,1
2024,23,Qatar Grand Prix,2024-12-01,Qatar,Lusail,Losail International Circuit,norris,NOR,4,Lando Norris,McLaren,3,10,10,Finished,2.0,0,1
2024,23,Qatar Grand Prix,2024-12-01,Qatar,Lusail,Losail International Circuit,bottas,BOT,77,Valtteri Bottas,Sauber,13,11,11,Finished,0.0,0,0
2024,23,Qatar Grand Prix,2024-12-01,Qatar,Lusail,Losail International Circuit,hamilton,HAM,44,Lewis Hamilton,Mercedes,6,12,12,Finished,0.0,0,0
2024,23,Qatar Grand Prix,2024-12-01,Qatar,Lusail,Losail International Circuit,tsunoda,TSU,22,Yuki Tsunoda,RB F1 Team,14,13,13,Finished,0.0,0,0
2024,23,Qatar Grand Prix,2024-12-01,Qatar,Lusail,Losail International Circuit,lawson,LAW,30,Liam Lawson,RB F1 Team,17,14,14,Finished,0.0,0,0
2024,23,Qatar Grand Prix,2024-12-01,Qatar,Lusail,Losail International Circuit,albon,ALB,23,Alexander Albon,Williams,16,15,15,Lapped,0.0,0,0
2024,23,Qatar Grand Prix,2024-12-01,Qatar,Lusail,Losail International Circuit,hulkenberg,HUL,27,Nico Hülkenberg,Haas F1 Team,18,16,R,Retired,0.0,0,0
2024,23,Qatar Grand Prix,2024-12-01,Qatar,Lusail,Losail International Circuit,perez,PER,11,Sergio Pérez,Red Bull,9,17,R,Retired,0.0,0,0
2024,23,Qatar Grand Prix,2024-12-01,Qatar,Lusail,Losail International Circuit,stroll,STR,18,Lance Stroll,Aston Martin,15,18,R,Retired,0.0,0,0
2024,23,Qatar Grand Prix,2024-12-01,Qatar,Lusail,Losail International Circuit,colapinto,COL,43,Franco Colapinto,Williams,19,19,R,Retired,0.0,0,0
2024,23,Qatar Grand Prix,2024-12-01,Qatar,Lusail,Losail International Circuit,ocon,OCO,31,Esteban Ocon,Alpine F1 Team,20,20,R,Retired,0.0,0,0
2024,24,Abu Dhabi Grand Prix,2024-12-08,UAE,Abu Dhabi,Yas Marina Circuit,norris,NOR,4,Lando Norris,McLaren,1,1,1,Finished,25.0,1,1
2024,24,Abu Dhabi Grand Prix,2024-12-08,UAE,Abu Dhabi,Yas Marina Circuit,sainz,SAI,55,Carlos Sainz,Ferrari,3,2,2,Finished,18.0,1,1
2024,24,Abu Dhabi Grand Prix,2024-12-08,UAE,Abu Dhabi,Yas Marina Circuit,leclerc,LEC,16,Charles Leclerc,Ferrari,19,3,3,Finished,15.0,1,1
2024,24,Abu Dhabi Grand Prix,2024-12-08,UAE,Abu Dhabi,Yas Marina Circuit,hamilton,HAM,44,Lewis Hamilton,Mercedes,16,4,4,Finished,12.0,0,1
2024,24,Abu Dhabi Grand Prix,2024-12-08,UAE,Abu Dhabi,Yas Marina Circuit,russell,RUS,63,George Russell,Mercedes,6,5,5,Finished,10.0,0,1
2024,24,Abu Dhabi Grand Prix,2024-12-08,UAE,Abu Dhabi,Yas Marina Circuit,max_verstappen,VER,1,Max Verstappen,Red Bull,4,6,6,Finished,8.0,0,1
2024,24,Abu Dhabi Grand Prix,2024-12-08,UAE,Abu Dhabi,Yas Marina Circuit,gasly,GAS,10,Pierre Gasly,Alpine F1 Team,5,7,7,Finished,6.0,0,1
2024,24,Abu Dhabi Grand Prix,2024-12-08,UAE,Abu Dhabi,Yas Marina Circuit,hulkenberg,HUL,27,Nico Hülkenberg,Haas F1 Team,7,8,8,Finished,4.0,0,1
2024,24,Abu Dhabi Grand Prix,2024-12-08,UAE,Abu Dhabi,Yas Marina Circuit,alonso,ALO,14,Fernando Alonso,Aston Martin,8,9,9,Finished,2.0,0,1
2024,24,Abu Dhabi Grand Prix,2024-12-08,UAE,Abu Dhabi,Yas Marina Circuit,piastri,PIA,81,Oscar Piastri,McLaren,2,10,10,Finished,1.0,0,1
2024,24,Abu Dhabi Grand Prix,2024-12-08,UAE,Abu Dhabi,Yas Marina Circuit,albon,ALB,23,Alexander Albon,Williams,18,11,11,Lapped,0.0,0,0
2024,24,Abu Dhabi Grand Prix,2024-12-08,UAE,Abu Dhabi,Yas Marina Circuit,tsunoda,TSU,22,Yuki Tsunoda,RB F1 Team,11,12,12,Lapped,0.0,0,0
2024,24,Abu Dhabi Grand Prix,2024-12-08,UAE,Abu Dhabi,Yas Marina Circuit,zhou,ZHO,24,Guanyu Zhou,Sauber,15,13,13,Lapped,0.0,0,0
2024,24,Abu Dhabi Grand Prix,2024-12-08,UAE,Abu Dhabi,Yas Marina Circuit,stroll,STR,18,Lance Stroll,Aston Martin,13,14,14,Lapped,0.0,0,0
2024,24,Abu Dhabi Grand Prix,2024-12-08,UAE,Abu Dhabi,Yas Marina Circuit,doohan,DOO,61,Jack Doohan,Alpine F1 Team,17,15,15,Lapped,0.0,0,0
2024,24,Abu Dhabi Grand Prix,2024-12-08,UAE,Abu Dhabi,Yas Marina Circuit,kevin_magnussen,MAG,20,Kevin Magnussen,Haas F1 Team,14,16,16,Lapped,0.0,0,0
2024,24,Abu Dhabi Grand Prix,2024-12-08,UAE,Abu Dhabi,Yas Marina Circuit,lawson,LAW,30,Liam Lawson,RB F1 Team,12,17,17,Retired,0.0,0,0
2024,24,Abu Dhabi Grand Prix,2024-12-08,UAE,Abu Dhabi,Yas Marina Circuit,bottas,BOT,77,Valtteri Bottas,Sauber,9,18,R,Retired,0.0,0,0
2024,24,Abu Dhabi Grand Prix,2024-12-08,UAE,Abu Dhabi,Yas Marina Circuit,colapinto,COL,43,Franco Colapinto,Williams,20,19,R,Retired,0.0,0,0
2024,24,Abu Dhabi Grand Prix,2024-12-08,UAE,Abu Dhabi,Yas Marina Circuit,perez,PER,11,Sergio Pérez,Red Bull,10,20,R,Retired,0.0,0,0
2025,1,Australian Grand Prix,2025-03-16,Australia,Melbourne,Albert Park Grand Prix Circuit,norris,NOR,4,Lando Norris,McLaren,1,1,1,Finished,25.0,1,1
2025,1,Australian Grand Prix,2025-03-16,Australia,Melbourne,Albert Park Grand Prix Circuit,max_verstappen,VER,1,Max Verstappen,Red Bull,3,2,2,Finished,18.0,1,1
2025,1,Australian Grand Prix,2025-03-16,Australia,Melbourne,Albert Park Grand Prix Circuit,russell,RUS,63,George Russell,Mercedes,4,3,3,Finished,15.0,1,1
2025,1,Australian Grand Prix,2025-03-16,Australia,Melbourne,Albert Park Grand Prix Circuit,antonelli,ANT,12,Andrea Kimi Antonelli,Mercedes,16,4,4,Finished,12.0,0,1
2025,1,Australian Grand Prix,2025-03-16,Australia,Melbourne,Albert Park Grand Prix Circuit,albon,ALB,23,Alexander Albon,Williams,6,5,5,Finished,10.0,0,1
2025,1,Australian Grand Prix,2025-03-16,Australia,Melbourne,Albert Park Grand Prix Circuit,stroll,STR,18,Lance Stroll,Aston Martin,13,6,6,Finished,8.0,0,1
2025,1,Australian Grand Prix,2025-03-16,Australia,Melbourne,Albert Park Grand Prix Circuit,hulkenberg,HUL,27,Nico Hülkenberg,Sauber,17,7,7,Finished,6.0,0,1
2025,1,Australian Grand Prix,2025-03-16,Australia,Melbourne,Albert Park Grand Prix Circuit,leclerc,LEC,16,Charles Leclerc,Ferrari,7,8,8,Finished,4.0,0,1
2025,1,Australian Grand Prix,2025-03-16,Australia,Melbourne,Albert Park Grand Prix Circuit,piastri,PIA,81,Oscar Piastri,McLaren,2,9,9,Finished,2.0,0,1
2025,1,Australian Grand Prix,2025-03-16,Australia,Melbourne,Albert Park Grand Prix Circuit,hamilton,HAM,44,Lewis Hamilton,Ferrari,8,10,10,Finished,1.0,0,1
2025,1,Australian Grand Prix,2025-03-16,Australia,Melbourne,Albert Park Grand Prix Circuit,gasly,GAS,10,Pierre Gasly,Alpine F1 Team,9,11,11,Finished,0.0,0,0
2025,1,Australian Grand Prix,2025-03-16,Australia,Melbourne,Albert Park Grand Prix Circuit,tsunoda,TSU,22,Yuki Tsunoda,RB F1 Team,5,12,12,Finished,0.0,0,0
2025,1,Australian Grand Prix,2025-03-16,Australia,Melbourne,Albert Park Grand Prix Circuit,ocon,OCO,31,Esteban Ocon,Haas F1 Team,19,13,13,Finished,0.0,0,0
2025,1,Australian Grand Prix,2025-03-16,Australia,Melbourne,Albert Park Grand Prix Circuit,bearman,BEA,87,Oliver Bearman,Haas F1 Team,20,14,14,Finished,0.0,0,0
2025,1,Australian Grand Prix,2025-03-16,Australia,Melbourne,Albert Park Grand Prix Circuit,lawson,LAW,30,Liam Lawson,Red Bull,18,15,R,Retired,0.0,0,0
2025,1,Australian Grand Prix,2025-03-16,Australia,Melbourne,Albert Park Grand Prix Circuit,bortoleto,BOR,5,Gabriel Bortoleto,Sauber,15,16,R,Retired,0.0,0,0
2025,1,Australian Grand Prix,2025-03-16,Australia,Melbourne,Albert Park Grand Prix Circuit,alonso,ALO,14,Fernando Alonso,Aston Martin,12,17,R,Retired,0.0,0,0
2025,1,Australian Grand Prix,2025-03-16,Australia,Melbourne,Albert Park Grand Prix Circuit,sainz,SAI,55,Carlos Sainz,Williams,10,18,R,Retired,0.0,0,0
2025,1,Australian Grand Prix,2025-03-16,Australia,Melbourne,Albert Park Grand Prix Circuit,doohan,DOO,7,Jack Doohan,Alpine F1 Team,14,19,R,Retired,0.0,0,0
2025,1,Australian Grand Prix,2025-03-16,Australia,Melbourne,Albert Park Grand Prix Circuit,hadjar,HAD,6,Isack Hadjar,RB F1 Team,11,20,R,Retired,0.0,0,0
2025,2,Chinese Grand Prix,2025-03-23,China,Shanghai,Shanghai International Circuit,piastri,PIA,81,Oscar Piastri,McLaren,1,1,1,Finished,25.0,1,1
2025,2,Chinese Grand Prix,2025-03-23,China,Shanghai,Shanghai International Circuit,norris,NOR,4,Lando Norris,McLaren,3,2,2,Finished,18.0,1,1
2025,2,Chinese Grand Prix,2025-03-23,China,Shanghai,Shanghai International Circuit,russell,RUS,63,George Russell,Mercedes,2,3,3,Finished,15.0,1,1
2025,2,Chinese Grand Prix,2025-03-23,China,Shanghai,Shanghai International Circuit,max_verstappen,VER,1,Max Verstappen,Red Bull,4,4,4,Finished,12.0,0,1
2025,2,Chinese Grand Prix,2025-03-23,China,Shanghai,Shanghai International Circuit,ocon,OCO,31,Esteban Ocon,Haas F1 Team,11,5,5,Finished,10.0,0,1
2025,2,Chinese Grand Prix,2025-03-23,China,Shanghai,Shanghai International Circuit,antonelli,ANT,12,Andrea Kimi Antonelli,Mercedes,8,6,6,Finished,8.0,0,1
2025,2,Chinese Grand Prix,2025-03-23,China,Shanghai,Shanghai International Circuit,albon,ALB,23,Alexander Albon,Williams,10,7,7,Finished,6.0,0,1
2025,2,Chinese Grand Prix,2025-03-23,China,Shanghai,Shanghai International Circuit,bearman,BEA,87,Oliver Bearman,Haas F1 Team,17,8,8,Finished,4.0,0,1
2025,2,Chinese Grand Prix,2025-03-23,China,Shanghai,Shanghai International Circuit,stroll,STR,18,Lance Stroll,Aston Martin,14,9,9,Finished,2.0,0,1
2025,2,Chinese Grand Prix,2025-03-23,China,Shanghai,Shanghai International Circuit,sainz,SAI,55,Carlos Sainz,Williams,15,10,10,Finished,1.0,0,1
2025,2,Chinese Grand Prix,2025-03-23,China,Shanghai,Shanghai International Circuit,hadjar,HAD,6,Isack Hadjar,RB F1 Team,7,11,11,Finished,0.0,0,0
2025,2,Chinese Grand Prix,2025-03-23,China,Shanghai,Shanghai International Circuit,lawson,LAW,30,Liam Lawson,Red Bull,20,12,12,Finished,0.0,0,0
2025,2,Chinese Grand Prix,2025-03-23,China,Shanghai,Shanghai International Circuit,doohan,DOO,7,Jack Doohan,Alpine F1 Team,18,13,13,Finished,0.0,0,0
2025,2,Chinese Grand Prix,2025-03-23,China,Shanghai,Shanghai International Circuit,bortoleto,BOR,5,Gabriel Bortoleto,Sauber,19,14,14,Lapped,0.0,0,0
2025,2,Chinese Grand Prix,2025-03-23,China,Shanghai,Shanghai International Circuit,hulkenberg,HUL,27,Nico Hülkenberg,Sauber,12,15,15,Lapped,0.0,0,0
2025,2,Chinese Grand Prix,2025-03-23,China,Shanghai,Shanghai International Circuit,tsunoda,TSU,22,Yuki Tsunoda,RB F1 Team,9,16,16,Lapped,0.0,0,0
2025,2,Chinese Grand Prix,2025-03-23,China,Shanghai,Shanghai International Circuit,alonso,ALO,14,Fernando Alonso,Aston Martin,13,17,R,Retired,0.0,0,0
2025,2,Chinese Grand Prix,2025-03-23,China,Shanghai,Shanghai International Circuit,leclerc,LEC,16,Charles Leclerc,Ferrari,6,18,D,Disqualified,0.0,0,0
2025,2,Chinese Grand Prix,2025-03-23,China,Shanghai,Shanghai International Circuit,hamilton,HAM,44,Lewis Hamilton,Ferrari,5,19,D,Disqualified,0.0,0,0
2025,2,Chinese Grand Prix,2025-03-23,China,Shanghai,Shanghai International Circuit,gasly,GAS,10,Pierre Gasly,Alpine F1 Team,16,20,D,Disqualified,0.0,0,0
2025,3,Japanese Grand Prix,2025-04-06,Japan,Suzuka,Suzuka Circuit,max_verstappen,VER,1,Max Verstappen,Red Bull,1,1,1,Finished,25.0,1,1
2025,3,Japanese Grand Prix,2025-04-06,Japan,Suzuka,Suzuka Circuit,norris,NOR,4,Lando Norris,McLaren,2,2,2,Finished,18.0,1,1
2025,3,Japanese Grand Prix,2025-04-06,Japan,Suzuka,Suzuka Circuit,piastri,PIA,81,Oscar Piastri,McLaren,3,3,3,Finished,15.0,1,1
2025,3,Japanese Grand Prix,2025-04-06,Japan,Suzuka,Suzuka Circuit,leclerc,LEC,16,Charles Leclerc,Ferrari,4,4,4,Finished,12.0,0,1
2025,3,Japanese Grand Prix,2025-04-06,Japan,Suzuka,Suzuka Circuit,russell,RUS,63,George Russell,Mercedes,5,5,5,Finished,10.0,0,1
2025,3,Japanese Grand Prix,2025-04-06,Japan,Suzuka,Suzuka Circuit,antonelli,ANT,12,Andrea Kimi Antonelli,Mercedes,6,6,6,Finished,8.0,0,1
2025,3,Japanese Grand Prix,2025-04-06,Japan,Suzuka,Suzuka Circuit,hamilton,HAM,44,Lewis Hamilton,Ferrari,8,7,7,Finished,6.0,0,1
2025,3,Japanese Grand Prix,2025-04-06,Japan,Suzuka,Suzuka Circuit,hadjar,HAD,6,Isack Hadjar,RB F1 Team,7,8,8,Finished,4.0,0,1
2025,3,Japanese Grand Prix,2025-04-06,Japan,Suzuka,Suzuka Circuit,albon,ALB,23,Alexander Albon,Williams,9,9,9,Finished,2.0,0,1
2025,3,Japanese Grand Prix,2025-04-06,Japan,Suzuka,Suzuka Circuit,bearman,BEA,87,Oliver Bearman,Haas F1 Team,10,10,10,Finished,1.0,0,1
2025,3,Japanese Grand Prix,2025-04-06,Japan,Suzuka,Suzuka Circuit,alonso,ALO,14,Fernando Alonso,Aston Martin,12,11,11,Finished,0.0,0,0
2025,3,Japanese Grand Prix,2025-04-06,Japan,Suzuka,Suzuka Circuit,tsunoda,TSU,22,Yuki Tsunoda,Red Bull,14,12,12,Finished,0.0,0,0
2025,3,Japanese Grand Prix,2025-04-06,Japan,Suzuka,Suzuka Circuit,gasly,GAS,10,Pierre Gasly,Alpine F1 Team,11,13,13,Finished,0.0,0,0
2025,3,Japanese Grand Prix,2025-04-06,Japan,Suzuka,Suzuka Circuit,sainz,SAI,55,Carlos Sainz,Williams,15,14,14,Finished,0.0,0,0
2025,3,Japanese Grand Prix,2025-04-06,Japan,Suzuka,Suzuka Circuit,doohan,DOO,7,Jack Doohan,Alpine F1 Team,19,15,15,Finished,0.0,0,0
2025,3,Japanese Grand Prix,2025-04-06,Japan,Suzuka,Suzuka Circuit,hulkenberg,HUL,27,Nico Hülkenberg,Sauber,16,16,16,Finished,0.0,0,0
2025,3,Japanese Grand Prix,2025-04-06,Japan,Suzuka,Suzuka Circuit,lawson,LAW,30,Liam Lawson,RB F1 Team,13,17,17,Finished,0.0,0,0
2025,3,Japanese Grand Prix,2025-04-06,Japan,Suzuka,Suzuka Circuit,ocon,OCO,31,Esteban Ocon,Haas F1 Team,18,18,18,Finished,0.0,0,0
2025,3,Japanese Grand Prix,2025-04-06,Japan,Suzuka,Suzuka Circuit,bortoleto,BOR,5,Gabriel Bortoleto,Sauber,17,19,19,Finished,0.0,0,0
2025,3,Japanese Grand Prix,2025-04-06,Japan,Suzuka,Suzuka Circuit,stroll,STR,18,Lance Stroll,Aston Martin,20,20,20,Lapped,0.0,0,0
2025,4,Bahrain Grand Prix,2025-04-13,Bahrain,Sakhir,Bahrain International Circuit,piastri,PIA,81,Oscar Piastri,McLaren,1,1,1,Finished,25.0,1,1
2025,4,Bahrain Grand Prix,2025-04-13,Bahrain,Sakhir,Bahrain International Circuit,russell,RUS,63,George Russell,Mercedes,3,2,2,Finished,18.0,1,1
2025,4,Bahrain Grand Prix,2025-04-13,Bahrain,Sakhir,Bahrain International Circuit,norris,NOR,4,Lando Norris,McLaren,6,3,3,Finished,15.0,1,1
2025,4,Bahrain Grand Prix,2025-04-13,Bahrain,Sakhir,Bahrain International Circuit,leclerc,LEC,16,Charles Leclerc,Ferrari,2,4,4,Finished,12.0,0,1
2025,4,Bahrain Grand Prix,2025-04-13,Bahrain,Sakhir,Bahrain International Circuit,hamilton,HAM,44,Lewis Hamilton,Ferrari,9,5,5,Finished,10.0,0,1
2025,4,Bahrain Grand Prix,2025-04-13,Bahrain,Sakhir,Bahrain International Circuit,max_verstappen,VER,1,Max Verstappen,Red Bull,7,6,6,Finished,8.0,0,1
2025,4,Bahrain Grand Prix,2025-04-13,Bahrain,Sakhir,Bahrain International Circuit,gasly,GAS,10,Pierre Gasly,Alpine F1 Team,4,7,7,Finished,6.0,0,1
2025,4,Bahrain Grand Prix,2025-04-13,Bahrain,Sakhir,Bahrain International Circuit,ocon,OCO,31,Esteban Ocon,Haas F1 Team,14,8,8,Finished,4.0,0,1
2025,4,Bahrain Grand Prix,2025-04-13,Bahrain,Sakhir,Bahrain International Circuit,tsunoda,TSU,22,Yuki Tsunoda,Red Bull,10,9,9,Finished,2.0,0,1
2025,4,Bahrain Grand Prix,2025-04-13,Bahrain,Sakhir,Bahrain International Circuit,bearman,BEA,87,Oliver Bearman,Haas F1 Team,20,10,10,Finished,1.0,0,1
2025,4,Bahrain Grand Prix,2025-04-13,Bahrain,Sakhir,Bahrain International Circuit,antonelli,ANT,12,Andrea Kimi Antonelli,Mercedes,5,11,11,Finished,0.0,0,0
2025,4,Bahrain Grand Prix,2025-04-13,Bahrain,Sakhir,Bahrain International Circuit,albon,ALB,23,Alexander Albon,Williams,15,12,12,Finished,0.0,0,0
2025,4,Bahrain Grand Prix,2025-04-13,Bahrain,Sakhir,Bahrain International Circuit,hadjar,HAD,6,Isack Hadjar,RB F1 Team,12,13,13,Finished,0.0,0,0
2025,4,Bahrain Grand Prix,2025-04-13,Bahrain,Sakhir,Bahrain International Circuit,doohan,DOO,7,Jack Doohan,Alpine F1 Team,11,14,14,Finished,0.0,0,0
2025,4,Bahrain Grand Prix,2025-04-13,Bahrain,Sakhir,Bahrain International Circuit,alonso,ALO,14,Fernando Alonso,Aston Martin,13,15,15,Finished,0.0,0,0
2025,4,Bahrain Grand Prix,2025-04-13,Bahrain,Sakhir,Bahrain International Circuit,lawson,LAW,30,Liam Lawson,RB F1 Team,17,16,16,Finished,0.0,0,0
2025,4,Bahrain Grand Prix,2025-04-13,Bahrain,Sakhir,Bahrain International Circuit,stroll,STR,18,Lance Stroll,Aston Martin,19,17,17,Finished,0.0,0,0
2025,4,Bahrain Grand Prix,2025-04-13,Bahrain,Sakhir,Bahrain International Circuit,bortoleto,BOR,5,Gabriel Bortoleto,Sauber,18,18,18,Finished,0.0,0,0
2025,4,Bahrain Grand Prix,2025-04-13,Bahrain,Sakhir,Bahrain International Circuit,sainz,SAI,55,Carlos Sainz,Williams,8,19,R,Retired,0.0,0,0
2025,4,Bahrain Grand Prix,2025-04-13,Bahrain,Sakhir,Bahrain International Circuit,hulkenberg,HUL,27,Nico Hülkenberg,Sauber,16,20,D,Disqualified,0.0,0,0
2025,5,Saudi Arabian Grand Prix,2025-04-20,Saudi Arabia,Jeddah,Jeddah Corniche Circuit,piastri,PIA,81,Oscar Piastri,McLaren,2,1,1,Finished,25.0,1,1
2025,5,Saudi Arabian Grand Prix,2025-04-20,Saudi Arabia,Jeddah,Jeddah Corniche Circuit,max_verstappen,VER,1,Max Verstappen,Red Bull,1,2,2,Finished,18.0,1,1
2025,5,Saudi Arabian Grand Prix,2025-04-20,Saudi Arabia,Jeddah,Jeddah Corniche Circuit,leclerc,LEC,16,Charles Leclerc,Ferrari,4,3,3,Finished,15.0,1,1
2025,5,Saudi Arabian Grand Prix,2025-04-20,Saudi Arabia,Jeddah,Jeddah Corniche Circuit,norris,NOR,4,Lando Norris,McLaren,10,4,4,Finished,12.0,0,1
2025,5,Saudi Arabian Grand Prix,2025-04-20,Saudi Arabia,Jeddah,Jeddah Corniche Circuit,russell,RUS,63,George Russell,Mercedes,3,5,5,Finished,10.0,0,1
2025,5,Saudi Arabian Grand Prix,2025-04-20,Saudi Arabia,Jeddah,Jeddah Corniche Circuit,antonelli,ANT,12,Andrea Kimi Antonelli,Mercedes,5,6,6,Finished,8.0,0,1
2025,5,Saudi Arabian Grand Prix,2025-04-20,Saudi Arabia,Jeddah,Jeddah Corniche Circuit,hamilton,HAM,44,Lewis Hamilton,Ferrari,7,7,7,Finished,6.0,0,1
2025,5,Saudi Arabian Grand Prix,2025-04-20,Saudi Arabia,Jeddah,Jeddah Corniche Circuit,sainz,SAI,55,Carlos Sainz,Williams,6,8,8,Finished,4.0,0,1
2025,5,Saudi Arabian Grand Prix,2025-04-20,Saudi Arabia,Jeddah,Jeddah Corniche Circuit,albon,ALB,23,Alexander Albon,Williams,11,9,9,Finished,2.0,0,1
2025,5,Saudi Arabian Grand Prix,2025-04-20,Saudi Arabia,Jeddah,Jeddah Corniche Circuit,hadjar,HAD,6,Isack Hadjar,RB F1 Team,14,10,10,Finished,1.0,0,1
2025,5,Saudi Arabian Grand Prix,2025-04-20,Saudi Arabia,Jeddah,Jeddah Corniche Circuit,alonso,ALO,14,Fernando Alonso,Aston Martin,13,11,11,Finished,0.0,0,0
2025,5,Saudi Arabian Grand Prix,2025-04-20,Saudi Arabia,Jeddah,Jeddah Corniche Circuit,lawson,LAW,30,Liam Lawson,RB F1 Team,12,12,12,Finished,0.0,0,0
2025,5,Saudi Arabian Grand Prix,2025-04-20,Saudi Arabia,Jeddah,Jeddah Corniche Circuit,bearman,BEA,87,Oliver Bearman,Haas F1 Team,15,13,13,Finished,0.0,0,0
2025,5,Saudi Arabian Grand Prix,2025-04-20,Saudi Arabia,Jeddah,Jeddah Corniche Circuit,ocon,OCO,31,Esteban Ocon,Haas F1 Team,19,14,14,Finished,0.0,0,0
2025,5,Saudi Arabian Grand Prix,2025-04-20,Saudi Arabia,Jeddah,Jeddah Corniche Circuit,hulkenberg,HUL,27,Nico Hülkenberg,Sauber,18,15,15,Lapped,0.0,0,0
2025,5,Saudi Arabian Grand Prix,2025-04-20,Saudi Arabia,Jeddah,Jeddah Corniche Circuit,stroll,STR,18,Lance Stroll,Aston Martin,16,16,16,Lapped,0.0,0,0
2025,5,Saudi Arabian Grand Prix,2025-04-20,Saudi Arabia,Jeddah,Jeddah Corniche Circuit,doohan,DOO,7,Jack Doohan,Alpine F1 Team,17,17,17,Lapped,0.0,0,0
2025,5,Saudi Arabian Grand Prix,2025-04-20,Saudi Arabia,Jeddah,Jeddah Corniche Circuit,bortoleto,BOR,5,Gabriel Bortoleto,Sauber,20,18,18,Lapped,0.0,0,0
2025,5,Saudi Arabian Grand Prix,2025-04-20,Saudi Arabia,Jeddah,Jeddah Corniche Circuit,tsunoda,TSU,22,Yuki Tsunoda,Red Bull,8,19,R,Retired,0.0,0,0
2025,5,Saudi Arabian Grand Prix,2025-04-20,Saudi Arabia,Jeddah,Jeddah Corniche Circuit,gasly,GAS,10,Pierre Gasly,Alpine F1 Team,9,20,R,Retired,0.0,0,0
2025,6,Miami Grand Prix,2025-05-04,USA,Miami,Miami International Autodrome,piastri,PIA,81,Oscar Piastri,McLaren,4,1,1,Finished,25.0,1,1
2025,6,Miami Grand Prix,2025-05-04,USA,Miami,Miami International Autodrome,norris,NOR,4,Lando Norris,McLaren,2,2,2,Finished,18.0,1,1
2025,6,Miami Grand Prix,2025-05-04,USA,Miami,Miami International Autodrome,russell,RUS,63,George Russell,Mercedes,5,3,3,Finished,15.0,1,1
2025,6,Miami Grand Prix,2025-05-04,USA,Miami,Miami International Autodrome,max_verstappen,VER,1,Max Verstappen,Red Bull,1,4,4,Finished,12.0,0,1
2025,6,Miami Grand Prix,2025-05-04,USA,Miami,Miami International Autodrome,albon,ALB,23,Alexander Albon,Williams,7,5,5,Finished,10.0,0,1
2025,6,Miami Grand Prix,2025-05-04,USA,Miami,Miami International Autodrome,antonelli,ANT,12,Andrea Kimi Antonelli,Mercedes,3,6,6,Finished,8.0,0,1
2025,6,Miami Grand Prix,2025-05-04,USA,Miami,Miami International Autodrome,leclerc,LEC,16,Charles Leclerc,Ferrari,8,7,7,Finished,6.0,0,1
2025,6,Miami Grand Prix,2025-05-04,USA,Miami,Miami International Autodrome,hamilton,HAM,44,Lewis Hamilton,Ferrari,12,8,8,Finished,4.0,0,1
2025,6,Miami Grand Prix,2025-05-04,USA,Miami,Miami International Autodrome,sainz,SAI,55,Carlos Sainz,Williams,6,9,9,Finished,2.0,0,1
2025,6,Miami Grand Prix,2025-05-04,USA,Miami,Miami International Autodrome,tsunoda,TSU,22,Yuki Tsunoda,Red Bull,10,10,10,Finished,1.0,0,1
2025,6,Miami Grand Prix,2025-05-04,USA,Miami,Miami International Autodrome,hadjar,HAD,6,Isack Hadjar,RB F1 Team,11,11,11,Finished,0.0,0,0
2025,6,Miami Grand Prix,2025-05-04,USA,Miami,Miami International Autodrome,ocon,OCO,31,Esteban Ocon,Haas F1 Team,9,12,12,Finished,0.0,0,0
2025,6,Miami Grand Prix,2025-05-04,USA,Miami,Miami International Autodrome,gasly,GAS,10,Pierre Gasly,Alpine F1 Team,20,13,13,Finished,0.0,0,0
2025,6,Miami Grand Prix,2025-05-04,USA,Miami,Miami International Autodrome,hulkenberg,HUL,27,Nico Hülkenberg,Sauber,16,14,14,Lapped,0.0,0,0
2025,6,Miami Grand Prix,2025-05-04,USA,Miami,Miami International Autodrome,alonso,ALO,14,Fernando Alonso,Aston Martin,17,15,15,Lapped,0.0,0,0
2025,6,Miami Grand Prix,2025-05-04,USA,Miami,Miami International Autodrome,stroll,STR,18,Lance Stroll,Aston Martin,18,16,16,Lapped,0.0,0,0
2025,6,Miami Grand Prix,2025-05-04,USA,Miami,Miami International Autodrome,lawson,LAW,30,Liam Lawson,RB F1 Team,15,17,R,Retired,0.0,0,0
2025,6,Miami Grand Prix,2025-05-04,USA,Miami,Miami International Autodrome,bortoleto,BOR,5,Gabriel Bortoleto,Sauber,13,18,R,Retired,0.0,0,0
2025,6,Miami Grand Prix,2025-05-04,USA,Miami,Miami International Autodrome,bearman,BEA,87,Oliver Bearman,Haas F1 Team,19,19,R,Retired,0.0,0,0
2025,6,Miami Grand Prix,2025-05-04,USA,Miami,Miami International Autodrome,doohan,DOO,7,Jack Doohan,Alpine F1 Team,14,20,R,Retired,0.0,0,0
2025,7,Emilia Romagna Grand Prix,2025-05-18,Italy,Imola,Autodromo Enzo e Dino Ferrari,max_verstappen,VER,1,Max Verstappen,Red Bull,2,1,1,Finished,25.0,1,1
2025,7,Emilia Romagna Grand Prix,2025-05-18,Italy,Imola,Autodromo Enzo e Dino Ferrari,norris,NOR,4,Lando Norris,McLaren,4,2,2,Finished,18.0,1,1
2025,7,Emilia Romagna Grand Prix,2025-05-18,Italy,Imola,Autodromo Enzo e Dino Ferrari,piastri,PIA,81,Oscar Piastri,McLaren,1,3,3,Finished,15.0,1,1
2025,7,Emilia Romagna Grand Prix,2025-05-18,Italy,Imola,Autodromo Enzo e Dino Ferrari,hamilton,HAM,44,Lewis Hamilton,Ferrari,12,4,4,Finished,12.0,0,1
2025,7,Emilia Romagna Grand Prix,2025-05-18,Italy,Imola,Autodromo Enzo e Dino Ferrari,albon,ALB,23,Alexander Albon,Williams,7,5,5,Finished,10.0,0,1
2025,7,Emilia Romagna Grand Prix,2025-05-18,Italy,Imola,Autodromo Enzo e Dino Ferrari,leclerc,LEC,16,Charles Leclerc,Ferrari,11,6,6,Finished,8.0,0,1
2025,7,Emilia Romagna Grand Prix,2025-05-18,Italy,Imola,Autodromo Enzo e Dino Ferrari,russell,RUS,63,George Russell,Mercedes,3,7,7,Finished,6.0,0,1
2025,7,Emilia Romagna Grand Prix,2025-05-18,Italy,Imola,Autodromo Enzo e Dino Ferrari,sainz,SAI,55,Carlos Sainz,Williams,6,8,8,Finished,4.0,0,1
2025,7,Emilia Romagna Grand Prix,2025-05-18,Italy,Imola,Autodromo Enzo e Dino Ferrari,hadjar,HAD,6,Isack Hadjar,RB F1 Team,9,9,9,Finished,2.0,0,1
2025,7,Emilia Romagna Grand Prix,2025-05-18,Italy,Imola,Autodromo Enzo e Dino Ferrari,tsunoda,TSU,22,Yuki Tsunoda,Red Bull,20,10,10,Finished,1.0,0,1
2025,7,Emilia Romagna Grand Prix,2025-05-18,Italy,Imola,Autodromo Enzo e Dino Ferrari,alonso,ALO,14,Fernando Alonso,Aston Martin,5,11,11,Finished,0.0,0,0
2025,7,Emilia Romagna Grand Prix,2025-05-18,Italy,Imola,Autodromo Enzo e Dino Ferrari,hulkenberg,HUL,27,Nico Hülkenberg,Sauber,17,12,12,Finished,0.0,0,0
2025,7,Emilia Romagna Grand Prix,2025-05-18,Italy,Imola,Autodromo Enzo e Dino Ferrari,gasly,GAS,10,Pierre Gasly,Alpine F1 Team,10,13,13,Finished,0.0,0,0
2025,7,Emilia Romagna Grand Prix,2025-05-18,Italy,Imola,Autodromo Enzo e Dino Ferrari,lawson,LAW,30,Liam Lawson,RB F1 Team,15,14,14,Finished,0.0,0,0
2025,7,Emilia Romagna Grand Prix,2025-05-18,Italy,Imola,Autodromo Enzo e Dino Ferrari,stroll,STR,18,Lance Stroll,Aston Martin,8,15,15,Finished,0.0,0,0
2025,7,Emilia Romagna Grand Prix,2025-05-18,Italy,Imola,Autodromo Enzo e Dino Ferrari,colapinto,COL,43,Franco Colapinto,Alpine F1 Team,16,16,16,Finished,0.0,0,0
2025,7,Emilia Romagna Grand Prix,2025-05-18,Italy,Imola,Autodromo Enzo e Dino Ferrari,bearman,BEA,87,Oliver Bearman,Haas F1 Team,19,17,17,Finished,0.0,0,0
2025,7,Emilia Romagna Grand Prix,2025-05-18,Italy,Imola,Autodromo Enzo e Dino Ferrari,bortoleto,BOR,5,Gabriel Bortoleto,Sauber,14,18,18,Finished,0.0,0,0
2025,7,Emilia Romagna Grand Prix,2025-05-18,Italy,Imola,Autodromo Enzo e Dino Ferrari,antonelli,ANT,12,Andrea Kimi Antonelli,Mercedes,13,19,R,Retired,0.0,0,0
2025,7,Emilia Romagna Grand Prix,2025-05-18,Italy,Imola,Autodromo Enzo e Dino Ferrari,ocon,OCO,31,Esteban Ocon,Haas F1 Team,18,20,R,Retired,0.0,0,0
2025,8,Monaco Grand Prix,2025-05-25,Monaco,Monte Carlo,Circuit de Monaco,norris,NOR,4,Lando Norris,McLaren,1,1,1,Finished,25.0,1,1
2025,8,Monaco Grand Prix,2025-05-25,Monaco,Monte Carlo,Circuit de Monaco,leclerc,LEC,16,Charles Leclerc,Ferrari,2,2,2,Finished,18.0,1,1
2025,8,Monaco Grand Prix,2025-05-25,Monaco,Monte Carlo,Circuit de Monaco,piastri,PIA,81,Oscar Piastri,McLaren,3,3,3,Finished,15.0,1,1
2025,8,Monaco Grand Prix,2025-05-25,Monaco,Monte Carlo,Circuit de Monaco,max_verstappen,VER,1,Max Verstappen,Red Bull,4,4,4,Finished,12.0,0,1
2025,8,Monaco Grand Prix,2025-05-25,Monaco,Monte Carlo,Circuit de Monaco,hamilton,HAM,44,Lewis Hamilton,Ferrari,7,5,5,Finished,10.0,0,1
2025,8,Monaco Grand Prix,2025-05-25,Monaco,Monte Carlo,Circuit de Monaco,hadjar,HAD,6,Isack Hadjar,RB F1 Team,5,6,6,Lapped,8.0,0,1
2025,8,Monaco Grand Prix,2025-05-25,Monaco,Monte Carlo,Circuit de Monaco,ocon,OCO,31,Esteban Ocon,Haas F1 Team,8,7,7,Lapped,6.0,0,1
2025,8,Monaco Grand Prix,2025-05-25,Monaco,Monte Carlo,Circuit de Monaco,lawson,LAW,30,Liam Lawson,RB F1 Team,9,8,8,Lapped,4.0,0,1
2025,8,Monaco Grand Prix,2025-05-25,Monaco,Monte Carlo,Circuit de Monaco,albon,ALB,23,Alexander Albon,Williams,10,9,9,Lapped,2.0,0,1
2025,8,Monaco Grand Prix,2025-05-25,Monaco,Monte Carlo,Circuit de Monaco,sainz,SAI,55,Carlos Sainz,Williams,11,10,10,Lapped,1.0,0,1
2025,8,Monaco Grand Prix,2025-05-25,Monaco,Monte Carlo,Circuit de Monaco,russell,RUS,63,George Russell,Mercedes,14,11,11,Lapped,0.0,0,0
2025,8,Monaco Grand Prix,2025-05-25,Monaco,Monte Carlo,Circuit de Monaco,bearman,BEA,87,Oliver Bearman,Haas F1 Team,20,12,12,Lapped,0.0,0,0
2025,8,Monaco Grand Prix,2025-05-25,Monaco,Monte Carlo,Circuit de Monaco,colapinto,COL,43,Franco Colapinto,Alpine F1 Team,18,13,13,Lapped,0.0,0,0
2025,8,Monaco Grand Prix,2025-05-25,Monaco,Monte Carlo,Circuit de Monaco,bortoleto,BOR,5,Gabriel Bortoleto,Sauber,16,14,14,Lapped,0.0,0,0
2025,8,Monaco Grand Prix,2025-05-25,Monaco,Monte Carlo,Circuit de Monaco,stroll,STR,18,Lance Stroll,Aston Martin,19,15,15,Lapped,0.0,0,0
2025,8,Monaco Grand Prix,2025-05-25,Monaco,Monte Carlo,Circuit de Monaco,hulkenberg,HUL,27,Nico Hülkenberg,Sauber,13,16,16,Lapped,0.0,0,0
2025,8,Monaco Grand Prix,2025-05-25,Monaco,Monte Carlo,Circuit de Monaco,tsunoda,TSU,22,Yuki Tsunoda,Red Bull,12,17,17,Lapped,0.0,0,0
2025,8,Monaco Grand Prix,2025-05-25,Monaco,Monte Carlo,Circuit de Monaco,antonelli,ANT,12,Andrea Kimi Antonelli,Mercedes,15,18,18,Lapped,0.0,0,0
2025,8,Monaco Grand Prix,2025-05-25,Monaco,Monte Carlo,Circuit de Monaco,alonso,ALO,14,Fernando Alonso,Aston Martin,6,19,R,Retired,0.0,0,0
2025,8,Monaco Grand Prix,2025-05-25,Monaco,Monte Carlo,Circuit de Monaco,gasly,GAS,10,Pierre Gasly,Alpine F1 Team,17,20,R,Retired,0.0,0,0
2025,9,Spanish Grand Prix,2025-06-01,Spain,Barcelona,Circuit de Barcelona-Catalunya,piastri,PIA,81,Oscar Piastri,McLaren,1,1,1,Finished,25.0,1,1
2025,9,Spanish Grand Prix,2025-06-01,Spain,Barcelona,Circuit de Barcelona-Catalunya,norris,NOR,4,Lando Norris,McLaren,2,2,2,Finished,18.0,1,1
2025,9,Spanish Grand Prix,2025-06-01,Spain,Barcelona,Circuit de Barcelona-Catalunya,leclerc,LEC,16,Charles Leclerc,Ferrari,7,3,3,Finished,15.0,1,1
2025,9,Spanish Grand Prix,2025-06-01,Spain,Barcelona,Circuit de Barcelona-Catalunya,russell,RUS,63,George Russell,Mercedes,4,4,4,Finished,12.0,0,1
2025,9,Spanish Grand Prix,2025-06-01,Spain,Barcelona,Circuit de Barcelona-Catalunya,hulkenberg,HUL,27,Nico Hülkenberg,Sauber,15,5,5,Finished,10.0,0,1
2025,9,Spanish Grand Prix,2025-06-01,Spain,Barcelona,Circuit de Barcelona-Catalunya,hamilton,HAM,44,Lewis Hamilton,Ferrari,5,6,6,Finished,8.0,0,1
2025,9,Spanish Grand Prix,2025-06-01,Spain,Barcelona,Circuit de Barcelona-Catalunya,hadjar,HAD,6,Isack Hadjar,RB F1 Team,9,7,7,Finished,6.0,0,1
2025,9,Spanish Grand Prix,2025-06-01,Spain,Barcelona,Circuit de Barcelona-Catalunya,gasly,GAS,10,Pierre Gasly,Alpine F1 Team,8,8,8,Finished,4.0,0,1
2025,9,Spanish Grand Prix,2025-06-01,Spain,Barcelona,Circuit de Barcelona-Catalunya,alonso,ALO,14,Fernando Alonso,Aston Martin,10,9,9,Finished,2.0,0,1
2025,9,Spanish Grand Prix,2025-06-01,Spain,Barcelona,Circuit de Barcelona-Catalunya,max_verstappen,VER,1,Max Verstappen,Red Bull,3,10,10,Finished,1.0,0,1
2025,9,Spanish Grand Prix,2025-06-01,Spain,Barcelona,Circuit de Barcelona-Catalunya,lawson,LAW,30,Liam Lawson,RB F1 Team,13,11,11,Finished,0.0,0,0
2025,9,Spanish Grand Prix,2025-06-01,Spain,Barcelona,Circuit de Barcelona-Catalunya,bortoleto,BOR,5,Gabriel Bortoleto,Sauber,12,12,12,Finished,0.0,0,0
2025,9,Spanish Grand Prix,2025-06-01,Spain,Barcelona,Circuit de Barcelona-Catalunya,tsunoda,TSU,22,Yuki Tsunoda,Red Bull,19,13,13,Finished,0.0,0,0
2025,9,Spanish Grand Prix,2025-06-01,Spain,Barcelona,Circuit de Barcelona-Catalunya,sainz,SAI,55,Carlos Sainz,Williams,17,14,14,Finished,0.0,0,0
2025,9,Spanish Grand Prix,2025-06-01,Spain,Barcelona,Circuit de Barcelona-Catalunya,colapinto,COL,43,Franco Colapinto,Alpine F1 Team,18,15,15,Finished,0.0,0,0
2025,9,Spanish Grand Prix,2025-06-01,Spain,Barcelona,Circuit de Barcelona-Catalunya,ocon,OCO,31,Esteban Ocon,Haas F1 Team,16,16,16,Finished,0.0,0,0
2025,9,Spanish Grand Prix,2025-06-01,Spain,Barcelona,Circuit de Barcelona-Catalunya,bearman,BEA,87,Oliver Bearman,Haas F1 Team,14,17,17,Finished,0.0,0,0
2025,9,Spanish Grand Prix,2025-06-01,Spain,Barcelona,Circuit de Barcelona-Catalunya,antonelli,ANT,12,Andrea Kimi Antonelli,Mercedes,6,18,R,Retired,0.0,0,0
2025,9,Spanish Grand Prix,2025-06-01,Spain,Barcelona,Circuit de Barcelona-Catalunya,albon,ALB,23,Alexander Albon,Williams,11,19,R,Retired,0.0,0,0
2025,10,Canadian Grand Prix,2025-06-15,Canada,Montreal,Circuit Gilles Villeneuve,russell,RUS,63,George Russell,Mercedes,1,1,1,Finished,25.0,1,1
2025,10,Canadian Grand Prix,2025-06-15,Canada,Montreal,Circuit Gilles Villeneuve,max_verstappen,VER,1,Max Verstappen,Red Bull,2,2,2,Finished,18.0,1,1
2025,10,Canadian Grand Prix,2025-06-15,Canada,Montreal,Circuit Gilles Villeneuve,antonelli,ANT,12,Andrea Kimi Antonelli,Mercedes,4,3,3,Finished,15.0,1,1
2025,10,Canadian Grand Prix,2025-06-15,Canada,Montreal,Circuit Gilles Villeneuve,piastri,PIA,81,Oscar Piastri,McLaren,3,4,4,Finished,12.0,0,1
2025,10,Canadian Grand Prix,2025-06-15,Canada,Montreal,Circuit Gilles Villeneuve,leclerc,LEC,16,Charles Leclerc,Ferrari,8,5,5,Finished,10.0,0,1
2025,10,Canadian Grand Prix,2025-06-15,Canada,Montreal,Circuit Gilles Villeneuve,hamilton,HAM,44,Lewis Hamilton,Ferrari,5,6,6,Finished,8.0,0,1
2025,10,Canadian Grand Prix,2025-06-15,Canada,Montreal,Circuit Gilles Villeneuve,alonso,ALO,14,Fernando Alonso,Aston Martin,6,7,7,Finished,6.0,0,1
2025,10,Canadian Grand Prix,2025-06-15,Canada,Montreal,Circuit Gilles Villeneuve,hulkenberg,HUL,27,Nico Hülkenberg,Sauber,11,8,8,Finished,4.0,0,1
2025,10,Canadian Grand Prix,2025-06-15,Canada,Montreal,Circuit Gilles Villeneuve,ocon,OCO,31,Esteban Ocon,Haas F1 Team,14,9,9,Lapped,2.0,0,1
2025,10,Canadian Grand Prix,2025-06-15,Canada,Montreal,Circuit Gilles Villeneuve,sainz,SAI,55,Carlos Sainz,Williams,16,10,10,Lapped,1.0,0,1
2025,10,Canadian Grand Prix,2025-06-15,Canada,Montreal,Circuit Gilles Villeneuve,bearman,BEA,87,Oliver Bearman,Haas F1 Team,13,11,11,Lapped,0.0,0,0
2025,10,Canadian Grand Prix,2025-06-15,Canada,Montreal,Circuit Gilles Villeneuve,tsunoda,TSU,22,Yuki Tsunoda,Red Bull,18,12,12,Lapped,0.0,0,0
2025,10,Canadian Grand Prix,2025-06-15,Canada,Montreal,Circuit Gilles Villeneuve,colapinto,COL,43,Franco Colapinto,Alpine F1 Team,10,13,13,Lapped,0.0,0,0
2025,10,Canadian Grand Prix,2025-06-15,Canada,Montreal,Circuit Gilles Villeneuve,bortoleto,BOR,5,Gabriel Bortoleto,Sauber,15,14,14,Lapped,0.0,0,0
2025,10,Canadian Grand Prix,2025-06-15,Canada,Montreal,Circuit Gilles Villeneuve,gasly,GAS,10,Pierre Gasly,Alpine F1 Team,20,15,15,Lapped,0.0,0,0
2025,10,Canadian Grand Prix,2025-06-15,Canada,Montreal,Circuit Gilles Villeneuve,hadjar,HAD,6,Isack Hadjar,RB F1 Team,12,16,16,Lapped,0.0,0,0
2025,10,Canadian Grand Prix,2025-06-15,Canada,Montreal,Circuit Gilles Villeneuve,stroll,STR,18,Lance Stroll,Aston Martin,17,17,17,Lapped,0.0,0,0
2025,10,Canadian Grand Prix,2025-06-15,Canada,Montreal,Circuit Gilles Villeneuve,norris,NOR,4,Lando Norris,McLaren,7,18,18,Retired,0.0,0,0
2025,10,Canadian Grand Prix,2025-06-15,Canada,Montreal,Circuit Gilles Villeneuve,lawson,LAW,30,Liam Lawson,RB F1 Team,19,19,R,Retired,0.0,0,0
2025,10,Canadian Grand Prix,2025-06-15,Canada,Montreal,Circuit Gilles Villeneuve,albon,ALB,23,Alexander Albon,Williams,9,20,R,Retired,0.0,0,0
2025,11,Austrian Grand Prix,2025-06-29,Austria,Spielberg,Red Bull Ring,norris,NOR,4,Lando Norris,McLaren,1,1,1,Finished,25.0,1,1
2025,11,Austrian Grand Prix,2025-06-29,Austria,Spielberg,Red Bull Ring,piastri,PIA,81,Oscar Piastri,McLaren,3,2,2,Finished,18.0,1,1
2025,11,Austrian Grand Prix,2025-06-29,Austria,Spielberg,Red Bull Ring,leclerc,LEC,16,Charles Leclerc,Ferrari,2,3,3,Finished,15.0,1,1
2025,11,Austrian Grand Prix,2025-06-29,Austria,Spielberg,Red Bull Ring,hamilton,HAM,44,Lewis Hamilton,Ferrari,4,4,4,Finished,12.0,0,1
2025,11,Austrian Grand Prix,2025-06-29,Austria,Spielberg,Red Bull Ring,russell,RUS,63,George Russell,Mercedes,5,5,5,Finished,10.0,0,1
2025,11,Austrian Grand Prix,2025-06-29,Austria,Spielberg,Red Bull Ring,lawson,LAW,30,Liam Lawson,RB F1 Team,6,6,6,Finished,8.0,0,1
2025,11,Austrian Grand Prix,2025-06-29,Austria,Spielberg,Red Bull Ring,alonso,ALO,14,Fernando Alonso,Aston Martin,11,7,7,Lapped,6.0,0,1
2025,11,Austrian Grand Prix,2025-06-29,Austria,Spielberg,Red Bull Ring,bortoleto,BOR,5,Gabriel Bortoleto,Sauber,8,8,8,Lapped,4.0,0,1
2025,11,Austrian Grand Prix,2025-06-29,Austria,Spielberg,Red Bull Ring,hulkenberg,HUL,27,Nico Hülkenberg,Sauber,20,9,9,Lapped,2.0,0,1
2025,11,Austrian Grand Prix,2025-06-29,Austria,Spielberg,Red Bull Ring,ocon,OCO,31,Esteban Ocon,Haas F1 Team,17,10,10,Lapped,1.0,0,1
2025,11,Austrian Grand Prix,2025-06-29,Austria,Spielberg,Red Bull Ring,bearman,BEA,87,Oliver Bearman,Haas F1 Team,15,11,11,Lapped,0.0,0,0
2025,11,Austrian Grand Prix,2025-06-29,Austria,Spielberg,Red Bull Ring,hadjar,HAD,6,Isack Hadjar,RB F1 Team,13,12,12,Lapped,0.0,0,0
2025,11,Austrian Grand Prix,2025-06-29,Austria,Spielberg,Red Bull Ring,gasly,GAS,10,Pierre Gasly,Alpine F1 Team,10,13,13,Lapped,0.0,0,0
2025,11,Austrian Grand Prix,2025-06-29,Austria,Spielberg,Red Bull Ring,stroll,STR,18,Lance Stroll,Aston Martin,16,14,14,Lapped,0.0,0,0
2025,11,Austrian Grand Prix,2025-06-29,Austria,Spielberg,Red Bull Ring,colapinto,COL,43,Franco Colapinto,Alpine F1 Team,14,15,15,Lapped,0.0,0,0
2025,11,Austrian Grand Prix,2025-06-29,Austria,Spielberg,Red Bull Ring,tsunoda,TSU,22,Yuki Tsunoda,Red Bull,18,16,16,Lapped,0.0,0,0
2025,11,Austrian Grand Prix,2025-06-29,Austria,Spielberg,Red Bull Ring,albon,ALB,23,Alexander Albon,Williams,12,17,R,Retired,0.0,0,0
2025,11,Austrian Grand Prix,2025-06-29,Austria,Spielberg,Red Bull Ring,max_verstappen,VER,1,Max Verstappen,Red Bull,7,18,R,Retired,0.0,0,0
2025,11,Austrian Grand Prix,2025-06-29,Austria,Spielberg,Red Bull Ring,antonelli,ANT,12,Andrea Kimi Antonelli,Mercedes,9,19,R,Retired,0.0,0,0
2025,11,Austrian Grand Prix,2025-06-29,Austria,Spielberg,Red Bull Ring,sainz,SAI,55,Carlos Sainz,Williams,19,20,W,Did not start,0.0,0,0
2025,12,British Grand Prix,2025-07-06,UK,Silverstone,Silverstone Circuit,norris,NOR,4,Lando Norris,McLaren,3,1,1,Finished,25.0,1,1
2025,12,British Grand Prix,2025-07-06,UK,Silverstone,Silverstone Circuit,piastri,PIA,81,Oscar Piastri,McLaren,2,2,2,Finished,18.0,1,1
2025,12,British Grand Prix,2025-07-06,UK,Silverstone,Silverstone Circuit,hulkenberg,HUL,27,Nico Hülkenberg,Sauber,19,3,3,Finished,15.0,1,1
2025,12,British Grand Prix,2025-07-06,UK,Silverstone,Silverstone Circuit,hamilton,HAM,44,Lewis Hamilton,Ferrari,5,4,4,Finished,12.0,0,1
2025,12,British Grand Prix,2025-07-06,UK,Silverstone,Silverstone Circuit,max_verstappen,VER,1,Max Verstappen,Red Bull,1,5,5,Finished,10.0,0,1
2025,12,British Grand Prix,2025-07-06,UK,Silverstone,Silverstone Circuit,gasly,GAS,10,Pierre Gasly,Alpine F1 Team,8,6,6,Finished,8.0,0,1
2025,12,British Grand Prix,2025-07-06,UK,Silverstone,Silverstone Circuit,stroll,STR,18,Lance Stroll,Aston Martin,17,7,7,Finished,6.0,0,1
2025,12,British Grand Prix,2025-07-06,UK,Silverstone,Silverstone Circuit,albon,ALB,23,Alexander Albon,Williams,13,8,8,Finished,4.0,0,1
2025,12,British Grand Prix,2025-07-06,UK,Silverstone,Silverstone Circuit,alonso,ALO,14,Fernando Alonso,Aston Martin,7,9,9,Finished,2.0,0,1
2025,12,British Grand Prix,2025-07-06,UK,Silverstone,Silverstone Circuit,russell,RUS,63,George Russell,Mercedes,4,10,10,Finished,1.0,0,1
2025,12,British Grand Prix,2025-07-06,UK,Silverstone,Silverstone Circuit,bearman,BEA,87,Oliver Bearman,Haas F1 Team,18,11,11,Finished,0.0,0,0
2025,12,British Grand Prix,2025-07-06,UK,Silverstone,Silverstone Circuit,sainz,SAI,55,Carlos Sainz,Williams,9,12,12,Finished,0.0,0,0
2025,12,British Grand Prix,2025-07-06,UK,Silverstone,Silverstone Circuit,ocon,OCO,31,Esteban Ocon,Haas F1 Team,14,13,13,Finished,0.0,0,0
2025,12,British Grand Prix,2025-07-06,UK,Silverstone,Silverstone Circuit,leclerc,LEC,16,Charles Leclerc,Ferrari,6,14,14,Finished,0.0,0,0
2025,12,British Grand Prix,2025-07-06,UK,Silverstone,Silverstone Circuit,tsunoda,TSU,22,Yuki Tsunoda,Red Bull,11,15,15,Lapped,0.0,0,0
2025,12,British Grand Prix,2025-07-06,UK,Silverstone,Silverstone Circuit,antonelli,ANT,12,Andrea Kimi Antonelli,Mercedes,10,16,R,Retired,0.0,0,0
2025,12,British Grand Prix,2025-07-06,UK,Silverstone,Silverstone Circuit,hadjar,HAD,6,Isack Hadjar,RB F1 Team,12,17,R,Retired,0.0,0,0
2025,12,British Grand Prix,2025-07-06,UK,Silverstone,Silverstone Circuit,bortoleto,BOR,5,Gabriel Bortoleto,Sauber,16,18,R,Retired,0.0,0,0
2025,12,British Grand Prix,2025-07-06,UK,Silverstone,Silverstone Circuit,lawson,LAW,30,Liam Lawson,RB F1 Team,15,19,R,Retired,0.0,0,0
2025,12,British Grand Prix,2025-07-06,UK,Silverstone,Silverstone Circuit,colapinto,COL,43,Franco Colapinto,Alpine F1 Team,20,20,W,Did not start,0.0,0,0
2025,13,Belgian Grand Prix,2025-07-27,Belgium,Spa,Circuit de Spa-Francorchamps,piastri,PIA,81,Oscar Piastri,McLaren,2,1,1,Finished,25.0,1,1
2025,13,Belgian Grand Prix,2025-07-27,Belgium,Spa,Circuit de Spa-Francorchamps,norris,NOR,4,Lando Norris,McLaren,1,2,2,Finished,18.0,1,1
2025,13,Belgian Grand Prix,2025-07-27,Belgium,Spa,Circuit de Spa-Francorchamps,leclerc,LEC,16,Charles Leclerc,Ferrari,3,3,3,Finished,15.0,1,1
2025,13,Belgian Grand Prix,2025-07-27,Belgium,Spa,Circuit de Spa-Francorchamps,max_verstappen,VER,1,Max Verstappen,Red Bull,4,4,4,Finished,12.0,0,1
2025,13,Belgian Grand Prix,2025-07-27,Belgium,Spa,Circuit de Spa-Francorchamps,russell,RUS,63,George Russell,Mercedes,6,5,5,Finished,10.0,0,1
2025,13,Belgian Grand Prix,2025-07-27,Belgium,Spa,Circuit de Spa-Francorchamps,albon,ALB,23,Alexander Albon,Williams,5,6,6,Finished,8.0,0,1
2025,13,Belgian Grand Prix,2025-07-27,Belgium,Spa,Circuit de Spa-Francorchamps,hamilton,HAM,44,Lewis Hamilton,Ferrari,18,7,7,Finished,6.0,0,1
2025,13,Belgian Grand Prix,2025-07-27,Belgium,Spa,Circuit de Spa-Francorchamps,lawson,LAW,30,Liam Lawson,RB F1 Team,9,8,8,Finished,4.0,0,1
2025,13,Belgian Grand Prix,2025-07-27,Belgium,Spa,Circuit de Spa-Francorchamps,bortoleto,BOR,5,Gabriel Bortoleto,Sauber,10,9,9,Finished,2.0,0,1
2025,13,Belgian Grand Prix,2025-07-27,Belgium,Spa,Circuit de Spa-Francorchamps,gasly,GAS,10,Pierre Gasly,Alpine F1 Team,13,10,10,Finished,1.0,0,1
2025,13,Belgian Grand Prix,2025-07-27,Belgium,Spa,Circuit de Spa-Francorchamps,bearman,BEA,87,Oliver Bearman,Haas F1 Team,12,11,11,Finished,0.0,0,0
2025,13,Belgian Grand Prix,2025-07-27,Belgium,Spa,Circuit de Spa-Francorchamps,hulkenberg,HUL,27,Nico Hülkenberg,Sauber,14,12,12,Finished,0.0,0,0
2025,13,Belgian Grand Prix,2025-07-27,Belgium,Spa,Circuit de Spa-Francorchamps,tsunoda,TSU,22,Yuki Tsunoda,Red Bull,7,13,13,Finished,0.0,0,0
2025,13,Belgian Grand Prix,2025-07-27,Belgium,Spa,Circuit de Spa-Francorchamps,stroll,STR,18,Lance Stroll,Aston Martin,16,14,14,Finished,0.0,0,0
2025,13,Belgian Grand Prix,2025-07-27,Belgium,Spa,Circuit de Spa-Francorchamps,ocon,OCO,31,Esteban Ocon,Haas F1 Team,11,15,15,Finished,0.0,0,0
2025,13,Belgian Grand Prix,2025-07-27,Belgium,Spa,Circuit de Spa-Francorchamps,antonelli,ANT,12,Andrea Kimi Antonelli,Mercedes,19,16,16,Finished,0.0,0,0
2025,13,Belgian Grand Prix,2025-07-27,Belgium,Spa,Circuit de Spa-Francorchamps,alonso,ALO,14,Fernando Alonso,Aston Martin,20,17,17,Finished,0.0,0,0
2025,13,Belgian Grand Prix,2025-07-27,Belgium,Spa,Circuit de Spa-Francorchamps,sainz,SAI,55,Carlos Sainz,Williams,17,18,18,Finished,0.0,0,0
2025,13,Belgian Grand Prix,2025-07-27,Belgium,Spa,Circuit de Spa-Francorchamps,colapinto,COL,43,Franco Colapinto,Alpine F1 Team,15,19,19,Finished,0.0,0,0
2025,13,Belgian Grand Prix,2025-07-27,Belgium,Spa,Circuit de Spa-Francorchamps,hadjar,HAD,6,Isack Hadjar,RB F1 Team,8,20,20,Lapped,0.0,0,0
2025,14,Hungarian Grand Prix,2025-08-03,Hungary,Budapest,Hungaroring,norris,NOR,4,Lando Norris,McLaren,3,1,1,Finished,25.0,1,1
2025,14,Hungarian Grand Prix,2025-08-03,Hungary,Budapest,Hungaroring,piastri,PIA,81,Oscar Piastri,McLaren,2,2,2,Finished,18.0,1,1
2025,14,Hungarian Grand Prix,2025-08-03,Hungary,Budapest,Hungaroring,russell,RUS,63,George Russell,Mercedes,4,3,3,Finished,15.0,1,1
2025,14,Hungarian Grand Prix,2025-08-03,Hungary,Budapest,Hungaroring,leclerc,LEC,16,Charles Leclerc,Ferrari,1,4,4,Finished,12.0,0,1
2025,14,Hungarian Grand Prix,2025-08-03,Hungary,Budapest,Hungaroring,alonso,ALO,14,Fernando Alonso,Aston Martin,5,5,5,Finished,10.0,0,1
2025,14,Hungarian Grand Prix,2025-08-03,Hungary,Budapest,Hungaroring,bortoleto,BOR,5,Gabriel Bortoleto,Sauber,7,6,6,Finished,8.0,0,1
2025,14,Hungarian Grand Prix,2025-08-03,Hungary,Budapest,Hungaroring,stroll,STR,18,Lance Stroll,Aston Martin,6,7,7,Finished,6.0,0,1
2025,14,Hungarian Grand Prix,2025-08-03,Hungary,Budapest,Hungaroring,lawson,LAW,30,Liam Lawson,RB F1 Team,9,8,8,Finished,4.0,0,1
2025,14,Hungarian Grand Prix,2025-08-03,Hungary,Budapest,Hungaroring,max_verstappen,VER,1,Max Verstappen,Red Bull,8,9,9,Finished,2.0,0,1
2025,14,Hungarian Grand Prix,2025-08-03,Hungary,Budapest,Hungaroring,antonelli,ANT,12,Andrea Kimi Antonelli,Mercedes,15,10,10,Lapped,1.0,0,1
2025,14,Hungarian Grand Prix,2025-08-03,Hungary,Budapest,Hungaroring,hadjar,HAD,6,Isack Hadjar,RB F1 Team,10,11,11,Lapped,0.0,0,0
2025,14,Hungarian Grand Prix,2025-08-03,Hungary,Budapest,Hungaroring,hamilton,HAM,44,Lewis Hamilton,Ferrari,12,12,12,Lapped,0.0,0,0
2025,14,Hungarian Grand Prix,2025-08-03,Hungary,Budapest,Hungaroring,hulkenberg,HUL,27,Nico Hülkenberg,Sauber,18,13,13,Lapped,0.0,0,0
2025,14,Hungarian Grand Prix,2025-08-03,Hungary,Budapest,Hungaroring,sainz,SAI,55,Carlos Sainz,Williams,13,14,14,Lapped,0.0,0,0
2025,14,Hungarian Grand Prix,2025-08-03,Hungary,Budapest,Hungaroring,albon,ALB,23,Alexander Albon,Williams,19,15,15,Lapped,0.0,0,0
2025,14,Hungarian Grand Prix,2025-08-03,Hungary,Budapest,Hungaroring,ocon,OCO,31,Esteban Ocon,Haas F1 Team,17,16,16,Lapped,0.0,0,0
2025,14,Hungarian Grand Prix,2025-08-03,Hungary,Budapest,Hungaroring,tsunoda,TSU,22,Yuki Tsunoda,Red Bull,20,17,17,Lapped,0.0,0,0
2025,14,Hungarian Grand Prix,2025-08-03,Hungary,Budapest,Hungaroring,colapinto,COL,43,Franco Colapinto,Alpine F1 Team,14,18,18,Lapped,0.0,0,0
2025,14,Hungarian Grand Prix,2025-08-03,Hungary,Budapest,Hungaroring,gasly,GAS,10,Pierre Gasly,Alpine F1 Team,16,19,19,Lapped,0.0,0,0
2025,14,Hungarian Grand Prix,2025-08-03,Hungary,Budapest,Hungaroring,bearman,BEA,87,Oliver Bearman,Haas F1 Team,11,20,R,Retired,0.0,0,0
2025,15,Dutch Grand Prix,2025-08-31,Netherlands,Zandvoort,Circuit Park Zandvoort,piastri,PIA,81,Oscar Piastri,McLaren,1,1,1,Finished,25.0,1,1
2025,15,Dutch Grand Prix,2025-08-31,Netherlands,Zandvoort,Circuit Park Zandvoort,max_verstappen,VER,1,Max Verstappen,Red Bull,3,2,2,Finished,18.0,1,1
2025,15,Dutch Grand Prix,2025-08-31,Netherlands,Zandvoort,Circuit Park Zandvoort,hadjar,HAD,6,Isack Hadjar,RB F1 Team,4,3,3,Finished,15.0,1,1
2025,15,Dutch Grand Prix,2025-08-31,Netherlands,Zandvoort,Circuit Park Zandvoort,russell,RUS,63,George Russell,Mercedes,5,4,4,Finished,12.0,0,1
2025,15,Dutch Grand Prix,2025-08-31,Netherlands,Zandvoort,Circuit Park Zandvoort,albon,ALB,23,Alexander Albon,Williams,15,5,5,Finished,10.0,0,1
2025,15,Dutch Grand Prix,2025-08-31,Netherlands,Zandvoort,Circuit Park Zandvoort,bearman,BEA,87,Oliver Bearman,Haas F1 Team,20,6,6,Finished,8.0,0,1
2025,15,Dutch Grand Prix,2025-08-31,Netherlands,Zandvoort,Circuit Park Zandvoort,stroll,STR,18,Lance Stroll,Aston Martin,19,7,7,Finished,6.0,0,1
2025,15,Dutch Grand Prix,2025-08-31,Netherlands,Zandvoort,Circuit Park Zandvoort,alonso,ALO,14,Fernando Alonso,Aston Martin,10,8,8,Finished,4.0,0,1
2025,15,Dutch Grand Prix,2025-08-31,Netherlands,Zandvoort,Circuit Park Zandvoort,tsunoda,TSU,22,Yuki Tsunoda,Red Bull,12,9,9,Finished,2.0,0,1
2025,15,Dutch Grand Prix,2025-08-31,Netherlands,Zandvoort,Circuit Park Zandvoort,ocon,OCO,31,Esteban Ocon,Haas F1 Team,18,10,10,Finished,1.0,0,1
2025,15,Dutch Grand Prix,2025-08-31,Netherlands,Zandvoort,Circuit Park Zandvoort,colapinto,COL,43,Franco Colapinto,Alpine F1 Team,16,11,11,Finished,0.0,0,0
2025,15,Dutch Grand Prix,2025-08-31,Netherlands,Zandvoort,Circuit Park Zandvoort,lawson,LAW,30,Liam Lawson,RB F1 Team,8,12,12,Finished,0.0,0,0
2025,15,Dutch Grand Prix,2025-08-31,Netherlands,Zandvoort,Circuit Park Zandvoort,sainz,SAI,55,Carlos Sainz,Williams,9,13,13,Finished,0.0,0,0
2025,15,Dutch Grand Prix,2025-08-31,Netherlands,Zandvoort,Circuit Park Zandvoort,hulkenberg,HUL,27,Nico Hülkenberg,Sauber,17,14,14,Finished,0.0,0,0
2025,15,Dutch Grand Prix,2025-08-31,Netherlands,Zandvoort,Circuit Park Zandvoort,bortoleto,BOR,5,Gabriel Bortoleto,Sauber,13,15,15,Finished,0.0,0,0
2025,15,Dutch Grand Prix,2025-08-31,Netherlands,Zandvoort,Circuit Park Zandvoort,antonelli,ANT,12,Andrea Kimi Antonelli,Mercedes,11,16,16,Finished,0.0,0,0
2025,15,Dutch Grand Prix,2025-08-31,Netherlands,Zandvoort,Circuit Park Zandvoort,gasly,GAS,10,Pierre Gasly,Alpine F1 Team,14,17,17,Finished,0.0,0,0
2025,15,Dutch Grand Prix,2025-08-31,Netherlands,Zandvoort,Circuit Park Zandvoort,norris,NOR,4,Lando Norris,McLaren,2,18,18,Retired,0.0,0,0
2025,15,Dutch Grand Prix,2025-08-31,Netherlands,Zandvoort,Circuit Park Zandvoort,leclerc,LEC,16,Charles Leclerc,Ferrari,6,19,R,Retired,0.0,0,0
2025,15,Dutch Grand Prix,2025-08-31,Netherlands,Zandvoort,Circuit Park Zandvoort,hamilton,HAM,44,Lewis Hamilton,Ferrari,7,20,R,Retired,0.0,0,0
2025,16,Italian Grand Prix,2025-09-07,Italy,Monza,Autodromo Nazionale di Monza,max_verstappen,VER,1,Max Verstappen,Red Bull,1,1,1,Finished,25.0,1,1
2025,16,Italian Grand Prix,2025-09-07,Italy,Monza,Autodromo Nazionale di Monza,norris,NOR,4,Lando Norris,McLaren,2,2,2,Finished,18.0,1,1
2025,16,Italian Grand Prix,2025-09-07,Italy,Monza,Autodromo Nazionale di Monza,piastri,PIA,81,Oscar Piastri,McLaren,3,3,3,Finished,15.0,1,1
2025,16,Italian Grand Prix,2025-09-07,Italy,Monza,Autodromo Nazionale di Monza,leclerc,LEC,16,Charles Leclerc,Ferrari,4,4,4,Finished,12.0,0,1
2025,16,Italian Grand Prix,2025-09-07,Italy,Monza,Autodromo Nazionale di Monza,russell,RUS,63,George Russell,Mercedes,5,5,5,Finished,10.0,0,1
2025,16,Italian Grand Prix,2025-09-07,Italy,Monza,Autodromo Nazionale di Monza,hamilton,HAM,44,Lewis Hamilton,Ferrari,10,6,6,Finished,8.0,0,1
2025,16,Italian Grand Prix,2025-09-07,Italy,Monza,Autodromo Nazionale di Monza,albon,ALB,23,Alexander Albon,Williams,14,7,7,Finished,6.0,0,1
2025,16,Italian Grand Prix,2025-09-07,Italy,Monza,Autodromo Nazionale di Monza,bortoleto,BOR,5,Gabriel Bortoleto,Sauber,7,8,8,Finished,4.0,0,1
2025,16,Italian Grand Prix,2025-09-07,Italy,Monza,Autodromo Nazionale di Monza,antonelli,ANT,12,Andrea Kimi Antonelli,Mercedes,6,9,9,Finished,2.0,0,1
2025,16,Italian Grand Prix,2025-09-07,Italy,Monza,Autodromo Nazionale di Monza,hadjar,HAD,6,Isack Hadjar,RB F1 Team,19,10,10,Finished,1.0,0,1
2025,16,Italian Grand Prix,2025-09-07,Italy,Monza,Autodromo Nazionale di Monza,sainz,SAI,55,Carlos Sainz,Williams,13,11,11,Finished,0.0,0,0
2025,16,Italian Grand Prix,2025-09-07,Italy,Monza,Autodromo Nazionale di Monza,bearman,BEA,87,Oliver Bearman,Haas F1 Team,11,12,12,Finished,0.0,0,0
2025,16,Italian Grand Prix,2025-09-07,Italy,Monza,Autodromo Nazionale di Monza,tsunoda,TSU,22,Yuki Tsunoda,Red Bull,9,13,13,Finished,0.0,0,0
2025,16,Italian Grand Prix,2025-09-07,Italy,Monza,Autodromo Nazionale di Monza,lawson,LAW,30,Liam Lawson,RB F1 Team,18,14,14,Finished,0.0,0,0
2025,16,Italian Grand Prix,2025-09-07,Italy,Monza,Autodromo Nazionale di Monza,ocon,OCO,31,Esteban Ocon,Haas F1 Team,15,15,15,Lapped,0.0,0,0
2025,16,Italian Grand Prix,2025-09-07,Italy,Monza,Autodromo Nazionale di Monza,gasly,GAS,10,Pierre Gasly,Alpine F1 Team,20,16,16,Lapped,0.0,0,0
2025,16,Italian Grand Prix,2025-09-07,Italy,Monza,Autodromo Nazionale di Monza,colapinto,COL,43,Franco Colapinto,Alpine F1 Team,17,17,17,Lapped,0.0,0,0
2025,16,Italian Grand Prix,2025-09-07,Italy,Monza,Autodromo Nazionale di Monza,stroll,STR,18,Lance Stroll,Aston Martin,16,18,18,Lapped,0.0,0,0
2025,16,Italian Grand Prix,2025-09-07,Italy,Monza,Autodromo Nazionale di Monza,alonso,ALO,14,Fernando Alonso,Aston Martin,8,19,R,Retired,0.0,0,0
2025,16,Italian Grand Prix,2025-09-07,Italy,Monza,Autodromo Nazionale di Monza,hulkenberg,HUL,27,Nico Hülkenberg,Sauber,12,20,W,Did not start,0.0,0,0
2025,17,Azerbaijan Grand Prix,2025-09-21,Azerbaijan,Baku,Baku City Circuit,max_verstappen,VER,1,Max Verstappen,Red Bull,1,1,1,Finished,25.0,1,1
2025,17,Azerbaijan Grand Prix,2025-09-21,Azerbaijan,Baku,Baku City Circuit,russell,RUS,63,George Russell,Mercedes,5,2,2,Finished,18.0,1,1
2025,17,Azerbaijan Grand Prix,2025-09-21,Azerbaijan,Baku,Baku City Circuit,sainz,SAI,55,Carlos Sainz,Williams,2,3,3,Finished,15.0,1,1
2025,17,Azerbaijan Grand Prix,2025-09-21,Azerbaijan,Baku,Baku City Circuit,antonelli,ANT,12,Andrea Kimi Antonelli,Mercedes,4,4,4,Finished,12.0,0,1
2025,17,Azerbaijan Grand Prix,2025-09-21,Azerbaijan,Baku,Baku City Circuit,lawson,LAW,30,Liam Lawson,RB F1 Team,3,5,5,Finished,10.0,0,1
2025,17,Azerbaijan Grand Prix,2025-09-21,Azerbaijan,Baku,Baku City Circuit,tsunoda,TSU,22,Yuki Tsunoda,Red Bull,6,6,6,Finished,8.0,0,1
2025,17,Azerbaijan Grand Prix,2025-09-21,Azerbaijan,Baku,Baku City Circuit,norris,NOR,4,Lando Norris,McLaren,7,7,7,Finished,6.0,0,1
2025,17,Azerbaijan Grand Prix,2025-09-21,Azerbaijan,Baku,Baku City Circuit,hamilton,HAM,44,Lewis Hamilton,Ferrari,12,8,8,Finished,4.0,0,1
2025,17,Azerbaijan Grand Prix,2025-09-21,Azerbaijan,Baku,Baku City Circuit,leclerc,LEC,16,Charles Leclerc,Ferrari,10,9,9,Finished,2.0,0,1
2025,17,Azerbaijan Grand Prix,2025-09-21,Azerbaijan,Baku,Baku City Circuit,hadjar,HAD,6,Isack Hadjar,RB F1 Team,8,10,10,Finished,1.0,0,1
2025,17,Azerbaijan Grand Prix,2025-09-21,Azerbaijan,Baku,Baku City Circuit,bortoleto,BOR,5,Gabriel Bortoleto,Sauber,13,11,11,Finished,0.0,0,0
2025,17,Azerbaijan Grand Prix,2025-09-21,Azerbaijan,Baku,Baku City Circuit,bearman,BEA,87,Oliver Bearman,Haas F1 Team,15,12,12,Finished,0.0,0,0
2025,17,Azerbaijan Grand Prix,2025-09-21,Azerbaijan,Baku,Baku City Circuit,albon,ALB,23,Alexander Albon,Williams,19,13,13,Finished,0.0,0,0
2025,17,Azerbaijan Grand Prix,2025-09-21,Azerbaijan,Baku,Baku City Circuit,ocon,OCO,31,Esteban Ocon,Haas F1 Team,20,14,14,Finished,0.0,0,0
2025,17,Azerbaijan Grand Prix,2025-09-21,Azerbaijan,Baku,Baku City Circuit,alonso,ALO,14,Fernando Alonso,Aston Martin,11,15,15,Finished,0.0,0,0
2025,17,Azerbaijan Grand Prix,2025-09-21,Azerbaijan,Baku,Baku City Circuit,hulkenberg,HUL,27,Nico Hülkenberg,Sauber,17,16,16,Finished,0.0,0,0
2025,17,Azerbaijan Grand Prix,2025-09-21,Azerbaijan,Baku,Baku City Circuit,stroll,STR,18,Lance Stroll,Aston Martin,14,17,17,Finished,0.0,0,0
2025,17,Azerbaijan Grand Prix,2025-09-21,Azerbaijan,Baku,Baku City Circuit,gasly,GAS,10,Pierre Gasly,Alpine F1 Team,18,18,18,Lapped,0.0,0,0
2025,17,Azerbaijan Grand Prix,2025-09-21,Azerbaijan,Baku,Baku City Circuit,colapinto,COL,43,Franco Colapinto,Alpine F1 Team,16,19,19,Lapped,0.0,0,0
2025,17,Azerbaijan Grand Prix,2025-09-21,Azerbaijan,Baku,Baku City Circuit,piastri,PIA,81,Oscar Piastri,McLaren,9,20,R,Retired,0.0,0,0
2025,18,Singapore Grand Prix,2025-10-05,Singapore,Marina Bay,Marina Bay Street Circuit,russell,RUS,63,George Russell,Mercedes,1,1,1,Finished,25.0,1,1
2025,18,Singapore Grand Prix,2025-10-05,Singapore,Marina Bay,Marina Bay Street Circuit,max_verstappen,VER,1,Max Verstappen,Red Bull,2,2,2,Finished,18.0,1,1
2025,18,Singapore Grand Prix,2025-10-05,Singapore,Marina Bay,Marina Bay Street Circuit,norris,NOR,4,Lando Norris,McLaren,5,3,3,Finished,15.0,1,1
2025,18,Singapore Grand Prix,2025-10-05,Singapore,Marina Bay,Marina Bay Street Circuit,piastri,PIA,81,Oscar Piastri,McLaren,3,4,4,Finished,12.0,0,1
2025,18,Singapore Grand Prix,2025-10-05,Singapore,Marina Bay,Marina Bay Street Circuit,antonelli,ANT,12,Andrea Kimi Antonelli,Mercedes,4,5,5,Finished,10.0,0,1
2025,18,Singapore Grand Prix,2025-10-05,Singapore,Marina Bay,Marina Bay Street Circuit,leclerc,LEC,16,Charles Leclerc,Ferrari,7,6,6,Finished,8.0,0,1
2025,18,Singapore Grand Prix,2025-10-05,Singapore,Marina Bay,Marina Bay Street Circuit,alonso,ALO,14,Fernando Alonso,Aston Martin,10,7,7,Finished,6.0,0,1
2025,18,Singapore Grand Prix,2025-10-05,Singapore,Marina Bay,Marina Bay Street Circuit,hamilton,HAM,44,Lewis Hamilton,Ferrari,6,8,8,Finished,4.0,0,1
2025,18,Singapore Grand Prix,2025-10-05,Singapore,Marina Bay,Marina Bay Street Circuit,bearman,BEA,87,Oliver Bearman,Haas F1 Team,9,9,9,Finished,2.0,0,1
2025,18,Singapore Grand Prix,2025-10-05,Singapore,Marina Bay,Marina Bay Street Circuit,sainz,SAI,55,Carlos Sainz,Williams,18,10,10,Lapped,1.0,0,1
2025,18,Singapore Grand Prix,2025-10-05,Singapore,Marina Bay,Marina Bay Street Circuit,hadjar,HAD,6,Isack Hadjar,RB F1 Team,8,11,11,Lapped,0.0,0,0
2025,18,Singapore Grand Prix,2025-10-05,Singapore,Marina Bay,Marina Bay Street Circuit,tsunoda,TSU,22,Yuki Tsunoda,Red Bull,13,12,12,Lapped,0.0,0,0
2025,18,Singapore Grand Prix,2025-10-05,Singapore,Marina Bay,Marina Bay Street Circuit,stroll,STR,18,Lance Stroll,Aston Martin,15,13,13,Lapped,0.0,0,0
2025,18,Singapore Grand Prix,2025-10-05,Singapore,Marina Bay,Marina Bay Street Circuit,albon,ALB,23,Alexander Albon,Williams,20,14,14,Lapped,0.0,0,0
2025,18,Singapore Grand Prix,2025-10-05,Singapore,Marina Bay,Marina Bay Street Circuit,lawson,LAW,30,Liam Lawson,RB F1 Team,12,15,15,Lapped,0.0,0,0
2025,18,Singapore Grand Prix,2025-10-05,Singapore,Marina Bay,Marina Bay Street Circuit,colapinto,COL,43,Franco Colapinto,Alpine F1 Team,16,16,16,Lapped,0.0,0,0
2025,18,Singapore Grand Prix,2025-10-05,Singapore,Marina Bay,Marina Bay Street Circuit,bortoleto,BOR,5,Gabriel Bortoleto,Sauber,14,17,17,Lapped,0.0,0,0
2025,18,Singapore Grand Prix,2025-10-05,Singapore,Marina Bay,Marina Bay Street Circuit,ocon,OCO,31,Esteban Ocon,Haas F1 Team,17,18,18,Lapped,0.0,0,0
2025,18,Singapore Grand Prix,2025-10-05,Singapore,Marina Bay,Marina Bay Street Circuit,gasly,GAS,10,Pierre Gasly,Alpine F1 Team,19,19,19,Lapped,0.0,0,0
2025,18,Singapore Grand Prix,2025-10-05,Singapore,Marina Bay,Marina Bay Street Circuit,hulkenberg,HUL,27,Nico Hülkenberg,Sauber,11,20,20,Lapped,0.0,0,0
2025,19,United States Grand Prix,2025-10-19,USA,Austin,Circuit of the Americas,max_verstappen,VER,1,Max Verstappen,Red Bull,1,1,1,Finished,25.0,1,1
2025,19,United States Grand Prix,2025-10-19,USA,Austin,Circuit of the Americas,norris,NOR,4,Lando Norris,McLaren,2,2,2,Finished,18.0,1,1
2025,19,United States Grand Prix,2025-10-19,USA,Austin,Circuit of the Americas,leclerc,LEC,16,Charles Leclerc,Ferrari,3,3,3,Finished,15.0,1,1
2025,19,United States Grand Prix,2025-10-19,USA,Austin,Circuit of the Americas,hamilton,HAM,44,Lewis Hamilton,Ferrari,5,4,4,Finished,12.0,0,1
2025,19,United States Grand Prix,2025-10-19,USA,Austin,Circuit of the Americas,piastri,PIA,81,Oscar Piastri,McLaren,6,5,5,Finished,10.0,0,1
2025,19,United States Grand Prix,2025-10-19,USA,Austin,Circuit of the Americas,russell,RUS,63,George Russell,Mercedes,4,6,6,Finished,8.0,0,1
2025,19,United States Grand Prix,2025-10-19,USA,Austin,Circuit of the Americas,tsunoda,TSU,22,Yuki Tsunoda,Red Bull,13,7,7,Finished,6.0,0,1
2025,19,United States Grand Prix,2025-10-19,USA,Austin,Circuit of the Americas,hulkenberg,HUL,27,Nico Hülkenberg,Sauber,11,8,8,Finished,4.0,0,1
2025,19,United States Grand Prix,2025-10-19,USA,Austin,Circuit of the Americas,bearman,BEA,87,Oliver Bearman,Haas F1 Team,8,9,9,Finished,2.0,0,1
2025,19,United States Grand Prix,2025-10-19,USA,Austin,Circuit of the Americas,alonso,ALO,14,Fernando Alonso,Aston Martin,10,10,10,Finished,1.0,0,1
2025,19,United States Grand Prix,2025-10-19,USA,Austin,Circuit of the Americas,lawson,LAW,30,Liam Lawson,RB F1 Team,12,11,11,Finished,0.0,0,0
2025,19,United States Grand Prix,2025-10-19,USA,Austin,Circuit of the Americas,stroll,STR,18,Lance Stroll,Aston Martin,19,12,12,Finished,0.0,0,0
2025,19,United States Grand Prix,2025-10-19,USA,Austin,Circuit of the Americas,antonelli,ANT,12,Andrea Kimi Antonelli,Mercedes,7,13,13,Finished,0.0,0,0
2025,19,United States Grand Prix,2025-10-19,USA,Austin,Circuit of the Americas,albon,ALB,23,Alexander Albon,Williams,18,14,14,Finished,0.0,0,0
2025,19,United States Grand Prix,2025-10-19,USA,Austin,Circuit of the Americas,ocon,OCO,31,Esteban Ocon,Haas F1 Team,17,15,15,Finished,0.0,0,0
2025,19,United States Grand Prix,2025-10-19,USA,Austin,Circuit of the Americas,hadjar,HAD,6,Isack Hadjar,RB F1 Team,20,16,16,Finished,0.0,0,0
2025,19,United States Grand Prix,2025-10-19,USA,Austin,Circuit of the Americas,colapinto,COL,43,Franco Colapinto,Alpine F1 Team,15,17,17,Lapped,0.0,0,0
2025,19,United States Grand Prix,2025-10-19,USA,Austin,Circuit of the Americas,bortoleto,BOR,5,Gabriel Bortoleto,Sauber,16,18,18,Lapped,0.0,0,0
2025,19,United States Grand Prix,2025-10-19,USA,Austin,Circuit of the Americas,gasly,GAS,10,Pierre Gasly,Alpine F1 Team,14,19,19,Lapped,0.0,0,0
2025,19,United States Grand Prix,2025-10-19,USA,Austin,Circuit of the Americas,sainz,SAI,55,Carlos Sainz,Williams,9,20,R,Retired,0.0,0,0
2025,20,Mexico City Grand Prix,2025-10-26,Mexico,Mexico City,Autódromo Hermanos Rodríguez,norris,NOR,4,Lando Norris,McLaren,1,1,1,Finished,25.0,1,1
2025,20,Mexico City Grand Prix,2025-10-26,Mexico,Mexico City,Autódromo Hermanos Rodríguez,leclerc,LEC,16,Charles Leclerc,Ferrari,2,2,2,Finished,18.0,1,1
2025,20,Mexico City Grand Prix,2025-10-26,Mexico,Mexico City,Autódromo Hermanos Rodríguez,max_verstappen,VER,1,Max Verstappen,Red Bull,5,3,3,Finished,15.0,1,1
2025,20,Mexico City Grand Prix,2025-10-26,Mexico,Mexico City,Autódromo Hermanos Rodríguez,bearman,BEA,87,Oliver Bearman,Haas F1 Team,9,4,4,Finished,12.0,0,1
2025,20,Mexico City Grand Prix,2025-10-26,Mexico,Mexico City,Autódromo Hermanos Rodríguez,piastri,PIA,81,Oscar Piastri,McLaren,7,5,5,Finished,10.0,0,1
2025,20,Mexico City Grand Prix,2025-10-26,Mexico,Mexico City,Autódromo Hermanos Rodríguez,antonelli,ANT,12,Andrea Kimi Antonelli,Mercedes,6,6,6,Finished,8.0,0,1
2025,20,Mexico City Grand Prix,2025-10-26,Mexico,Mexico City,Autódromo Hermanos Rodríguez,russell,RUS,63,George Russell,Mercedes,4,7,7,Finished,6.0,0,1
2025,20,Mexico City Grand Prix,2025-10-26,Mexico,Mexico City,Autódromo Hermanos Rodríguez,hamilton,HAM,44,Lewis Hamilton,Ferrari,3,8,8,Finished,4.0,0,1
2025,20,Mexico City Grand Prix,2025-10-26,Mexico,Mexico City,Autódromo Hermanos Rodríguez,ocon,OCO,31,Esteban Ocon,Haas F1 Team,11,9,9,Finished,2.0,0,1
2025,20,Mexico City Grand Prix,2025-10-26,Mexico,Mexico City,Autódromo Hermanos Rodríguez,bortoleto,BOR,5,Gabriel Bortoleto,Sauber,16,10,10,Finished,1.0,0,1
2025,20,Mexico City Grand Prix,2025-10-26,Mexico,Mexico City,Autódromo Hermanos Rodríguez,tsunoda,TSU,22,Yuki Tsunoda,Red Bull,10,11,11,Finished,0.0,0,0
2025,20,Mexico City Grand Prix,2025-10-26,Mexico,Mexico City,Autódromo Hermanos Rodríguez,albon,ALB,23,Alexander Albon,Williams,17,12,12,Lapped,0.0,0,0
2025,20,Mexico City Grand Prix,2025-10-26,Mexico,Mexico City,Autódromo Hermanos Rodríguez,hadjar,HAD,6,Isack Hadjar,RB F1 Team,8,13,13,Lapped,0.0,0,0
2025,20,Mexico City Grand Prix,2025-10-26,Mexico,Mexico City,Autódromo Hermanos Rodríguez,stroll,STR,18,Lance Stroll,Aston Martin,19,14,14,Lapped,0.0,0,0
2025,20,Mexico City Grand Prix,2025-10-26,Mexico,Mexico City,Autódromo Hermanos Rodríguez,gasly,GAS,10,Pierre Gasly,Alpine F1 Team,18,15,15,Lapped,0.0,0,0
2025,20,Mexico City Grand Prix,2025-10-26,Mexico,Mexico City,Autódromo Hermanos Rodríguez,colapinto,COL,43,Franco Colapinto,Alpine F1 Team,20,16,16,Lapped,0.0,0,0
2025,20,Mexico City Grand Prix,2025-10-26,Mexico,Mexico City,Autódromo Hermanos Rodríguez,sainz,SAI,55,Carlos Sainz,Williams,12,17,17,Retired,0.0,0,0
2025,20,Mexico City Grand Prix,2025-10-26,Mexico,Mexico City,Autódromo Hermanos Rodríguez,alonso,ALO,14,Fernando Alonso,Aston Martin,14,18,R,Retired,0.0,0,0
2025,20,Mexico City Grand Prix,2025-10-26,Mexico,Mexico City,Autódromo Hermanos Rodríguez,hulkenberg,HUL,27,Nico Hülkenberg,Sauber,13,19,R,Retired,0.0,0,0
2025,20,Mexico City Grand Prix,2025-10-26,Mexico,Mexico City,Autódromo Hermanos Rodríguez,lawson,LAW,30,Liam Lawson,RB F1 Team,15,20,R,Retired,0.0,0,0
2025,21,São Paulo Grand Prix,2025-11-09,Brazil,São Paulo,Autódromo José Carlos Pace,norris,NOR,4,Lando Norris,McLaren,1,1,1,Finished,25.0,1,1
2025,21,São Paulo Grand Prix,2025-11-09,Brazil,São Paulo,Autódromo José Carlos Pace,antonelli,ANT,12,Andrea Kimi Antonelli,Mercedes,2,2,2,Finished,18.0,1,1
2025,21,São Paulo Grand Prix,2025-11-09,Brazil,São Paulo,Autódromo José Carlos Pace,max_verstappen,VER,1,Max Verstappen,Red Bull,19,3,3,Finished,15.0,1,1
2025,21,São Paulo Grand Prix,2025-11-09,Brazil,São Paulo,Autódromo José Carlos Pace,russell,RUS,63,George Russell,Mercedes,6,4,4,Finished,12.0,0,1
2025,21,São Paulo Grand Prix,2025-11-09,Brazil,São Paulo,Autódromo José Carlos Pace,piastri,PIA,81,Oscar Piastri,McLaren,4,5,5,Finished,10.0,0,1
2025,21,São Paulo Grand Prix,2025-11-09,Brazil,São Paulo,Autódromo José Carlos Pace,bearman,BEA,87,Oliver Bearman,Haas F1 Team,8,6,6,Finished,8.0,0,1
2025,21,São Paulo Grand Prix,2025-11-09,Brazil,São Paulo,Autódromo José Carlos Pace,lawson,LAW,30,Liam Lawson,RB F1 Team,7,7,7,Finished,6.0,0,1
2025,21,São Paulo Grand Prix,2025-11-09,Brazil,São Paulo,Autódromo José Carlos Pace,hadjar,HAD,6,Isack Hadjar,RB F1 Team,5,8,8,Finished,4.0,0,1
2025,21,São Paulo Grand Prix,2025-11-09,Brazil,São Paulo,Autódromo José Carlos Pace,hulkenberg,HUL,27,Nico Hülkenberg,Sauber,10,9,9,Finished,2.0,0,1
2025,21,São Paulo Grand Prix,2025-11-09,Brazil,São Paulo,Autódromo José Carlos Pace,gasly,GAS,10,Pierre Gasly,Alpine F1 Team,9,10,10,Finished,1.0,0,1
2025,21,São Paulo Grand Prix,2025-11-09,Brazil,São Paulo,Autódromo José Carlos Pace,albon,ALB,23,Alexander Albon,Williams,12,11,11,Finished,0.0,0,0
2025,21,São Paulo Grand Prix,2025-11-09,Brazil,São Paulo,Autódromo José Carlos Pace,ocon,OCO,31,Esteban Ocon,Haas F1 Team,20,12,12,Finished,0.0,0,0
2025,21,São Paulo Grand Prix,2025-11-09,Brazil,São Paulo,Autódromo José Carlos Pace,sainz,SAI,55,Carlos Sainz,Williams,15,13,13,Finished,0.0,0,0
2025,21,São Paulo Grand Prix,2025-11-09,Brazil,São Paulo,Autódromo José Carlos Pace,alonso,ALO,14,Fernando Alonso,Aston Martin,11,14,14,Finished,0.0,0,0
2025,21,São Paulo Grand Prix,2025-11-09,Brazil,São Paulo,Autódromo José Carlos Pace,colapinto,COL,43,Franco Colapinto,Alpine F1 Team,16,15,15,Finished,0.0,0,0
2025,21,São Paulo Grand Prix,2025-11-09,Brazil,São Paulo,Autódromo José Carlos Pace,stroll,STR,18,Lance Stroll,Aston Martin,14,16,16,Finished,0.0,0,0
2025,21,São Paulo Grand Prix,2025-11-09,Brazil,São Paulo,Autódromo José Carlos Pace,tsunoda,TSU,22,Yuki Tsunoda,Red Bull,17,17,17,Finished,0.0,0,0
2025,21,São Paulo Grand Prix,2025-11-09,Brazil,São Paulo,Autódromo José Carlos Pace,hamilton,HAM,44,Lewis Hamilton,Ferrari,13,18,R,Retired,0.0,0,0
2025,21,São Paulo Grand Prix,2025-11-09,Brazil,São Paulo,Autódromo José Carlos Pace,leclerc,LEC,16,Charles Leclerc,Ferrari,3,19,R,Retired,0.0,0,0
2025,21,São Paulo Grand Prix,2025-11-09,Brazil,São Paulo,Autódromo José Carlos Pace,bortoleto,BOR,5,Gabriel Bortoleto,Sauber,18,20,R,Retired,0.0,0,0
2025,22,Las Vegas Grand Prix,2025-11-23,USA,Las Vegas,Las Vegas Strip Street Circuit,max_verstappen,VER,1,Max Verstappen,Red Bull,2,1,1,Finished,25.0,1,1
2025,22,Las Vegas Grand Prix,2025-11-23,USA,Las Vegas,Las Vegas Strip Street Circuit,russell,RUS,63,George Russell,Mercedes,4,2,2,Finished,18.0,1,1
2025,22,Las Vegas Grand Prix,2025-11-23,USA,Las Vegas,Las Vegas Strip Street Circuit,antonelli,ANT,12,Andrea Kimi Antonelli,Mercedes,17,3,3,Finished,15.0,1,1
2025,22,Las Vegas Grand Prix,2025-11-23,USA,Las Vegas,Las Vegas Strip Street Circuit,leclerc,LEC,16,Charles Leclerc,Ferrari,9,4,4,Finished,12.0,0,1
2025,22,Las Vegas Grand Prix,2025-11-23,USA,Las Vegas,Las Vegas Strip Street Circuit,sainz,SAI,55,Carlos Sainz,Williams,3,5,5,Finished,10.0,0,1
2025,22,Las Vegas Grand Prix,2025-11-23,USA,Las Vegas,Las Vegas Strip Street Circuit,hadjar,HAD,6,Isack Hadjar,RB F1 Team,8,6,6,Finished,8.0,0,1
2025,22,Las Vegas Grand Prix,2025-11-23,USA,Las Vegas,Las Vegas Strip Street Circuit,hulkenberg,HUL,27,Nico Hülkenberg,Sauber,11,7,7,Finished,6.0,0,1
2025,22,Las Vegas Grand Prix,2025-11-23,USA,Las Vegas,Las Vegas Strip Street Circuit,hamilton,HAM,44,Lewis Hamilton,Ferrari,19,8,8,Finished,4.0,0,1
2025,22,Las Vegas Grand Prix,2025-11-23,USA,Las Vegas,Las Vegas Strip Street Circuit,ocon,OCO,31,Esteban Ocon,Haas F1 Team,13,9,9,Finished,2.0,0,1
2025,22,Las Vegas Grand Prix,2025-11-23,USA,Las Vegas,Las Vegas Strip Street Circuit,bearman,BEA,87,Oliver Bearman,Haas F1 Team,14,10,10,Finished,1.0,0,1
2025,22,Las Vegas Grand Prix,2025-11-23,USA,Las Vegas,Las Vegas Strip Street Circuit,alonso,ALO,14,Fernando Alonso,Aston Martin,7,11,11,Finished,0.0,0,0
2025,22,Las Vegas Grand Prix,2025-11-23,USA,Las Vegas,Las Vegas Strip Street Circuit,tsunoda,TSU,22,Yuki Tsunoda,Red Bull,20,12,12,Finished,0.0,0,0
2025,22,Las Vegas Grand Prix,2025-11-23,USA,Las Vegas,Las Vegas Strip Street Circuit,gasly,GAS,10,Pierre Gasly,Alpine F1 Team,10,13,13,Finished,0.0,0,0
2025,22,Las Vegas Grand Prix,2025-11-23,USA,Las Vegas,Las Vegas Strip Street Circuit,lawson,LAW,30,Liam Lawson,RB F1 Team,6,14,14,Lapped,0.0,0,0
2025,22,Las Vegas Grand Prix,2025-11-23,USA,Las Vegas,Las Vegas Strip Street Circuit,colapinto,COL,43,Franco Colapinto,Alpine F1 Team,15,15,15,Lapped,0.0,0,0
2025,22,Las Vegas Grand Prix,2025-11-23,USA,Las Vegas,Las Vegas Strip Street Circuit,albon,ALB,23,Alexander Albon,Williams,16,16,R,Retired,0.0,0,0
2025,22,Las Vegas Grand Prix,2025-11-23,USA,Las Vegas,Las Vegas Strip Street Circuit,bortoleto,BOR,5,Gabriel Bortoleto,Sauber,18,17,R,Retired,0.0,0,0
2025,22,Las Vegas Grand Prix,2025-11-23,USA,Las Vegas,Las Vegas Strip Street Circuit,stroll,STR,18,Lance Stroll,Aston Martin,12,18,R,Retired,0.0,0,0
2025,22,Las Vegas Grand Prix,2025-11-23,USA,Las Vegas,Las Vegas Strip Street Circuit,norris,NOR,4,Lando Norris,McLaren,1,19,D,Disqualified,0.0,0,0
2025,22,Las Vegas Grand Prix,2025-11-23,USA,Las Vegas,Las Vegas Strip Street Circuit,piastri,PIA,81,Oscar Piastri,McLaren,5,20,D,Disqualified,0.0,0,0
2025,23,Qatar Grand Prix,2025-11-30,Qatar,Lusail,Losail International Circuit,max_verstappen,VER,1,Max Verstappen,Red Bull,3,1,1,Finished,25.0,1,1
2025,23,Qatar Grand Prix,2025-11-30,Qatar,Lusail,Losail International Circuit,piastri,PIA,81,Oscar Piastri,McLaren,1,2,2,Finished,18.0,1,1
2025,23,Qatar Grand Prix,2025-11-30,Qatar,Lusail,Losail International Circuit,sainz,SAI,55,Carlos Sainz,Williams,7,3,3,Finished,15.0,1,1
2025,23,Qatar Grand Prix,2025-11-30,Qatar,Lusail,Losail International Circuit,norris,NOR,4,Lando Norris,McLaren,2,4,4,Finished,12.0,0,1
2025,23,Qatar Grand Prix,2025-11-30,Qatar,Lusail,Losail International Circuit,antonelli,ANT,12,Andrea Kimi Antonelli,Mercedes,5,5,5,Finished,10.0,0,1
2025,23,Qatar Grand Prix,2025-11-30,Qatar,Lusail,Losail International Circuit,russell,RUS,63,George Russell,Mercedes,4,6,6,Finished,8.0,0,1
2025,23,Qatar Grand Prix,2025-11-30,Qatar,Lusail,Losail International Circuit,alonso,ALO,14,Fernando Alonso,Aston Martin,8,7,7,Finished,6.0,0,1
2025,23,Qatar Grand Prix,2025-11-30,Qatar,Lusail,Losail International Circuit,leclerc,LEC,16,Charles Leclerc,Ferrari,10,8,8,Finished,4.0,0,1
2025,23,Qatar Grand Prix,2025-11-30,Qatar,Lusail,Losail International Circuit,lawson,LAW,30,Liam Lawson,RB F1 Team,12,9,9,Finished,2.0,0,1
2025,23,Qatar Grand Prix,2025-11-30,Qatar,Lusail,Losail International Circuit,tsunoda,TSU,22,Yuki Tsunoda,Red Bull,15,10,10,Finished,1.0,0,1
2025,23,Qatar Grand Prix,2025-11-30,Qatar,Lusail,Losail International Circuit,albon,ALB,23,Alexander Albon,Williams,14,11,11,Finished,0.0,0,0
2025,23,Qatar Grand Prix,2025-11-30,Qatar,Lusail,Losail International Circuit,hamilton,HAM,44,Lewis Hamilton,Ferrari,17,12,12,Finished,0.0,0,0
2025,23,Qatar Grand Prix,2025-11-30,Qatar,Lusail,Losail International Circuit,bortoleto,BOR,5,Gabriel Bortoleto,Sauber,19,13,13,Finished,0.0,0,0
2025,23,Qatar Grand Prix,2025-11-30,Qatar,Lusail,Losail International Circuit,colapinto,COL,43,Franco Colapinto,Alpine F1 Team,20,14,14,Lapped,0.0,0,0
2025,23,Qatar Grand Prix,2025-11-30,Qatar,Lusail,Losail International Circuit,ocon,OCO,31,Esteban Ocon,Haas F1 Team,16,15,15,Lapped,0.0,0,0
2025,23,Qatar Grand Prix,2025-11-30,Qatar,Lusail,Losail International Circuit,gasly,GAS,10,Pierre Gasly,Alpine F1 Team,9,16,16,Lapped,0.0,0,0
2025,23,Qatar Grand Prix,2025-11-30,Qatar,Lusail,Losail International Circuit,stroll,STR,18,Lance Stroll,Aston Martin,18,17,17,Retired,0.0,0,0
2025,23,Qatar Grand Prix,2025-11-30,Qatar,Lusail,Losail International Circuit,hadjar,HAD,6,Isack Hadjar,RB F1 Team,6,18,18,Retired,0.0,0,0
2025,23,Qatar Grand Prix,2025-11-30,Qatar,Lusail,Losail International Circuit,bearman,BEA,87,Oliver Bearman,Haas F1 Team,13,19,R,Retired,0.0,0,0
2025,23,Qatar Grand Prix,2025-11-30,Qatar,Lusail,Losail International Circuit,hulkenberg,HUL,27,Nico Hülkenberg,Sauber,11,20,R,Retired,0.0,0,0
2025,24,Abu Dhabi Grand Prix,2025-12-07,UAE,Abu Dhabi,Yas Marina Circuit,max_verstappen,VER,1,Max Verstappen,Red Bull,1,1,1,Finished,25.0,1,1
2025,24,Abu Dhabi Grand Prix,2025-12-07,UAE,Abu Dhabi,Yas Marina Circuit,piastri,PIA,81,Oscar Piastri,McLaren,3,2,2,Finished,18.0,1,1
2025,24,Abu Dhabi Grand Prix,2025-12-07,UAE,Abu Dhabi,Yas Marina Circuit,norris,NOR,4,Lando Norris,McLaren,2,3,3,Finished,15.0,1,1
2025,24,Abu Dhabi Grand Prix,2025-12-07,UAE,Abu Dhabi,Yas Marina Circuit,leclerc,LEC,16,Charles Leclerc,Ferrari,5,4,4,Finished,12.0,0,1
2025,24,Abu Dhabi Grand Prix,2025-12-07,UAE,Abu Dhabi,Yas Marina Circuit,russell,RUS,63,George Russell,Mercedes,4,5,5,Finished,10.0,0,1
2025,24,Abu Dhabi Grand Prix,2025-12-07,UAE,Abu Dhabi,Yas Marina Circuit,alonso,ALO,14,Fernando Alonso,Aston Martin,6,6,6,Finished,8.0,0,1
2025,24,Abu Dhabi Grand Prix,2025-12-07,UAE,Abu Dhabi,Yas Marina Circuit,ocon,OCO,31,Esteban Ocon,Haas F1 Team,8,7,7,Finished,6.0,0,1
2025,24,Abu Dhabi Grand Prix,2025-12-07,UAE,Abu Dhabi,Yas Marina Circuit,hamilton,HAM,44,Lewis Hamilton,Ferrari,16,8,8,Finished,4.0,0,1
2025,24,Abu Dhabi Grand Prix,2025-12-07,UAE,Abu Dhabi,Yas Marina Circuit,hulkenberg,HUL,27,Nico Hülkenberg,Sauber,18,9,9,Finished,2.0,0,1
2025,24,Abu Dhabi Grand Prix,2025-12-07,UAE,Abu Dhabi,Yas Marina Circuit,stroll,STR,18,Lance Stroll,Aston Martin,15,10,10,Finished,1.0,0,1
2025,24,Abu Dhabi Grand Prix,2025-12-07,UAE,Abu Dhabi,Yas Marina Circuit,bortoleto,BOR,5,Gabriel Bortoleto,Sauber,7,11,11,Finished,0.0,0,0
2025,24,Abu Dhabi Grand Prix,2025-12-07,UAE,Abu Dhabi,Yas Marina Circuit,bearman,BEA,87,Oliver Bearman,Haas F1 Team,11,12,12,Finished,0.0,0,0
2025,24,Abu Dhabi Grand Prix,2025-12-07,UAE,Abu Dhabi,Yas Marina Circuit,sainz,SAI,55,Carlos Sainz,Williams,12,13,13,Finished,0.0,0,0
2025,24,Abu Dhabi Grand Prix,2025-12-07,UAE,Abu Dhabi,Yas Marina Circuit,tsunoda,TSU,22,Yuki Tsunoda,Red Bull,10,14,14,Finished,0.0,0,0
2025,24,Abu Dhabi Grand Prix,2025-12-07,UAE,Abu Dhabi,Yas Marina Circuit,antonelli,ANT,12,Andrea Kimi Antonelli,Mercedes,14,15,15,Finished,0.0,0,0
2025,24,Abu Dhabi Grand Prix,2025-12-07,UAE,Abu Dhabi,Yas Marina Circuit,albon,ALB,23,Alexander Albon,Williams,17,16,16,Finished,0.0,0,0
2025,24,Abu Dhabi Grand Prix,2025-12-07,UAE,Abu Dhabi,Yas Marina Circuit,hadjar,HAD,6,Isack Hadjar,RB F1 Team,9,17,17,Lapped,0.0,0,0
2025,24,Abu Dhabi Grand Prix,2025-12-07,UAE,Abu Dhabi,Yas Marina Circuit,lawson,LAW,30,Liam Lawson,RB F1 Team,13,18,18,Lapped,0.0,0,0
2025,24,Abu Dhabi Grand Prix,2025-12-07,UAE,Abu Dhabi,Yas Marina Circuit,gasly,GAS,10,Pierre Gasly,Alpine F1 Team,19,19,19,Lapped,0.0,0,0
2025,24,Abu Dhabi Grand Prix,2025-12-07,UAE,Abu Dhabi,Yas Marina Circuit,colapinto,COL,43,Franco Colapinto,Alpine F1 Team,20,20,20,Lapped,0.0,0,0
